/*
Navicat MySQL Data Transfer

Source Server         : detox
Source Server Version : 50642
Source Host           : localhost:3306
Source Database       : ry2

Target Server Type    : MYSQL
Target Server Version : 50642
File Encoding         : 65001

Date: 2020-03-22 16:57:26
*/

SET FOREIGN_KEY_CHECKS=0;

-- ----------------------------
-- Table structure for act_evt_log
-- ----------------------------
DROP TABLE IF EXISTS `act_evt_log`;
CREATE TABLE `act_evt_log` (
  `LOG_NR_` bigint(20) NOT NULL AUTO_INCREMENT,
  `TYPE_` varchar(64) COLLATE utf8_bin DEFAULT NULL,
  `PROC_DEF_ID_` varchar(64) COLLATE utf8_bin DEFAULT NULL,
  `PROC_INST_ID_` varchar(64) COLLATE utf8_bin DEFAULT NULL,
  `EXECUTION_ID_` varchar(64) COLLATE utf8_bin DEFAULT NULL,
  `TASK_ID_` varchar(64) COLLATE utf8_bin DEFAULT NULL,
  `TIME_STAMP_` timestamp(3) NOT NULL DEFAULT CURRENT_TIMESTAMP(3) ON UPDATE CURRENT_TIMESTAMP(3),
  `USER_ID_` varchar(255) COLLATE utf8_bin DEFAULT NULL,
  `DATA_` longblob,
  `LOCK_OWNER_` varchar(255) COLLATE utf8_bin DEFAULT NULL,
  `LOCK_TIME_` timestamp(3) NULL DEFAULT NULL,
  `IS_PROCESSED_` tinyint(4) DEFAULT '0',
  PRIMARY KEY (`LOG_NR_`)
) ENGINE=InnoDB DEFAULT CHARSET=utf8 COLLATE=utf8_bin;

-- ----------------------------
-- Records of act_evt_log
-- ----------------------------

-- ----------------------------
-- Table structure for act_ge_bytearray
-- ----------------------------
DROP TABLE IF EXISTS `act_ge_bytearray`;
CREATE TABLE `act_ge_bytearray` (
  `ID_` varchar(64) COLLATE utf8_bin NOT NULL DEFAULT '',
  `REV_` int(11) DEFAULT NULL,
  `NAME_` varchar(255) COLLATE utf8_bin DEFAULT NULL,
  `DEPLOYMENT_ID_` varchar(64) COLLATE utf8_bin DEFAULT NULL,
  `BYTES_` longblob,
  `GENERATED_` tinyint(4) DEFAULT NULL,
  PRIMARY KEY (`ID_`),
  KEY `ACT_FK_BYTEARR_DEPL` (`DEPLOYMENT_ID_`),
  CONSTRAINT `ACT_FK_BYTEARR_DEPL` FOREIGN KEY (`DEPLOYMENT_ID_`) REFERENCES `act_re_deployment` (`ID_`)
) ENGINE=InnoDB DEFAULT CHARSET=utf8 COLLATE=utf8_bin;

-- ----------------------------
-- Records of act_ge_bytearray
-- ----------------------------
INSERT INTO `act_ge_bytearray` VALUES ('17502', '1', '请假流程.bpmn20.xml', '17501', 0x3C3F786D6C2076657273696F6E3D22312E302220656E636F64696E673D225554462D38223F3E0A3C646566696E6974696F6E7320786D6C6E733D22687474703A2F2F7777772E6F6D672E6F72672F737065632F42504D4E2F32303130303532342F4D4F44454C2220786D6C6E733A7873693D22687474703A2F2F7777772E77332E6F72672F323030312F584D4C536368656D612D696E7374616E63652220786D6C6E733A7873643D22687474703A2F2F7777772E77332E6F72672F323030312F584D4C536368656D612220786D6C6E733A61637469766974693D22687474703A2F2F61637469766974692E6F72672F62706D6E2220786D6C6E733A62706D6E64693D22687474703A2F2F7777772E6F6D672E6F72672F737065632F42504D4E2F32303130303532342F44492220786D6C6E733A6F6D6764633D22687474703A2F2F7777772E6F6D672E6F72672F737065632F44442F32303130303532342F44432220786D6C6E733A6F6D6764693D22687474703A2F2F7777772E6F6D672E6F72672F737065632F44442F32303130303532342F44492220747970654C616E67756167653D22687474703A2F2F7777772E77332E6F72672F323030312F584D4C536368656D61222065787072657373696F6E4C616E67756167653D22687474703A2F2F7777772E77332E6F72672F313939392F585061746822207461726765744E616D6573706163653D22687474703A2F2F7777772E61637469766974692E6F72672F70726F63657373646566223E0A20203C70726F636573732069643D22514A4C4322206E616D653D22E8AFB7E58187E6B581E7A88B2220697345786563757461626C653D2274727565223E0A202020203C73746172744576656E742069643D227374617274223E3C2F73746172744576656E743E0A202020203C757365725461736B2069643D2273746172745461736B22206E616D653D22E59198E5B7A5E68F90E587BA223E0A2020202020203C657874656E73696F6E456C656D656E74733E0A20202020202020203C61637469766974693A7461736B4C697374656E6572206576656E743D226372656174652220636C6173733D22636F6D2E72756F79692E70726F636573732E4C696E7374656E65722E41637469766974695461736B436F6D706C6574654C697374656E6572223E3C2F61637469766974693A7461736B4C697374656E65723E0A2020202020203C2F657874656E73696F6E456C656D656E74733E0A202020203C2F757365725461736B3E0A202020203C73657175656E6365466C6F772069643D227369642D34443133453941452D323542462D343334432D383335332D3743333730364645424236422220736F757263655265663D22737461727422207461726765745265663D2273746172745461736B223E3C2F73657175656E6365466C6F773E0A202020203C757365725461736B2069643D225253534822206E616D653D22E4BABAE4BA8BE5AEA1E6A0B8223E0A2020202020203C657874656E73696F6E456C656D656E74733E0A20202020202020203C61637469766974693A7461736B4C697374656E6572206576656E743D226372656174652220636C6173733D22636F6D2E72756F79692E70726F636573732E4C696E7374656E65722E41637469766974695461736B436F6D706C6574654C697374656E6572223E3C2F61637469766974693A7461736B4C697374656E65723E0A2020202020203C2F657874656E73696F6E456C656D656E74733E0A202020203C2F757365725461736B3E0A202020203C73657175656E6365466C6F772069643D227369642D33384632393731352D453741332D343342332D413938422D3044313945444244423130322220736F757263655265663D2273746172745461736B22207461726765745265663D2252535348223E3C2F73657175656E6365466C6F773E0A202020203C6578636C7573697665476174657761792069643D2272735767223E3C2F6578636C7573697665476174657761793E0A202020203C757365725461736B2069643D22656E645461736B22206E616D653D22E88081E69DBFE5AEA1E6A0B8223E0A2020202020203C657874656E73696F6E456C656D656E74733E0A20202020202020203C61637469766974693A7461736B4C697374656E6572206576656E743D226372656174652220636C6173733D22636F6D2E72756F79692E70726F636573732E4C696E7374656E65722E41637469766974695461736B436F6D706C6574654C697374656E6572223E3C2F61637469766974693A7461736B4C697374656E65723E0A2020202020203C2F657874656E73696F6E456C656D656E74733E0A202020203C2F757365725461736B3E0A202020203C6578636C7573697665476174657761792069643D227369642D31313237424244322D374330322D343835342D383533352D353046334333323432363141223E3C2F6578636C7573697665476174657761793E0A202020203C656E644576656E742069643D227369642D35453036334242352D313131352D343230422D413641362D344638413634374339463433223E3C2F656E644576656E743E0A202020203C73657175656E6365466C6F772069643D227369642D43323039453038462D463441392D344336422D384646432D44314439364245384538413722206E616D653D22E5AEA1E689B92220736F757263655265663D225253534822207461726765745265663D2272735767223E3C2F73657175656E6365466C6F773E0A202020203C73657175656E6365466C6F772069643D227369642D39454338463738352D323133412D344539382D393634392D44454142384443344445383922206E616D653D22E9A9B3E59B9E2220736F757263655265663D227273576722207461726765745265663D2273746172745461736B223E0A2020202020203C636F6E646974696F6E45787072657373696F6E207873693A747970653D2274466F726D616C45787072657373696F6E223E3C215B43444154415B247B706173733D3D307D5D5D3E3C2F636F6E646974696F6E45787072657373696F6E3E0A202020203C2F73657175656E6365466C6F773E0A202020203C73657175656E6365466C6F772069643D227369642D31333343323730442D433630312D344336422D384344352D32343641363644393733363122206E616D653D22E9809AE8BF872220736F757263655265663D227273576722207461726765745265663D22656E645461736B223E0A2020202020203C636F6E646974696F6E45787072657373696F6E207873693A747970653D2274466F726D616C45787072657373696F6E223E3C215B43444154415B247B706173733D3D317D5D5D3E3C2F636F6E646974696F6E45787072657373696F6E3E0A202020203C2F73657175656E6365466C6F773E0A202020203C73657175656E6365466C6F772069643D227369642D32304543324430452D373843442D344435312D394245382D30463534383539373841423722206E616D653D22E5AEA1E6A0B82220736F757263655265663D22656E645461736B22207461726765745265663D227369642D31313237424244322D374330322D343835342D383533352D353046334333323432363141223E3C2F73657175656E6365466C6F773E0A202020203C73657175656E6365466C6F772069643D227369642D42314336443843352D323845372D344533362D424339302D41463746373435424342373622206E616D653D22E9A9B3E59B9E2220736F757263655265663D227369642D31313237424244322D374330322D343835342D383533352D35304633433332343236314122207461726765745265663D2252535348223E0A2020202020203C636F6E646974696F6E45787072657373696F6E207873693A747970653D2274466F726D616C45787072657373696F6E223E3C215B43444154415B247B706173733D3D307D5D5D3E3C2F636F6E646974696F6E45787072657373696F6E3E0A202020203C2F73657175656E6365466C6F773E0A202020203C73657175656E6365466C6F772069643D227369642D34324234463843322D374231332D344332332D413339412D43354634443146433433414422206E616D653D22E7BB93E69D9F2220736F757263655265663D227369642D31313237424244322D374330322D343835342D383533352D35304633433332343236314122207461726765745265663D227369642D35453036334242352D313131352D343230422D413641362D344638413634374339463433223E0A2020202020203C636F6E646974696F6E45787072657373696F6E207873693A747970653D2274466F726D616C45787072657373696F6E223E3C215B43444154415B247B706173733D3D317D5D5D3E3C2F636F6E646974696F6E45787072657373696F6E3E0A202020203C2F73657175656E6365466C6F773E0A20203C2F70726F636573733E0A20203C62706D6E64693A42504D4E4469616772616D2069643D2242504D4E4469616772616D5F514A4C43223E0A202020203C62706D6E64693A42504D4E506C616E652062706D6E456C656D656E743D22514A4C43222069643D2242504D4E506C616E655F514A4C43223E0A2020202020203C62706D6E64693A42504D4E53686170652062706D6E456C656D656E743D227374617274222069643D2242504D4E53686170655F7374617274223E0A20202020202020203C6F6D6764633A426F756E6473206865696768743D2233302E30222077696474683D2233302E302220783D223135322E302220793D2239332E30223E3C2F6F6D6764633A426F756E64733E0A2020202020203C2F62706D6E64693A42504D4E53686170653E0A2020202020203C62706D6E64693A42504D4E53686170652062706D6E456C656D656E743D2273746172745461736B222069643D2242504D4E53686170655F73746172745461736B223E0A20202020202020203C6F6D6764633A426F756E6473206865696768743D2238302E30222077696474683D223130302E302220783D223232372E302220793D2236382E30223E3C2F6F6D6764633A426F756E64733E0A2020202020203C2F62706D6E64693A42504D4E53686170653E0A2020202020203C62706D6E64693A42504D4E53686170652062706D6E456C656D656E743D2252535348222069643D2242504D4E53686170655F52535348223E0A20202020202020203C6F6D6764633A426F756E6473206865696768743D2238302E30222077696474683D223130302E302220783D223337322E302220793D2236382E30223E3C2F6F6D6764633A426F756E64733E0A2020202020203C2F62706D6E64693A42504D4E53686170653E0A2020202020203C62706D6E64693A42504D4E53686170652062706D6E456C656D656E743D2272735767222069643D2242504D4E53686170655F72735767223E0A20202020202020203C6F6D6764633A426F756E6473206865696768743D2234302E30222077696474683D2234302E302220783D223531372E302220793D2238382E30223E3C2F6F6D6764633A426F756E64733E0A2020202020203C2F62706D6E64693A42504D4E53686170653E0A2020202020203C62706D6E64693A42504D4E53686170652062706D6E456C656D656E743D22656E645461736B222069643D2242504D4E53686170655F656E645461736B223E0A20202020202020203C6F6D6764633A426F756E6473206865696768743D2238302E30222077696474683D223130302E302220783D223630322E302220793D2236382E30223E3C2F6F6D6764633A426F756E64733E0A2020202020203C2F62706D6E64693A42504D4E53686170653E0A2020202020203C62706D6E64693A42504D4E53686170652062706D6E456C656D656E743D227369642D31313237424244322D374330322D343835342D383533352D353046334333323432363141222069643D2242504D4E53686170655F7369642D31313237424244322D374330322D343835342D383533352D353046334333323432363141223E0A20202020202020203C6F6D6764633A426F756E6473206865696768743D2234302E30222077696474683D2234302E302220783D223734372E302220793D2238382E30223E3C2F6F6D6764633A426F756E64733E0A2020202020203C2F62706D6E64693A42504D4E53686170653E0A2020202020203C62706D6E64693A42504D4E53686170652062706D6E456C656D656E743D227369642D35453036334242352D313131352D343230422D413641362D344638413634374339463433222069643D2242504D4E53686170655F7369642D35453036334242352D313131352D343230422D413641362D344638413634374339463433223E0A20202020202020203C6F6D6764633A426F756E6473206865696768743D2232382E30222077696474683D2232382E302220783D223833322E302220793D2239342E30223E3C2F6F6D6764633A426F756E64733E0A2020202020203C2F62706D6E64693A42504D4E53686170653E0A2020202020203C62706D6E64693A42504D4E456467652062706D6E456C656D656E743D227369642D34324234463843322D374231332D344332332D413339412D433546344431464334334144222069643D2242504D4E456467655F7369642D34324234463843322D374231332D344332332D413339412D433546344431464334334144223E0A20202020202020203C6F6D6764693A776179706F696E7420783D223738362E363231373934383731373934392220793D223130382E3337383230353132383230353132223E3C2F6F6D6764693A776179706F696E743E0A20202020202020203C6F6D6764693A776179706F696E7420783D223833322E303030323833393738353339342220793D223130382E3038393137303136353734313739223E3C2F6F6D6764693A776179706F696E743E0A2020202020203C2F62706D6E64693A42504D4E456467653E0A2020202020203C62706D6E64693A42504D4E456467652062706D6E456C656D656E743D227369642D31333343323730442D433630312D344336422D384344352D323436413636443937333631222069643D2242504D4E456467655F7369642D31333343323730442D433630312D344336422D384344352D323436413636443937333631223E0A20202020202020203C6F6D6764693A776179706F696E7420783D223535362E353833333333333333333333342220793D223130382E3431363636363636363636363637223E3C2F6F6D6764693A776179706F696E743E0A20202020202020203C6F6D6764693A776179706F696E7420783D223630322E302220793D223130382E3231383334303631313335333731223E3C2F6F6D6764693A776179706F696E743E0A2020202020203C2F62706D6E64693A42504D4E456467653E0A2020202020203C62706D6E64693A42504D4E456467652062706D6E456C656D656E743D227369642D42314336443843352D323845372D344533362D424339302D414637463734354243423736222069643D2242504D4E456467655F7369642D42314336443843352D323845372D344533362D424339302D414637463734354243423736223E0A20202020202020203C6F6D6764693A776179706F696E7420783D223736372E352220793D2238382E35223E3C2F6F6D6764693A776179706F696E743E0A20202020202020203C6F6D6764693A776179706F696E7420783D223736372E352220793D2233352E333533353338323032323030373234223E3C2F6F6D6764693A776179706F696E743E0A20202020202020203C6F6D6764693A776179706F696E7420783D223432322E302220793D2233352E333533353338323032323030373234223E3C2F6F6D6764693A776179706F696E743E0A20202020202020203C6F6D6764693A776179706F696E7420783D223432322E302220793D2236382E30223E3C2F6F6D6764693A776179706F696E743E0A2020202020203C2F62706D6E64693A42504D4E456467653E0A2020202020203C62706D6E64693A42504D4E456467652062706D6E456C656D656E743D227369642D43323039453038462D463441392D344336422D384646432D443144393642453845384137222069643D2242504D4E456467655F7369642D43323039453038462D463441392D344336422D384646432D443144393642453845384137223E0A20202020202020203C6F6D6764693A776179706F696E7420783D223437322E302220793D223130382E3231363435303231363435303231223E3C2F6F6D6764693A776179706F696E743E0A20202020202020203C6F6D6764693A776179706F696E7420783D223531372E343133303433343738323630392220793D223130382E3431333034333437383236303837223E3C2F6F6D6764693A776179706F696E743E0A2020202020203C2F62706D6E64693A42504D4E456467653E0A2020202020203C62706D6E64693A42504D4E456467652062706D6E456C656D656E743D227369642D32304543324430452D373843442D344435312D394245382D304635343835393738414237222069643D2242504D4E456467655F7369642D32304543324430452D373843442D344435312D394245382D304635343835393738414237223E0A20202020202020203C6F6D6764693A776179706F696E7420783D223730322E302220793D223130382E3231363435303231363435303231223E3C2F6F6D6764693A776179706F696E743E0A20202020202020203C6F6D6764693A776179706F696E7420783D223734372E343133303433343738323630392220793D223130382E3431333034333437383236303837223E3C2F6F6D6764693A776179706F696E743E0A2020202020203C2F62706D6E64693A42504D4E456467653E0A2020202020203C62706D6E64693A42504D4E456467652062706D6E456C656D656E743D227369642D33384632393731352D453741332D343342332D413938422D304431394544424442313032222069643D2242504D4E456467655F7369642D33384632393731352D453741332D343342332D413938422D304431394544424442313032223E0A20202020202020203C6F6D6764693A776179706F696E7420783D223332372E302220793D223130382E30223E3C2F6F6D6764693A776179706F696E743E0A20202020202020203C6F6D6764693A776179706F696E7420783D223337322E302220793D223130382E30223E3C2F6F6D6764693A776179706F696E743E0A2020202020203C2F62706D6E64693A42504D4E456467653E0A2020202020203C62706D6E64693A42504D4E456467652062706D6E456C656D656E743D227369642D34443133453941452D323542462D343334432D383335332D374333373036464542423642222069643D2242504D4E456467655F7369642D34443133453941452D323542462D343334432D383335332D374333373036464542423642223E0A20202020202020203C6F6D6764693A776179706F696E7420783D223138322E302220793D223130382E30223E3C2F6F6D6764693A776179706F696E743E0A20202020202020203C6F6D6764693A776179706F696E7420783D223232372E302220793D223130382E30223E3C2F6F6D6764693A776179706F696E743E0A2020202020203C2F62706D6E64693A42504D4E456467653E0A2020202020203C62706D6E64693A42504D4E456467652062706D6E456C656D656E743D227369642D39454338463738352D323133412D344539382D393634392D444541423844433444453839222069643D2242504D4E456467655F7369642D39454338463738352D323133412D344539382D393634392D444541423844433444453839223E0A20202020202020203C6F6D6764693A776179706F696E7420783D223533372E352220793D2238382E35223E3C2F6F6D6764693A776179706F696E743E0A20202020202020203C6F6D6764693A776179706F696E7420783D223533372E352220793D2232332E3633363336323735333632333732223E3C2F6F6D6764693A776179706F696E743E0A20202020202020203C6F6D6764693A776179706F696E7420783D223237372E302220793D2232332E3633363336323735333632333732223E3C2F6F6D6764693A776179706F696E743E0A20202020202020203C6F6D6764693A776179706F696E7420783D223237372E302220793D2236382E30223E3C2F6F6D6764693A776179706F696E743E0A2020202020203C2F62706D6E64693A42504D4E456467653E0A202020203C2F62706D6E64693A42504D4E506C616E653E0A20203C2F62706D6E64693A42504D4E4469616772616D3E0A3C2F646566696E6974696F6E733E, '0');
INSERT INTO `act_ge_bytearray` VALUES ('17503', '1', '请假流程.QJLC.png', '17501', 0x89504E470D0A1A0A0000000D49484452000003660000009E080600000059FC191700001D8149444154785EEDDD09B01C75B5C7F188B8954F45452DB5D42AB772DF507147C42AD72A3748B889D1A488854812010B224B8AE44559DCF52188284BB442D44231082640128524A0E0021820C4242044B29A208104C9BDFDFAD7DEBED5F9CFCCED9E999E3BE7747F3F55A76EEECC7F7A2677CEE9FFE9657AC68D030000000000000000000000000000000000000000000000000000000000000000000000000000000000000000000000000000000000000000000000000000000000000000000000000000000000000000000000000000000000000000000000000000000000000000000000000000000000000000006C3BF2C8232382208834C27504000000C6008D188014EB030000803EA1110390627D000000D02734620052AC0F000000FA84460C408AF5010000409FD0880148B13E000000E8131A310029D6070000007D42230620C5FA000000A04F68C400A4581F000000F4098D188014EB030000803EA1110390627D000000D02734620052AC0F000000FA84460CDD520E11044110BD8B70BD0B00A82056F8E81639541DBC97803DD42500D4042B7C748B1CAA0EDE4BC01EEA12006A82153EBA450E5507EF25600F75090035C10A1FDD2287AA83F712B087BA04809A60858F6E9143D5C17B09D8435D02404DB0C247B7C8A1EAE0BD04ECA12E01A02658E1A35BE45075F05E02F65097005013ACF0D12D72A83A782F017BA84B00A80956F8E81639541DBC97803DD42500D4042B7C748B1CAA0EDE4BC01EEA12006A82153EBA450E5507EF25600F75090035C10A1FDD2287AA83F712B087BA04809A60858F6E9143D5C17B09D8435D02404DB0C247B7C8A1EAE0BD04ECA12E01A02658E1A35BE45075F05E02F65097005013ACF0D12D72A83A782F017BA84B00A80956F8E81639541DBC97803DD42500D4042B7C748B1CAA0EDE4BC01EEA12006A82153EBA450E5507EF25600F75090035C10A1FDD2287AA83F712B087BA04809A60858F6E9143D5C17B09D8435D02404DB0C247B7C8A1EAE0BD04ECA12E01A0820606067668053F5A684CF83820450E559BDEBFF03600FD455D024005C50DF37161131D86C6848F0352E450B5E9FD0B6F03D05FD4250054D468473C38D28122C8A1EAA20104ECA12E01A0A2463BE2C1910E14410E55170D20600F75090015D6EC8807473AD00E72A89A6800017BA84B00A8B066473C38D281769043D5440308D8435D0240C5658F7870A4039D2087AA870610B087BA04808ACB1EF1E048073A410E550F0D20600F75090035901EF1086F078A2287AA85F712B087BA04801A488F7884B703459143D5C27B09D8435D02408E288AFE67FDFAF5F7DE70C30DD1D2A54BA36BAEB9C66568851FDEE625F477BFFEFAEB07972D5B7646F8FE78400EF53FBCE750D96800AB53979E83BADC177509003934715F77DD75D1E6CD9BA3DDBB77478F3CF20831C6A1BFBBFEFECB972F1F8A27F339E17B641D39D4FFF09E4365A301A42E2D0475B92FEA120072686FAA268E704221C63E366DDAA4C97B57F81E59470ED909AF3954361A40EAD2525097FF455D02400E9D6AC1DE541BA1F741A7BF84EF9175E4909DF09A4365A301A42E2D0575F95FD42500E4D064114E2244FFC2E3E44D0ED90A8F3954361A40EAD25A5097D42500E42A3A79EFDA797FB4FEA68BA2D5D7FE6F12FAB76E0BC711DD85C7C99B1CB2151E73A86C3480D4A5B5A02EA94B00C85564F27E70C7C6E86F4B6647B75C79E23EA1DB745F389EE83C3C4EDEE490ADF0984365A301A42EAD0575495D0240AE2293F7BDAB17354CDC69DCB7FA8A86F144E7E171F226876C85C71C2A1B0D2075692DA84BEA1200721599BCEF587E76C3A49D86EE0BC7139D87C7C99B1CB2151E73A86C3480D4A5B5A02EA94B00C85564F2FEDB35731A26ED34745F389EE83C3C4EDEE490ADF0984365A301A42EAD0575495D02402E266F5BE171F226876C85C71C2A1B0D2075692DA84BEA1200721599BC75A5AE70D24E43F785E389CEC3E3E44D0ED90A8F3954361A40EAD25A5097D42500E42A3279AF5D794EC3A49D86EE0BC7139D87C7C99B1CB2151E73A86C3480D4A5B5A02EA94B00C85564F2DEBEF1D6E86F579FDE3071EB36DD178E273A0F8F933739642B3CE650D96800A94B6B415D52970090ABC8E4ADD870F3FC86C95BB785E388EEC2E3E44D0ED90A8F3954361A40EAD25A5097D42500E42A3479EFD913AD5D755EC3E4ADDB745FC378A2E3F038799343B6C2630E958D0690BAB416D425750900B9F226EF07776C8CEE5AF97F0D13771ABA4F63C2C7119D85C7C99B1CB2151E73A86C3480D4A5B5A02EA94B00C8D572F2DEB327BA7FEDB2E8B6C5A7344CD861688CC6B287B5FBF038799343B6C2630E958D0690BAB416D425750900B99A4DDE797B525B057B58BB0F8F933739642B3CE650D96800A94B6B415D52970090ABD9E45D644F6AABD063C3E511C5C3E3E44D0ED90A8F3954361A40EAD25A5097D42500E46A3679871372BB112E8F281E1E276F72C85678CCA192CD1C6E00678677D40975692BA84BEA120072359BBC89FE85C7C99B1CB2151E73A8446AFA06E3B862F8676D9B40EAD2565097D42500E462F2B6151E276F72C85678CCA192A4CD5FDAF485BFD70A75692BA84BEA1200723179DB0A8F933739642B3CE650095A357BAD6EAF3CEAD2565097856E07807A63F2B6151E276F72C85678CCA12EE5357979F7571275692BA8CB0679F703A893288AF65FB972E5D9F3E7CFDF3667CE9CC159B36645C71C734CA40FA77EFEF39F8FBEF4A52F0DC5B7FD67DEBC79374D9D3AF5E0F0F155C1E46D2B3C4EDEE490ADF098435D28DADC151D5719D4A5ADA02E9B2A3AAE568E38E28883E25E74C184091336C53F77C5B157BDE9F0CF5DC3B72FD0B8F0B1803BF106D9018B172FBE63F6ECD9D1B469D3A273CF3D37BAF1C61BA375EBD645DBB76F8F443FF5BB6ED7FD471D75543473E6CC47E3F1A784CBF38EC9DB56789CBCC9215BE131873AD46E53D7EE78D7A84B5B415DB6D4EEF8CA1A3F7EFCF1F106D7CEE18DB0A2B1538F0B9705B870C30D37FC6CDEBC79D171C71D17C5FF8E060707930DB13C1AA7F1F1C65974ECB1C73E1C17C1A1E1B2BD62F2B6151E276F72C85678CCA10E74DACC75FA3877A84B5B415D8EAAD3C755827ACA78036B6B938DAE76626B957A53545CBC6DB5DF92254B361C7DF4D1D155575D15EDDDBB37DCF62A448FD3E3A74C99A22298153E8F474CDEB6C2E3E44D0ED90A8F39D4A66E9BB86E1FEF0275692BA8CB5CDD3EDEA57863EAA4818181A1EC46D6E4C993A333CF3C335ABA7469D3B3B974BBEED7B860E36C48CB0B9F033025CEE5FD2EBBECB207F5F9B13BEFBC73DF2DAD0E69393A0D322EA68BC3E7F386C9DB56789CBCC9215BE13187DA5056F356D672CCA22E6D0575594859CB7121EE212F8C6364C36AD2A449D105175C10EDD8B1236C3B9BD2388DD7E3B21B685A6EF85C80193A52A68B796CDEBC39CCE9AE687953A64C71BF7782C9DB56789CBCC9215BE131870A2ABB692B7B79A65097B682BA2CACECE599347CA46C64636AFAF4E9D1860D1BC256B3103D4E8FCF6E9C79EF4D5151AB56ADFA9936CACA3A5216D272274F9E3C74F8E1871F163EB7174CDEB6C2E3E44D0ED90A8F395440D8ACED17C705C33FDB113E2E5C6E655097B682BA1C55F8B870B995A29E317BFAE2A9A79E1A3DF0C003618BD9163D5ECBC99ED6E8B9374505C5797AC057BEF295E43361BDB468D1A2A18913276E0D9FDF0B266F5BE171F226876C85C71CCA1136696ADED6C4A1FFA77E166D025B3D2E5C7E255097B682BA6CA9D5E3C2E55746BCD1B4257BA4ACDB8DB29496131C39DB123E37D0378B172FBE5D575FECF4421F4569F9D3A64D1BF47AB952266F5BE171F226876C85C71C1A45B3E64C7BD6F57F4CA34813986DFED2383F737FB3E7718DBAB415D46553B5ABCBE14BE2271B4EFA6C58A7A72FB6A2E5653F73E6B53745C5C4B9B9FF69A79D965CE27E2CAC58B14287A41F085F87074CDEB6C2E3E44D0ED90A8F39D442ABA6AC5933375A1358747CABE77389BAB415D46583A2E35B3D9F4BEA15D38D265DB8A317B4DCCC513397BD292A26DE203BEB739FFB5CE1EF29EB969E67D2A4494396BE857D606060471CC785B78798BC6D85A5C99B1CF2191E73A889BC66AC685357745C2AEF79FBAEE8DF94BAB415D4E53E8A8E4BE53D6FDF15F99BAA474C379874A9FBA2575F6C97969BBD94BEA5DE143575C925976C3FF7DC73C35CEDA9B973E7EE993061C2A5E16BE997B420F356164CDEB6C2D2E44D0EF90C8F391428DA84E5357779F7B752F4F9FBA2E8DF94BAB415D42575A91E311D77D65967856D64A9B4FCF4B92CF5A6A8A979F3E60D8ED5698CA978A5BB272E808DE16BE997B420F356164CDEB6C2E2E44D0EF90A8F3994D16EF3D5AAC9DBBFC5ED79CD5FAADDD731668AFE4DA94B5B415D5297F1ED1BD3FBAFBDF6DAB08D2C95969F793D667A53D4D449279D14AD5FBF3ECCD39E5AB366CDA371F2EF0A5F4BBF842B89562B0B266F5B6179F226877C84C71C1AD669D3D5AC097C24F8BD9DE62FD5E9EBE9A9F06FD9EA6F4A5DDA0AEA92BA8C7FDF95DEDEEB1E55CBCFBC0E33BD296A4ADF5DF6AF7FFD2BCCD39EDABE7DBB2E00B2377C2DFD12AE1CC24857164CDEB6C2C3E44D0ED90E8F3934AEFB66AB5913D84DF397EAF675952EFC1B86415DDA0CEAB2216A5797F1CF91EF2EEB758FAAE5679EDF4C6F8A9AD2871E1F7DF4D1304F7B2A7EBE9182F31496266F7D07875ECF0F7EF083E8BEFBEE6BB8BF9DD8BC7973F4F7BFFFBDE1F6D142A7BF9E7CF2C9D19FFEF4A786FBC62AC2F7C74358CAA1BCD06BFDC217BE90BCD7E17D61AC5DBB36D24E9E5B6EB9A5E1BE7099CADDF0F67E45F8FE588F238E38227AE2139FA846ED8A705DDE269D2615EE91D7EFBABD1B5784AFD94358A84BD5D0CF7FFEF351EBE3EEBBEF8EFEF8C73F36DC3E5A78ACCDF0FDB11ED4656FA3D73DAA969F7DBEF08F078CA9A38F3EBAE77B23425BB76ED5A98C66F64A842B8134C25315FA3D793FFCF0C3D17BDEF39EE8B5AF7D6DF4F8C73F7E64C5FDD9CF7EB6616C18DBB66D4B2674BDD7E17D37DE7863B29C5FFCE217D19E3D7BA25DBB76457FF9CB5FA21FFDE847D1A64D9B1AC62B56AF5E9D3CE6139FF844C37D63151EF6AA5ACB21C582050B0A6DCCA7EFB1D611DA385BB87061F4FDEF7F3FC9A570ACF266C28409D18C193374443CC9A5356BD6348C7BDDEB5E177DE4231F49FEAD26F459CF7A56F4D39FFEB461DC5885C71C1AD7FD1EF0DAEF990FFFA616EA52EBDCF8A544DFFDEE77937ABAFCF2CB1BC6DC7CF3CDC918D5627A9BD6DF77DC7147C3D8343CD62675D910B5ABCBF8F7BDE9EDBDEE51396206534E38E184A15E9FBF1BBAFDF6DB1F3AD2D079BCA3AD1CB22C4CDEDFF9CE77A2430F3D34FAC94F7E924CB6F1CB4A36D8C271AB56AD8ABEFCE52F277BF25EF9CA57468F7DEC63A3673CE319D1CC99331BC63EF4D043C972D4186823EF318F79CCC884A0C93C1CAFE7DBB9736772BFBE985CB77DFBDBDF8EB66CD9D230B6976179F2B69C436F78C31BA24F7DEA530DB72BCE3FFFFC64EFFA739FFBDCB03148E2094F7842346FDEBC91F1BA9AD592254BA2C30F3F7C644C9A3F6AECB46EC92EFF8B5FFC623465CA9491DFAFBCF2CAE897BFFC6574C92597E4EED1EF4578CCA1619D365BCD9ABF700F7D274D60A7AFA7A78AFE4DFB5D97DA78FAEB5FFF9AFCFD0F39E49064DDFDB8C73D2EBAEBAEBBF619B77BF7EE648CD6D5FAFDEAABAF8E9EFEF4A727EBF970999E6B93BAA42E8FE43366A8AB934F3EF93F637D55C65FFDEA579B8E3474E59BD1560E59FD9EBC6FBBEDB66403E8C0030F8CF6DF7FFF911576B6514EE39FFFFC67F2C589DAFBAA313AE5311C93C69D77DE998CD104FE8D6F7C23DA6FBFFD92DF75542E9CBC15071D745074DD75D72563E6CC9993DCF6D297BE349A356B56C3D85E86C5C9DB7A0EE93B5B9EFCE42747BFF9CD6F1AEE53E8F5E914D571FB360449841BE95A9636F675FB57BFFAD564CCFBDFFFFE644FFF339FF9CCE4DF2B56AC1819AF1D00FACEC4830F3E38C933E5F2473FFAD191E51F1237A4E1EBE97578CCA18C769BAE66CD9F7EAFFCD5DFF2FEA6FDAE4B1D9DD6EBD48E8F0F7FF8C3C96971AA15ADC3B571951D1BBFDC6463493F3FF4A10F457FFEF39F1B96E7BD36A94BEA523D623A8EAB32A256E6CE9D7BD3587F8FD9F4E9D3B758FAAE88D1560E59FD9EBCD30DA8CF7CE633D119679C116DDCB831996435F18663D3D0D12D3D66F9F2E50DF729E2F73F7AD5AB5E951C51D3249E3E87E279CF7B5EB281173E46A7531E73CC31C99857BFFAD5D1BBDFFDEEA4A1F8DDEF7ED730B6976169F2F69243E79D775EF25EDF73CF3D0DF765E31DEF7847B61948E294534ED967CC8F7FFCE3E4F60F7CE003D1CB5EF6B2E4DFD9A3AD975E7AE9C8D873CE3927C927ED5078EF7BDF1B1D12377A6F7DEB5B935CD2D8ECA95963191E732850B4F96AD5FCA54D5EDEFDAD147DFEBE28FA37ED775D6AC348AF413BC3B4E3645CE67D38E0800392CF01EBF39E6F7EF39B93FAD58695EE9B3D7B7672845B1B55D93327BCD72675495DF23D66A8ADA953A71E3C6DDAB468707030CCD59E889F67304EFE418FDFAEDEEFC95B9FFD8A5F46A4AF38D0CF0B2FBC307AE10B5F981C150BC7A6916E98DD7AEBAD0DF7A5A1A3621AA3F8F8C73F9EFC7CF6B39F1DBDE94D6F6AD8E85343AF095E9F45D0B8534F3D35692AD41CE8349B70D9BD0C4B937751FDCC217DB05FF912D77CF4F6B7BF3D391D351CA378F0C10793062D7B54360DED49571E6A9C3EA7A6DF5FFFFAD78F348A2F79C94BA2E38F3F3EC991F0F3893A32AF312F78C10B9253B15EFCE21727A7E33EF5A94FD5E9CD0DAF632CC2630E3591D784156DEE8A8E4BE53DAF1BFDAACB1FFEF087C967BB746AA176706923EA694F7B5A72AABAD6D9AA459DE6A8B13A32969E96981ED5D6E78D55437A6C76B9DE6B93BADC47D171A9BCE775413D62BAB1A48BD4E928702F68B99FFEF4A74736CC3CF6A6A8A01933663C3A56A7332E5CB8707D9CFC0F84AFC1837E4DDE69FCE31FFF4856CADFFCE637939FFA4C82F6AE7EEF7BDF6B189B862ED4A0B19AA8FFFDEF7F271FFAD62991E9FD3A92A6665D635EF4A21745F3E7CF4FFEFDC10F7E30FADAD7BED6B0BC7BEFBD57A71F8C6CCCA9B1D0EDDA58CC3B0A5376789CBCFB9943DA01F3BEF7BD2F69F44E3CF1C4E494A974232B8D75EBD68D9CFE1A8636D414D9FF83F2E1294F79CAC8694FCA251D815563975DAE3602DFF8C637268D9EC6696FFCC73EF6B1E448EBCB5FFEF224DFC2D73B16E131875A68D58CB5DBD4151DDFEAF95CEA575D6AC7992EDCA19D5A3A7215BF94A409D506DA273FF9C97DC6EAEA8AAA95E73FFFF9C9FDCF79CE7392CF04EBAC856F7DEB5B0DCBF65C9BD46583A2E35B3D9F4BEA15D30D269DD6DB0B5A6EE6344697BD292A286ED84ED14521F6EEDD1BE66CA9E2E5EF8D9BFAFF8C1F3FFEF8F03578D0AFC93B8DFBEFBF3F9984F57931ED61BDE9A69B92BD9AD92B7269AFEA99679E199D70C209D1A44993464E47D15E58FD4C43EFB74E6BD36719F419359D1EA331BACAA2EED7E7C5740191F0356CDDBA35B95F1B6DFAA9531A755AA55E4F7874ADD7E171F2EE470E69434CEFA78E802A87749B1A42ED6557643FD8AF8D767D6E655C2657B431A653665B7D86F015AF7845F4A4273D2919FB9AD7BC266906B511981DA33DFDCA335D74447BF2B593400DE361871D96E49D4EA10D973B16E1318746D1AC29BB605C7E33176AD6049E9FB9BFD9F3B8D68FBA4C433B47B4634B17E5895F4AF4B6B7BD6D64E7874E5F4CC7A856F5D9326D5CA99EB4434E47D5F498663BD1145E6B93BA6CAA7675A95E31DD68523FB361C386B0ADEC8A963771E2C4910D33AFBD292A6AFAF4E90F5F75D55561DE96EAECB3CF5E1B27FF96F0B9BDE8E7E49D860EBBEBF414ED21D56987EF7CE73BA33FFCE10F23F76BC34C47BE3479EB34435DE44147C974395835E33A854517EE5003AEBDB4FAA9893AFEEF2593B236F6F401706DD0E90A7D5A76F612FBBAD887C66AB257A3A02B79E9F30C6F79CB5B922B4686AFB797E171F21EEB1CD2A950DAE3AD062FFCAA041D81D5DE779DDAA43C5AB9726572BB4E4DD5BFB5611EBFE4E46200E172B3A17C52E3A8ABC829072EBAE8A2646F7D7ABFEE5BBA7469F26FE56EBCAE4936127575519D32AB53B9F4FC7A3DE1B27B1D1E732847D89C659BB922CD5FAAD5E3C2E557C258D7651ADAB07AD7BBDE159D76DA69C9A9C6DAC1A55AD0CE35EDF4526DAA79D4D9119A9F15F1CB4D36A6B4834E3BEAB44ED69913FAFCD9D7BFFEF5648E4897EFB536A9CB965A3D2E5C7E65A8674C379C949FAA93326839C71E7B6CF66899DBDE141515AFE80F9B3265CA90F68EF5C2EF7FFFFB75030303837A9EF0B9BDE8D7E49D868E6CE88A885A39E9774DAAE3C78F4F4E4151031E8E2F1A9A8875A5C7F4771D61D1E9929AECB56C4DCCE945407EFBDBDF26DF65959DFC151AAFEFD80997DDCBF03879F72387F4DD45E16D69A849FBF5AF7F9D5CA12DFB99339D36A586317EC9C98677F8B83094331A7BF1C51737DC970D357BDA18D469946A2475C1183DAFF6D65F76D9650DE37B1D1E73A880B04953F3A63DEB459BBF54F8B870B995D18FBA54E80C846CDDE9AA89E9F754EA54457D1D49F6B3BB3AD55C1B6FFAA2697D1F59BA1ED6BA57EB609D5A1EAE9B3DD6267539AAF071E1722B453D63BCD134946E40698773B71B677ABC2E6695D9281BF2DC9BA2C2E2E49C75D451472557802AD3860D1B7479FCC17823E2A4F0393DE9D7E49D864E57D16701B3B769D2D507C5C3B1ED843E57949EE2968DB1BE9847BBE171F2EE770EB513DA237FFAE9A717CE031DA96DF6C5B5D9D0979C2BD7F2C68D5578CCA182CA6ED6CA5E9E295EEA5247B3B347BC8A86B7DAA42E0B2B7B7926A977CC6C44253BA73B3DAD518F0B8E946907B7EBDE141537303070F1D4A9534B3B72A6236571E2EBB3651786CFE58D97C9BB2EE171F2AE720E15DD80B3141E73A80D65356D652DC7AC2AD7A5C25B6D52978594B51C17D4436637A6F499335DB8A3E8D51A354EE3B39F295354A137450D68EFC1E4C99387162D5A34D4E9054174A18FE1CF94B93F5296AAFAE4ED2D3C4EDEE490ADF098436DEAB679EBF6F12E5097B682BACCD5EDE35D1A3E7236725AA3425731D56732F559499DFDA353F7453FF5BB6ED7FDD94BE20FC750557A53D4449CB0874E9C3871DBB469D30657AC583154F47BCEF43D650B172EDCA0AB2FC689BF55CB0997ED1593B7ADF038799343B6C2630E75A0D326AED3C7B9435DDA0AEA72549D3EAE12D453AAB70C36B2DA8D4AF5A6A899E1CB95EE8C37D286E6CE9DBBE7DA6BAFDDB366CD9ABDDBB66D1B8AB7C386B66CD9F2E8EAD5AB1FBAFCF2CBEF9F3163C6D6091326686FC6CE2A5E7694C9DB56789CBCC9215BE131873AD46E33D7EE78D7A84B5B415DB6D4EEF8CA4A7BD3261B5DA345257B53D4D4F0B7B02F8837BC74218F5D71EC1D4E74FDDC357CFB822A7F6B3A93B7ADF038799343B6C2630E75A1685357745C655097B682BA6CAAE8B85AA137056A8CC9DB56789CBCC9215BE13187BA94D7DCE5DD5F49D4A5ADA02E1BE4DD0F00F5C3E46D2B3C4EDEE490ADF098432568D5E4B5BABDF2A84B5B415D16BA1D00EA8DC9DB56789CBCC9215BE131874A12367BE1EFB5425DDA0AEA92BA04805C4CDEB6C2E3E44D0ED90A8F3954A2B4E9BB62F8676D9B3FEAD2565097D42500E462F2B6151E276F72C85678CCA192B1477E1C75692DA84BEA1200723179DB0A8F933739642B3CE6500F1C18DE5037D4A5ADA02E13B5AF4B00181593B7ADF038799343B6C2630EA17CD4A5ADA02E0100B998BC6D85C7C99B1CB2151E7308E5A32E6D05750900C8C5E46D2B3C4EDEE490ADF09843281F75692BA84B00402E266F5BE171F226876C85C71C42F9A84B5B415D0200723179DB0A8F933739642B3CE610CA475DDA0AEA1200908BC9DB56789CBCC9215BE13187503EEAD256509700805C4CDEB6C2E3E44D0ED90A8F3984F25197B682BA0400E462F2B6151E276F72C85678CC21948FBAB415D42500201793B7ADF038799343B6C2630EA17CD4A5ADA02E0100B998BC6D85C7C99B1CB2151E7308E5A32E6D05750900C8C5E46D2B3C4EDEE490ADF09843281F75692BA84B00402E266F5BE171F226876C85C71C42F9A84B5B415D0200723179DB0A8F933739642B3CE610CA475DDA0AEA1200908BC9DB56789CBCC9215BE13187503EEAD256509700805C4CDEB6C2E3E44D0ED90A8F3984F25197B682BA0400E45ABA7469B47BF7EE86498418FB88DF87BD1E276F72C84E78CD21948FBAB413D42500A090EBAFBF7E70F3E6CD0D130931F671F7DD77DF134FDEBBC2F7C83A72C84E78CD21948FBAB413D42500A09065CB969DB17CF9F2A14D9B360DB177B53F11FFDD07E389FBEE78E2D65ED539E17B641D39D4FFF09E43281F75D9FFA02E01006DD384A1BD793AD582E85BE8EF3F277C6FBCD06B1FFE3F84FF2F62ECC2750EA17CCA87E1BC08738518BBA02E01000000000000000000000000000000000000000000000000000000000000000000000000000000000000000000ECEBFF013D943FFAD90F784C0000000049454E44AE426082, '1');
INSERT INTO `act_ge_bytearray` VALUES ('2', '4', 'source', null, 0x7B227265736F757263654964223A2231222C2270726F70657274696573223A7B2270726F636573735F6964223A22514A4C43222C226E616D65223A22E8AFB7E58187E6B581E7A88B222C22646F63756D656E746174696F6E223A22222C2270726F636573735F617574686F72223A2272656E222C2270726F636573735F76657273696F6E223A22222C2270726F636573735F6E616D657370616365223A22687474703A2F2F7777772E61637469766974692E6F72672F70726F63657373646566222C22657865637574696F6E6C697374656E657273223A22222C226576656E746C697374656E657273223A22222C227369676E616C646566696E6974696F6E73223A22222C226D657373616765646566696E6974696F6E73223A22227D2C227374656E63696C223A7B226964223A2242504D4E4469616772616D227D2C226368696C64536861706573223A5B7B227265736F757263654964223A227369642D44444542353741442D333936442D343939312D384138302D434134373345423833313230222C2270726F70657274696573223A7B226F766572726964656964223A227374617274222C226E616D65223A22222C22646F63756D656E746174696F6E223A22222C22657865637574696F6E6C697374656E657273223A22222C22696E69746961746F72223A22222C22666F726D6B6579646566696E6974696F6E223A22222C22666F726D70726F70657274696573223A22227D2C227374656E63696C223A7B226964223A2253746172744E6F6E654576656E74227D2C226368696C64536861706573223A5B5D2C226F7574676F696E67223A5B7B227265736F757263654964223A227369642D34443133453941452D323542462D343334432D383335332D374333373036464542423642227D5D2C22626F756E6473223A7B226C6F7765725269676874223A7B2278223A3138322C2279223A3132337D2C2275707065724C656674223A7B2278223A3135322C2279223A39337D7D2C22646F636B657273223A5B5D7D2C7B227265736F757263654964223A227369642D36413630313442332D373434322D344334432D394135352D454441323238304144444142222C2270726F70657274696573223A7B226F766572726964656964223A2273746172745461736B222C226E616D65223A22E59198E5B7A5E68F90E587BA222C22646F63756D656E746174696F6E223A22222C226173796E6368726F6E6F7573646566696E6974696F6E223A2266616C7365222C226578636C7573697665646566696E6974696F6E223A2266616C7365222C22657865637574696F6E6C697374656E657273223A22222C226D756C7469696E7374616E63655F74797065223A224E6F6E65222C226D756C7469696E7374616E63655F63617264696E616C697479223A22222C226D756C7469696E7374616E63655F636F6C6C656374696F6E223A22222C226D756C7469696E7374616E63655F7661726961626C65223A22222C226D756C7469696E7374616E63655F636F6E646974696F6E223A22222C226973666F72636F6D70656E736174696F6E223A2266616C7365222C22757365727461736B61737369676E6D656E74223A22222C22666F726D6B6579646566696E6974696F6E223A22222C2264756564617465646566696E6974696F6E223A22222C227072696F72697479646566696E6974696F6E223A22222C22666F726D70726F70657274696573223A22222C227461736B6C697374656E657273223A7B227461736B4C697374656E657273223A5B7B226576656E74223A22637265617465222C22696D706C656D656E746174696F6E223A22636F6D2E72756F79692E70726F636573732E4C696E7374656E65722E41637469766974695461736B436F6D706C6574654C697374656E6572222C22636C6173734E616D65223A22636F6D2E72756F79692E70726F636573732E4C696E7374656E65722E41637469766974695461736B436F6D706C6574654C697374656E6572222C2265787072657373696F6E223A22222C2264656C656761746545787072657373696F6E223A22227D5D7D7D2C227374656E63696C223A7B226964223A22557365725461736B227D2C226368696C64536861706573223A5B5D2C226F7574676F696E67223A5B7B227265736F757263654964223A227369642D33384632393731352D453741332D343342332D413938422D304431394544424442313032227D5D2C22626F756E6473223A7B226C6F7765725269676874223A7B2278223A3332372C2279223A3134387D2C2275707065724C656674223A7B2278223A3232372C2279223A36387D7D2C22646F636B657273223A5B5D7D2C7B227265736F757263654964223A227369642D34443133453941452D323542462D343334432D383335332D374333373036464542423642222C2270726F70657274696573223A7B226F766572726964656964223A22222C226E616D65223A22222C22646F63756D656E746174696F6E223A22222C22636F6E646974696F6E73657175656E6365666C6F77223A22222C22657865637574696F6E6C697374656E657273223A22222C2264656661756C74666C6F77223A2266616C7365227D2C227374656E63696C223A7B226964223A2253657175656E6365466C6F77227D2C226368696C64536861706573223A5B5D2C226F7574676F696E67223A5B7B227265736F757263654964223A227369642D36413630313442332D373434322D344334432D394135352D454441323238304144444142227D5D2C22626F756E6473223A7B226C6F7765725269676874223A7B2278223A3232362E31353632352C2279223A3130387D2C2275707065724C656674223A7B2278223A3138322E3630393337352C2279223A3130387D7D2C22646F636B657273223A5B7B2278223A31352C2279223A31357D2C7B2278223A35302C2279223A34307D5D2C22746172676574223A7B227265736F757263654964223A227369642D36413630313442332D373434322D344334432D394135352D454441323238304144444142227D7D2C7B227265736F757263654964223A227369642D44453742444444452D453232352D343243462D384432442D413330464643443035334239222C2270726F70657274696573223A7B226F766572726964656964223A2252535348222C226E616D65223A22E4BABAE4BA8BE5AEA1E6A0B8222C22646F63756D656E746174696F6E223A22222C226173796E6368726F6E6F7573646566696E6974696F6E223A2266616C7365222C226578636C7573697665646566696E6974696F6E223A2266616C7365222C22657865637574696F6E6C697374656E657273223A22222C226D756C7469696E7374616E63655F74797065223A224E6F6E65222C226D756C7469696E7374616E63655F63617264696E616C697479223A22222C226D756C7469696E7374616E63655F636F6C6C656374696F6E223A22222C226D756C7469696E7374616E63655F7661726961626C65223A22222C226D756C7469696E7374616E63655F636F6E646974696F6E223A22222C226973666F72636F6D70656E736174696F6E223A2266616C7365222C22757365727461736B61737369676E6D656E74223A22222C22666F726D6B6579646566696E6974696F6E223A22222C2264756564617465646566696E6974696F6E223A22222C227072696F72697479646566696E6974696F6E223A22222C22666F726D70726F70657274696573223A22222C227461736B6C697374656E657273223A7B227461736B4C697374656E657273223A5B7B226576656E74223A22637265617465222C22696D706C656D656E746174696F6E223A22636F6D2E72756F79692E70726F636573732E4C696E7374656E65722E41637469766974695461736B436F6D706C6574654C697374656E6572222C22636C6173734E616D65223A22636F6D2E72756F79692E70726F636573732E4C696E7374656E65722E41637469766974695461736B436F6D706C6574654C697374656E6572222C2265787072657373696F6E223A22222C2264656C656761746545787072657373696F6E223A22227D5D7D7D2C227374656E63696C223A7B226964223A22557365725461736B227D2C226368696C64536861706573223A5B5D2C226F7574676F696E67223A5B7B227265736F757263654964223A227369642D43323039453038462D463441392D344336422D384646432D443144393642453845384137227D5D2C22626F756E6473223A7B226C6F7765725269676874223A7B2278223A3437322C2279223A3134387D2C2275707065724C656674223A7B2278223A3337322C2279223A36387D7D2C22646F636B657273223A5B5D7D2C7B227265736F757263654964223A227369642D33384632393731352D453741332D343342332D413938422D304431394544424442313032222C2270726F70657274696573223A7B226F766572726964656964223A22222C226E616D65223A22222C22646F63756D656E746174696F6E223A22222C22636F6E646974696F6E73657175656E6365666C6F77223A22222C22657865637574696F6E6C697374656E657273223A22222C2264656661756C74666C6F77223A2266616C7365227D2C227374656E63696C223A7B226964223A2253657175656E6365466C6F77227D2C226368696C64536861706573223A5B5D2C226F7574676F696E67223A5B7B227265736F757263654964223A227369642D44453742444444452D453232352D343243462D384432442D413330464643443035334239227D5D2C22626F756E6473223A7B226C6F7765725269676874223A7B2278223A3337312E31353632352C2279223A3130387D2C2275707065724C656674223A7B2278223A3332372E38343337352C2279223A3130387D7D2C22646F636B657273223A5B7B2278223A35302C2279223A34307D2C7B2278223A35302C2279223A34307D5D2C22746172676574223A7B227265736F757263654964223A227369642D44453742444444452D453232352D343243462D384432442D413330464643443035334239227D7D2C7B227265736F757263654964223A227369642D45373243353045412D364632302D343143362D413943382D433334464634343136393732222C2270726F70657274696573223A7B226F766572726964656964223A2272735767222C226E616D65223A22222C22646F63756D656E746174696F6E223A22222C2273657175656E6365666C6F776F72646572223A22227D2C227374656E63696C223A7B226964223A224578636C757369766547617465776179227D2C226368696C64536861706573223A5B5D2C226F7574676F696E67223A5B7B227265736F757263654964223A227369642D31333343323730442D433630312D344336422D384344352D323436413636443937333631227D2C7B227265736F757263654964223A227369642D39454338463738352D323133412D344539382D393634392D444541423844433444453839227D5D2C22626F756E6473223A7B226C6F7765725269676874223A7B2278223A3535372C2279223A3132387D2C2275707065724C656674223A7B2278223A3531372C2279223A38387D7D2C22646F636B657273223A5B5D7D2C7B227265736F757263654964223A227369642D41423046443742382D383341302D343841452D413146312D424233384243323433353734222C2270726F70657274696573223A7B226F766572726964656964223A22656E645461736B222C226E616D65223A22E88081E69DBFE5AEA1E6A0B8222C22646F63756D656E746174696F6E223A22222C226173796E6368726F6E6F7573646566696E6974696F6E223A2266616C7365222C226578636C7573697665646566696E6974696F6E223A2266616C7365222C22657865637574696F6E6C697374656E657273223A22222C226D756C7469696E7374616E63655F74797065223A224E6F6E65222C226D756C7469696E7374616E63655F63617264696E616C697479223A22222C226D756C7469696E7374616E63655F636F6C6C656374696F6E223A22222C226D756C7469696E7374616E63655F7661726961626C65223A22222C226D756C7469696E7374616E63655F636F6E646974696F6E223A22222C226973666F72636F6D70656E736174696F6E223A2266616C7365222C22757365727461736B61737369676E6D656E74223A22222C22666F726D6B6579646566696E6974696F6E223A22222C2264756564617465646566696E6974696F6E223A22222C227072696F72697479646566696E6974696F6E223A22222C22666F726D70726F70657274696573223A22222C227461736B6C697374656E657273223A7B227461736B4C697374656E657273223A5B7B226576656E74223A22637265617465222C22696D706C656D656E746174696F6E223A22636F6D2E72756F79692E70726F636573732E4C696E7374656E65722E41637469766974695461736B436F6D706C6574654C697374656E6572222C22636C6173734E616D65223A22636F6D2E72756F79692E70726F636573732E4C696E7374656E65722E41637469766974695461736B436F6D706C6574654C697374656E6572222C2265787072657373696F6E223A22222C2264656C656761746545787072657373696F6E223A22227D5D7D7D2C227374656E63696C223A7B226964223A22557365725461736B227D2C226368696C64536861706573223A5B5D2C226F7574676F696E67223A5B7B227265736F757263654964223A227369642D32304543324430452D373843442D344435312D394245382D304635343835393738414237227D5D2C22626F756E6473223A7B226C6F7765725269676874223A7B2278223A3730322C2279223A3134387D2C2275707065724C656674223A7B2278223A3630322C2279223A36387D7D2C22646F636B657273223A5B5D7D2C7B227265736F757263654964223A227369642D31313237424244322D374330322D343835342D383533352D353046334333323432363141222C2270726F70657274696573223A7B226F766572726964656964223A22222C226E616D65223A22222C22646F63756D656E746174696F6E223A22222C2273657175656E6365666C6F776F72646572223A22227D2C227374656E63696C223A7B226964223A224578636C757369766547617465776179227D2C226368696C64536861706573223A5B5D2C226F7574676F696E67223A5B7B227265736F757263654964223A227369642D34324234463843322D374231332D344332332D413339412D433546344431464334334144227D2C7B227265736F757263654964223A227369642D42314336443843352D323845372D344533362D424339302D414637463734354243423736227D5D2C22626F756E6473223A7B226C6F7765725269676874223A7B2278223A3738372C2279223A3132387D2C2275707065724C656674223A7B2278223A3734372C2279223A38387D7D2C22646F636B657273223A5B5D7D2C7B227265736F757263654964223A227369642D35453036334242352D313131352D343230422D413641362D344638413634374339463433222C2270726F70657274696573223A7B226F766572726964656964223A22222C226E616D65223A22222C22646F63756D656E746174696F6E223A22222C22657865637574696F6E6C697374656E657273223A22227D2C227374656E63696C223A7B226964223A22456E644E6F6E654576656E74227D2C226368696C64536861706573223A5B5D2C226F7574676F696E67223A5B5D2C22626F756E6473223A7B226C6F7765725269676874223A7B2278223A3836302C2279223A3132327D2C2275707065724C656674223A7B2278223A3833322C2279223A39347D7D2C22646F636B657273223A5B5D7D2C7B227265736F757263654964223A227369642D43323039453038462D463441392D344336422D384646432D443144393642453845384137222C2270726F70657274696573223A7B226F766572726964656964223A22222C226E616D65223A22E5AEA1E689B9222C22646F63756D656E746174696F6E223A22222C22636F6E646974696F6E73657175656E6365666C6F77223A22222C22657865637574696F6E6C697374656E657273223A22222C2264656661756C74666C6F77223A2266616C7365227D2C227374656E63696C223A7B226964223A2253657175656E6365466C6F77227D2C226368696C64536861706573223A5B5D2C226F7574676F696E67223A5B7B227265736F757263654964223A227369642D45373243353045412D364632302D343143362D413943382D433334464634343136393732227D5D2C22626F756E6473223A7B226C6F7765725269676874223A7B2278223A3531362E363438343436383730303037352C2279223A3130382E343039373333353336323333387D2C2275707065724C656674223A7B2278223A3437322E36323838393638373939393234352C2279223A3130382E323139313732373133373636327D7D2C22646F636B657273223A5B7B2278223A35302C2279223A34307D2C7B2278223A32302E352C2279223A32302E357D5D2C22746172676574223A7B227265736F757263654964223A227369642D45373243353045412D364632302D343143362D413943382D433334464634343136393732227D7D2C7B227265736F757263654964223A227369642D39454338463738352D323133412D344539382D393634392D444541423844433444453839222C2270726F70657274696573223A7B226F766572726964656964223A22222C226E616D65223A22E9A9B3E59B9E222C22646F63756D656E746174696F6E223A22222C22636F6E646974696F6E73657175656E6365666C6F77223A22247B706173733D3D307D222C22657865637574696F6E6C697374656E657273223A22222C2264656661756C74666C6F77223A2266616C7365227D2C227374656E63696C223A7B226964223A2253657175656E6365466C6F77227D2C226368696C64536861706573223A5B5D2C226F7574676F696E67223A5B7B227265736F757263654964223A227369642D36413630313442332D373434322D344334432D394135352D454441323238304144444142227D5D2C22626F756E6473223A7B226C6F7765725269676874223A7B2278223A3533372E352C2279223A38372E36313030383530323033383035357D2C2275707065724C656674223A7B2278223A3237372C2279223A32332E36333633363237353336323337327D7D2C22646F636B657273223A5B7B2278223A32302E352C2279223A32302E357D2C7B2278223A3533372E352C2279223A32332E36333633363237353336323337327D2C7B2278223A3237372C2279223A32332E36333633363237353336323337327D2C7B2278223A35302C2279223A34307D5D2C22746172676574223A7B227265736F757263654964223A227369642D36413630313442332D373434322D344334432D394135352D454441323238304144444142227D7D2C7B227265736F757263654964223A227369642D31333343323730442D433630312D344336422D384344352D323436413636443937333631222C2270726F70657274696573223A7B226F766572726964656964223A22222C226E616D65223A22E9809AE8BF87222C22646F63756D656E746174696F6E223A22222C22636F6E646974696F6E73657175656E6365666C6F77223A22247B706173733D3D317D222C22657865637574696F6E6C697374656E657273223A22222C2264656661756C74666C6F77223A2266616C7365227D2C227374656E63696C223A7B226964223A2253657175656E6365466C6F77227D2C226368696C64536861706573223A5B5D2C226F7574676F696E67223A5B7B227265736F757263654964223A227369642D41423046443742382D383341302D343841452D413146312D424233384243323433353734227D5D2C22626F756E6473223A7B226C6F7765725269676874223A7B2278223A3630312E383030373930373834333838312C2279223A3130382E34313336303139373934303738327D2C2275707065724C656674223A7B2278223A3535372E323835313436373135363131392C2279223A3130382E32313932313035323035393231387D7D2C22646F636B657273223A5B7B2278223A32302E352C2279223A32302E357D2C7B2278223A35302C2279223A34307D5D2C22746172676574223A7B227265736F757263654964223A227369642D41423046443742382D383341302D343841452D413146312D424233384243323433353734227D7D2C7B227265736F757263654964223A227369642D32304543324430452D373843442D344435312D394245382D304635343835393738414237222C2270726F70657274696573223A7B226F766572726964656964223A22222C226E616D65223A22E5AEA1E6A0B8222C22646F63756D656E746174696F6E223A22222C22636F6E646974696F6E73657175656E6365666C6F77223A22222C22657865637574696F6E6C697374656E657273223A22222C2264656661756C74666C6F77223A2266616C7365227D2C227374656E63696C223A7B226964223A2253657175656E6365466C6F77227D2C226368696C64536861706573223A5B5D2C226F7574676F696E67223A5B7B227265736F757263654964223A227369642D31313237424244322D374330322D343835342D383533352D353046334333323432363141227D5D2C22626F756E6473223A7B226C6F7765725269676874223A7B2278223A3734362E363438343436383730303037352C2279223A3130382E343039373333353336323333387D2C2275707065724C656674223A7B2278223A3730322E363238383936383739393932352C2279223A3130382E323139313732373133373636327D7D2C22646F636B657273223A5B7B2278223A35302C2279223A34307D2C7B2278223A32302E352C2279223A32302E357D5D2C22746172676574223A7B227265736F757263654964223A227369642D31313237424244322D374330322D343835342D383533352D353046334333323432363141227D7D2C7B227265736F757263654964223A227369642D42314336443843352D323845372D344533362D424339302D414637463734354243423736222C2270726F70657274696573223A7B226F766572726964656964223A22222C226E616D65223A22E9A9B3E59B9E222C22646F63756D656E746174696F6E223A22222C22636F6E646974696F6E73657175656E6365666C6F77223A22247B706173733D3D307D222C22657865637574696F6E6C697374656E657273223A22222C2264656661756C74666C6F77223A2266616C7365227D2C227374656E63696C223A7B226964223A2253657175656E6365466C6F77227D2C226368696C64536861706573223A5B5D2C226F7574676F696E67223A5B7B227265736F757263654964223A227369642D44453742444444452D453232352D343243462D384432442D413330464643443035334239227D5D2C22626F756E6473223A7B226C6F7765725269676874223A7B2278223A3736372E352C2279223A38372E34393930313433353231363432377D2C2275707065724C656674223A7B2278223A3432322C2279223A33352E3335333533383230323230303732347D7D2C22646F636B657273223A5B7B2278223A32302E352C2279223A32302E357D2C7B2278223A3736372E352C2279223A33352E3335333533383230323230303732347D2C7B2278223A3432322C2279223A33352E3335333533383230323230303732347D2C7B2278223A35302C2279223A34307D5D2C22746172676574223A7B227265736F757263654964223A227369642D44453742444444452D453232352D343243462D384432442D413330464643443035334239227D7D2C7B227265736F757263654964223A227369642D34324234463843322D374231332D344332332D413339412D433546344431464334334144222C2270726F70657274696573223A7B226F766572726964656964223A22222C226E616D65223A22E7BB93E69D9F222C22646F63756D656E746174696F6E223A22222C22636F6E646974696F6E73657175656E6365666C6F77223A22247B706173733D3D317D222C22657865637574696F6E6C697374656E657273223A22222C2264656661756C74666C6F77223A2266616C7365227D2C227374656E63696C223A7B226964223A2253657175656E6365466C6F77227D2C226368696C64536861706573223A5B5D2C226F7574676F696E67223A5B7B227265736F757263654964223A227369642D35453036334242352D313131352D343230422D413641362D344638413634374339463433227D5D2C22626F756E6473223A7B226C6F7765725269676874223A7B2278223A3833312E353037383332373834313831332C2279223A3130382E33373634343332303234343730327D2C2275707065724C656674223A7B2278223A3738362E383938343137323135383138372C2279223A3130382E30393233303637393735353239387D7D2C22646F636B657273223A5B7B2278223A32302E352C2279223A32302E357D2C7B2278223A31342C2279223A31347D5D2C22746172676574223A7B227265736F757263654964223A227369642D35453036334242352D313131352D343230422D413641362D344638413634374339463433227D7D5D2C22626F756E6473223A7B226C6F7765725269676874223A7B2278223A313230302C2279223A313035307D2C2275707065724C656674223A7B2278223A302C2279223A307D7D2C227374656E63696C736574223A7B2275726C223A227374656E63696C736574732F62706D6E322E302F62706D6E322E302E6A736F6E222C226E616D657370616365223A22687474703A2F2F62336D6E2E6F72672F7374656E63696C7365742F62706D6E322E3023227D2C227373657874656E73696F6E73223A5B5D7D, null);
INSERT INTO `act_ge_bytearray` VALUES ('3', '2', 'source-extra', null, 0x89504E470D0A1A0A0000000D494844520000038E000000C608060000009D14DE08000000206348524D00007A26000080840000FA00000080E8000075300000EA6000003A98000017709CBA513C0000000467414D410000B18E7CFB5193000000017352474200AECE1CE900000006624B474400FF00FF00FFA0BDA793000000097048597300000EC400000EC401952B0E1B000020004944415478DAEDDD097C94C5FDC7F167370949B83128A78017086A15B5D61310C50B6F4542846A153CAA52A128454110AA683D10AF8A68454008E05F2B48BDC0032D1E085A54B0569143EE9B4020E7FE7FDFCDB3F8B02421D76637C9E7FD7ACD2B9BBD777666767E33F3CCE3380000000000000000000000000000000000000000000000000000000000000000000000000000000000000000000000000000000000000000000000000000000000000000000000000000000000000000000000000000000000000000000000000000000000000000000000000000000000000000448B8F2C00501E6969698DF2F2F26EF6F97C89E4065073050281ACB8B8B87153A64CD94A6E0040F5134F1600280F0B1AFB5AD0389A9C006A366B07D41EE4D9C547C80D0020700480F0CE62A2FBF7834020F0113902D4C876A0B3D5FFB359790000048E00502CEB34BE9F9E9EFE577202A87952535387DA9FB3C90900A8BEFC64010000000080C0110000000040E008000000002070040000000010380200000000081C0100000000048E0000000000024700000000400D114F160000A2212D2DAD515E5EDECD3E9F2F91DCA8F23AB97FCF4E4D4D8D233B80E809040259717171E3A64C99B295DC00812300A0CAB3A0B1AF058DA3C9896AA5AB9B004489B5AB6A5FF3ECE223E406081C0100D5A17393E8FEFD2010087C448E54699DDC80F17D4BF3C80E206AED6A676B4FCF662507081C0100D58E7572DE4F4F4FFF2B395175A5A6A60E7503C70FF82E81A8D7C5B3C90944029BE30000000000081C0100000000048E00000000000247000000000081230000000080C0110000000040E00800000000207004000000001038020000000040E008000000002070040000000010380200000000081C010000000051124F160028A9D4D4D4FEF6676C11378FB2DB47855DF7A7F4F4F427C93950760000A8DA98710450628140E0D348DE1F35A2EC04283B0000103802A8C6A64D9BB6C0FEAC29E1DD97BBF707426567B9255F09EEBE9AB20300008123802ACCE7F3BD52C2FBCD20B750963261F79B426E0100105B38C61140A9E4E7E7CFB08EFD5DC5DDC5925FF723B75044D9C9B31457DCFDC8AD4AF7074B5B0FD05F5866691159055017513331E308A0544AB05C55ED0ACB545154D9595E5CD0E8B04C355AEA5ACA2D267538C0F70680BA886A8E194700A5A6E5AA8140E0AE626E67C60845968D03941D96A946C7FF2CBD6DA985A54DCEBEB3C2596E8795801EA02E82C011004AAE98E5AA2C534549CB4EA1CB55293B519766E978F77233B703FB08D902501701024700A5A6A584A9A9A95AAEDA3CEC2696A9A2246567B95D6C53C8CD2C538DBE6F3C9DD30BDCCE2A00EA22C0318E00CAA6A8DD5559A68A12949D19455CCF325500006214338E00CAA490E5AA3AB1BB8FA5862845D9092E6DF65E4FEE445D6B4BCFB9970FB57496A57BC91680BA0810380228934296ABEAC4EE2C534549CBCE7267DFE5AA2C538D0D132D4DB294E3141C839A409600D44580C01140B984EFAECA325594A2ECCC082B3B2C538DAE644BA9C5DC1EDAA483E3AC00EA226A288E71045066E14B0B596A08CA4E95F58B53B0D36DB653B0E5BFD21EF7AFAE5B68A90ED9045017517331E308A0CCB4B4B057AF5E198140A09ECFE7DB969E9ECE524394A6EC6CB3B2D3D0FEDDC132D5A85BE0706E3880BA081483194700E5929F9FBFD0FDFB35B98152969D6099B1E07111B951251C451600D445D45CCC38023168CE9C391D121212FAF97CBE4BAD737D704E4E4EBD587DAF3B77EE74BEF8E20BE794534EE9D2B76FDF402CBE47CBCB5D7171719BEDEF87D9D9D98F75EAD46971752E3FF3E6CDFB4DAD5AB5FE6CE5A64B5E5E5E8AFDAD43D92957F9C9F0FBFD1B2DC09D697939FEDC73CF5D52CD8ACC714EC139E31A5B7ADC523F4B1D2C7DE5B94F3B4BC32CF5A6852E5D5B6E6D4F1F4B575A5BDED4CA4F7D72A59C1DD7F8F8ED561FD75ADB36D5F2F3A5F3CF3F7F157511A81C3EB200881DEFBDF75EABC4C4C4E7AD83D1A569D3A6892929294E52529263410099530E162C3A7BF6EC71366FDEECAC5FBF3EDFF278B1E5718FD34F3FFDC7EAF439E7CF9F7FA4CFE79B6E9FF7F8264D9AF8293F155F7ED6AD5B97659DD60FB3B2B26EEAD6ADDBCA6AF211C75AFAC152474BE39C8263A8F4F760A760FB7FDD36DDD2204B3F15F604A9A9A943EDCF287568D3D3D3FF4A5BFE5E2B0B70C65A7D3CCFDAF224AB8B7EEA62C5D5C7CCCC4CD5C73C6BCFB5E3E8331B376EBCE79A6BAEC9A62E52171159716401101BE6CC9973B675343E6ED1A245FB0E1D3AC41F74D0418E05384E5C1CD5B4DC0D9DE5A1F2B251A3464EF3E6CD7DB9B9B94DB76FDFFEC7DB6EBBEDC7F1E3C77F5B1D3EE382050B522D98996B01638BF6EDDBFB283F91293F563FE30381C0113B77EEECD7A74F9FCF264E9CB8BC1A7C44EDCE78B153B0DDFF0B4EC1395967597AC7EDA0DEEDA6EF8B7A82638F3DB693FDE96AE9836FBFFD765E0D0F1ABBF8FDFEF75BB66C694D798764AB8B3EEA62C5D64705E196AF7E6BEFE2AD2EFE362121A1FB55575DF5CAD4A95373A88BD445440EC7380231D2D1B0A0F14DEB64D46BD5AA95CF3A1D644AA41A3DCB5BCB63E7E8A38F8ECFCCCC9C6C0157AF6A1034F6DABD7BF72BFA4CFA6C949F88971F9FD5D5BAAAB3AABBD5E4A3ADB0A4634E4FF6F40FD4015D6669AAA5D3F8F64BD6965B60F3FA71C71DD7B075EBD689D4C5C8D20CEE31C71C939092927262C3860DE75217010247A0BA77345A5947E39FEDDBB7AF6D3F7C85DE276BE77A67FD0FFF72562E7CD159BBE43567D7961FC9B872525E5BA0E5B7E071A2055EEDAAEAE7F8FCF3CFDBEA33B46BD7CE5F58F90904F29DED6B1639AB174F75567D35D1D9B46CAE9397B38B025001E54775D6EAEE1BAAC355FCE368BF031DB7F9A2A5539C82D98EDF5AFAC8D213969EB394E4B021C701DB720B1467582093DCA0418342FB57B9D9BBAC0EBE1FAC8BAB174F71B6AD5918ACA3283B9FCFE71C75D451FE848484533EFDF4D37BA98B008123506D59C7F3F1962D5B26161534EEDCB8D459FEF933CED695F39DCCAD3F078380558B26381B7F9A43E65540E7BF79F3E6F1797979D3AAEA67080402D3F4198A0A1A577DF57270B02163C377CEAECD3F58A7F50367D9FC279DECCC4D14800A283FAABBAAC355FCA3D4D618847B7992A5232C1DE9149C84FC4C7D544B4F5ABA906FBD58A39B356BB6CBCA45626137E6ECDEE2FCFCD993C1C051753163C31267DD92D7AD3D7FC9EA6A1EB95701C1634E4ECEBDD3A74F8FA32E02048E40B5A31DF7FC7E7FB7430F3D34A9F0A020DF59B77466A123D25B96CFA3F35F01ACE3AFCD168EFBF4D34F4FAC6AEF7DFEFCF91DEDBDFF469FA1303BD6FDC7C9DCB2FFFE099A71DCF0BF77F8F22B80D55D2D47ECA6BA5C853FC6704B132DFDC329D854E3724B6738054BE6CEB7F490A5379C82938FA388B63C2E2EAEDB61871DD6BAA8FB6CF8F15D272F7BFFD9FE8201C1AFC8C472AA5BB7AE936CDAB66D7B177511880C4EC70144517E7EFED5071F7C704E51C7C164ED5CE7E4666738450595BB2C28A855BB3119590ECA7BFB0EFC3B76ECF8B3FD7B6D157BEF03F5DE8B2A3F85058DFBDC160868A89E4250FEF293B77AF5EAABEDDF9155F463BCE7146CCA213AF54F13A760838EB7D40C597ADF52674BB73A054BE550485B9E9292B2DACAC3C1C5D6B9626E6BD8E26432B29C1A376EEC6CD9B225D50DB0A88B4045FFE6910540543B9D175BA733A5C8CE48EE9EE23B2B07B81D25A3D35664676777A96AEF3B2727E76CBDF7A2E46667165D76F2B2591E5741AC0E37B2BA7C4915FF181A41186CE9524BCD2D69C44A4BFE5A3805C759E93C12FDF8B68B747EB366CD1A1575A306FAF27276175D577332C9C10A50BF7E7D9D3AA72D7511207004AAA356C9C9C9E44294E93BC8CBCB6B58D5DEB7BDE746949FD8283FAACB55F82368CB7F8D406857CAAD4EC131555A1E77B4A50D962E720A664232F8B68B6ECB6BD7AE7D10D9105D3AED496E6E6E227511880C96AA02D1FC85080452121212C88828D377609D8D2A1781E93D537E62A3FC585DAECA418396BFE9FC77DE83A6FFE1FED57575F8968BE7F3F99AD4AA55ABC8CAE87358125E299DDAF878ADC4F05317010247A03A7636E27CC51C63169750BBD8C7C7C5D726132BE67BA896EF3DBE56D17D0C7F7CA2E3F3F3135051DF81EA7215FE08C59D347D3DDF708914DB96EB5862B5E779452C492DAEAEA266B4E5D44554052C5505625862DD264E52BD6685F752ACA351EF90F664128A54BFD9F1456E7ED3A0F94964105099F5B1E9F185073BFE78A741B38E641000024700E5E1735A9D7C53A1B7B4382ED582C7BA64118A54E7A0239DC68777DDEFFAA4FACD9D266D2F2283804AD4A45D7727B9C1FEA7CE4969D3C9A993C2F9DC0110380228B7401157E793352841F109145274283B4074AA6321F591B61C00812380F2DAB3638DB362C1F385DEB6FA9BE94EC686EFC82414D141CD77362F9F67E9A3FD6ED3F9417FF9CF2B4E5EF64E320AA80479D9BB9CD58BA7589BBE7ABFDBB6ACF8D8D9F4F307049000621E3B230031D9E9CF73362DFBC0D9B2FCE322CFB59797A38EC854A77E93E39C43DA5DCCE60AF00486EB9DB54B5E2BB4931AB273E35267D9B615C1E573451D7B05A0FC76AC5BECACFFE14D0B1E0BDF1827906FEDFD4F738375B259872B9DC4BA4DC93400048E000E4CB38CEAF46B56A8449D92F5DF38BBB62C739AB6BFD4A977C83164608D1E70C877B6ACF8C4D9B46C6EB0337A20DAE171CDB733AC0C7DEB346B7F19C7CC021548B38CEBBE7FC3C9D8B0A4C46DFFF22FFEEEA41CD6C54969D3D9F1F958140620B6D02A013164F7B695CE8A05E34A1C34FE1A0014CC3E6E5DF529995883ADB52070E38FEF962868F40ACE3E7EFAA4939F974D260215203F2FC759F6D9D812078D21A1D9C735DFA4938900081C011417006616B934B52472B332C8C41A2C373BA35C654F9D5DA02C02814096F72FF99157E4D254DA7250175155B154158821B50F3AC239E2CC41657EBC3F2E914CACC1748A96FCFCDCB2FF2024D4261351265DBB76ADF3C9279F64656767FF87DC709C386B8BCBD396FBFC716422CA56767CBE25090909D9A79C724A60DAB4696408081C81EACA1F9760A9211981B275566BD575E86EA2B28D1F3F7EF8975F7E795FCF9E3D7D334C6A6A6A97F4F4F4AF6A78EFDD4948A22D47E5BAE69A6B3A2527274FBFEAAAAB6ACD9C39F36FCF3EFBECB63FFEF18F2F9033A8B07E2A59000040549C6329F900F739C1D221EEE504CFF509B1F0019E7EFAE9072D681C3E78F0605FF7EEDD9DFEFDFBD74B4C4CFCC082C8F695F0F28D2C85C64A0EB6D4252C0DB494E2B97F7D8574453C57FFB0FBA2E6E95E82FBA89C78B7BD3DDAD229B11234D6A953E7ADBBEEBAABB6EAE29D77DEE9FBFAEBAFC73DF1C413BFAFA4B77098A5C3C3AEEB61E9A8123CF6254B1D2882048E0000E057F53C97775BBA35ECF6F0C0E6744B9DDCCBFF6729348D3527DAC1E363E6BBEFBEFBCBD0A1437D871D7658F0BA134F3CD177F3CD37D74B4A4AFA382D2DEDF008BF857C374FB4467FABA56F2CEDB2F4AD256D11BCC752ADB0C74CB1D4A090E73AC3D2668A678DAD8BA13270D401EAA3EAA277F7BAEF2D0DF6FC1F95957CDEA0B17DFB82311BFDB5E0D1BF64C992971E7AE8A1D44A781B375A6A1376DD499676845DA7FB5C67E952E7D7419ED6965A79FE57B0FBB853F4400F081C0100A8D6DA5AEAE7E91C6906EC07CFFF175B7A23ECB739DF0D685ABB41D136F77A9DA4336ABB193DF8E083CF2E5FBE7CC0F0E1C37D2D5BB6DCE7B6D34E3BCD7FDD75D7354A4848F8F7B5D75EDB32826F63BB1B4027B91DFE9D9696BAD77D6C699CA5769EFBAB033BCBCDCB366129C9FD7B8773E05960540FD739FBCE506B79750BCFFF432DDD19F6985CB77C9C6AE9424B032C2D719FEB764BC36321680C09058F3FFDF4D3E451A3465D1DE1784207C9BFEF140C687576F350F97991A51BDCFAA8DB565A7AC5D24C4B1FBA698DA57FBB973FB134D929583110A098C6168E714454DD77DF7D675B8377EBB66DDB4ECBCCCC6C989595956497E31B346890939494B4C7D2E65AB56ACD59B366CDF8175F7CF10B720C4015A6C0F05DA760464CCEB77484A5B1EEFFEA68FDDE0D1635B378A61B6CD673039B7CF77E719E0E953AAA2FB88164A5183162C48B1B366CF88382C69494C257779E7DF6D9FE3D7BF6349E3163C6A77DFAF43969D2A4491B22F476B4C44D33B79738053341EA94AEB2D4D1EDCCDEE076464334E3A8598C0BDCC785D47103C7B71D66396A8A132D3DEDF97FACFBFFFFDCFF1BB803398E5B368E74EBE3D9EE20CE5B4EC172F38F2C2D7007782A7530A7B8A0D11B3C0E1830206ECC9831E9F7DE7BEF550F3CF0C01B11782B0A0EFFEE0ECA3CE00EC06C75F3E75F96D65BFA87E7FEF96E5D7CDEFD5FCBF1CFB294E9069D1AE41913C9BCEBD9B3E7F17EBFFFFC4020A059E4E6960E72DFFF0A4B5B14CCFA7CBE79F9F9F9EF4C9B368D4DBF081C112DD75F7F7D52F3E6CD476EDCB8F10E0B1613DBB66DEBEBD6AD9B73F0C1073BF5EAD5732C6874B66FDF9E9091919160F7A9B764C992BE76BF3FDC70C30D99F1F1F10F6667673F3161C2843DE424802A464BAF2E770A46E1B555FEB16E50D8C50D063B7B821CCD2CBE69E950A76009E6224B7D2DF5727E5DFAA5A56119CEBE4BE7226AE8D0A15377EEDCD9D382479FDAEAE25C78E185F1D6761F327BF6EC7FA7A5A59D3265CA94AD15F856B43CF52A4BC7BB9DF69C4202BE809B3F92E206EE5A53AB990DCD8CDC6769B4533053D92F2CC044F5A74185DB2C7DE7FEAF7A79B8FB57C7DB2DF3DC77B93B3873B81B587CE796BD1F9D8259EC899626597A2F9682C64282C757EDFE573CF2C8236F56E05BD1F1C57D9C8265E39A85BDDB0D1A4301A2CF6DC7B6B801B7E309CC4375EE0F96E6BBED9E82C85A91EA7FEEDEBDBBAF0584DAF2B8B5058D85DDADB59B3ADAEDDDEDBE0FA7A6A6AEB0CB8F262727BF50D3FB9F2C5545A5BAE38E3B6EF5FBFD5B9A346972D7B061C392ACF1F25D7BEDB54EC78E1D1D2D770A7544F457FFEB7ADDFEE8A38FC65947A59E357E23ADF2AEEFD5AB576F72134015748C53B03C551DA6C56E075497E7390523DEE1BFD13AEE47C70269A6431D96A996665B6A66E9733718CDAB84F7EDBBFBEEBB5FCFCFCFBF46338D070A1A43B4BB63D7AE5D0F4D4C4C9CD7A3478FBA15F87E14786BC6E2BF967E713BA85FBA79B9D6F975095C2898D46CD00C4B1BDD7CCC7203C8FB2892355A474F595160F8917BB9B0C198B3DDC188CB9C824D5F9E73CB978E71D412E96F6331680C0B1EE3B76EDDFA5AFFFEFD2FA8C0B7A3BAF5B25330A035DE295876AAD514D7B9C1A266234F76F6DF384793576DDC54DBF9750979632702C76FF7ECD93375CF9E3DCB2D107CCA7DADD268ADC7E9F17A9E9A5C61987144A5B8E4924B6A5B20F84A4242C2451600D63AF4D0434BFD1C7ACC9D77DE99B06AD5AA040B389FE9DDBB77B7EDDBB7DF3A6BD6AC4C72184015A18EE7556E00D3D2FD1DEE52C8EFB1663C9E7283A0672D7D1D76FBDACAEAA85A9BEDB7B676767272F27983070FF6DBDF523DDEDAEA44EB701D397FFEFCF72D78EC3C63C68CDD15F8F642331ACA57ED6E79B0DB29BCCEBDDE3B0B99E9DE2FB4E4F72D378847CD55DF2D2BF96E7DD47249CD5E6B3540F8E131BF730A8E9F7DD42998B93ED729D861F5264B0FBB41A782A455B116347A83C7810307263CF6D8636FDC7CF3CD178F1B37EEBD0AAA831A00D346383AB6F8374EC10CED32E7D7A5BB2D9DFD379FCA76FF0EB1749E53B072E0557720A8C25651A8FF69F9F5A453B042632F2DB33FE184139C638F3DD669D3A68D53B76EDD60DAB97367302D5FBEDCF9F6DB6F9DAFBFFEDAD9BC79EF5B6F6201E4D4D4D4D47377EDDAD5BF26F63F997144C4594721B94993269F1F77DC71DD478F1E5DA6A0313C807CF4D147EB9F7CF2C9DDEBD7AF3F57CF4F2E03A822B42455335F1AA1FFD20DFE3E743B5CDEDF646DB8A1A5959F39C56F109118C937DBA54B9778EB34CD6DDCB8F17943860C2975D01872E38D372675ECD8F158EBC0FDEBA69B6EAAC8D9848027400CCD38AE70F3778253F8F2559FE7F28F14C91A6D875B56B4CC748DF3EB8CE392B0B2D3DC0D24F3DD804733DD9AF5D7D2F37B2D3DE1142C7B8DD9A0D11B3CFEF9CF7FAE959B9BFBA6D5CB732AE8ADA5BB81B502E79F2DFDD64D219A816C17F6982B9C8253EA286F5F730A96E66B506D6621417B99FB9F965F6F7B83C6E6CD9B3BB7DE7AAB3376EC58A76FDFBECEA9A79EEA346DDA3418348AFEEA7F5DAFDB753FDD5F8FF336697ADE9AD8FF247044A483C638AB8433ADC3709455BC845AB52A66D9BA9EE74F7FFA53CA09279CD0323E3E7E9A5E87DC06500568E996CE17A7590E8DB277762FEB18A1E561F7DDEDFC3A9B16A299C9333CFF9FE3446833970B2FBC30F198638E99D7AA55AB4ED651F52726963D46F5F97CCE6DB7DD96DCA1438753727272FE59416D7668A9DBE1EEE5503E681640C7A9E958ABACB0C7688D6D4A5840A0DD334FA468D648BBDDFAA7A459FEDEEE652DADDC1C3640F38EA7DF7CB25BF61EB3F48853B0CC755EAC078DE1C1A35D9CDDBB77EF2E15F0F6D40E0D7603C0766E5D5CEFB669CBDDBC0C9F456CE106DDBDDD805C6DA38EE77ECEA98073AAAA8D310A68CF0A5D77DE79E7390F3DF490D3A95327C76E2BD1F3E87EBABF1EA7C77B9CA5E7AF69FD4F024744545252D2FD871D76D8A9B7DC724B4446C5070E1CD8D274B0CA3B8CDC0650053CE3142C3DD52C873668F9D0BDAC9D51FF564850A4E31E43C7306AB9C6FD4EC14639B53C814FDB8A7E935ADED5BA75EBF96DDBB63D65C08001FE8484F24F12FAFD7EB5D9B50F3FFCF0CE75EBD69D52CE8057C744692641C77C6AC743CDFEE87850F5A8B53BA6DEB096CAE938C6DFB9FF6B239C056E0775901BB8EB79A65B1AE114EC9AD9C5D9FF582C545F77B8F54F49CB9627B997FFE2EC3BEBF5B3FB375411BE71CBD2936EB0A42596139C82A5AF311D3486058F89B56AD57AAB9CC1A37680D6A948B48457BB42FFE40ED834737E3D8651F7F106582758BAD9D2F54EC169757C6E9BA73AFDBAA585961E72CA71489DB5370A4A757C7870E0EAA69B6E72FEF0873F38656DCBF4383D5ECFA3E7735DEABE4E8DC1318E8898D4D4D43656A1EEBCFDF6DBEBA8C31091910F7BDE214386B4B6D7B8C35E6F427A7AFA72721E4015FA0D2EEA7758E78BD3C61D57B81D32D1F1489ADDD0E62E5FBA41A43A64F32BF24D5D7BEDB5F5AD93FAEF134E38A1BD7592E2D4495AB76E9DF397BFFCC5C9CADA7702CF3A9ECEC9279FBCCF752B56AC50BBEC78772CD46CA546ECB504ECEEBBEFAE336AD4A8EED75F7FFDF8091326F42DE3DBD4ACA276C55CE9FE7F8FA56E4EC1A625877AF235D3EDD8E7BBF934D7BD5E9DFE73DC8EA576B6D5E9382E709F6F0445B3464A705371A7D44872CB9696646A1317050DA19D7B75DA0995E7C7231D34AA3E0E1E3CD8C9CECEDE7B3FD5D3C71E7BCC69D6ACD93E8F9F3F7FBEF3D4534FEDFD5F336863C68C09EE64AFE71B346890362AFC97BDCE05D3A74F2FCBACA902BFEFDD76CA7BCAA05CCF7DB47371E8CD1EE90ED8DC13767BE8B19AD93DCDADBBB965C9B3B4B4B4D6F9F9F9833D79A8530455C8F7A1E7D9BE7DBB336DDAB450BE0FB6D77B79CA94292B6A422561C6111153AB56ADC72FBBEC327FA3468D22FA3AF6FCF1E79D779E0EA67E281A9FB357AF5E775AD0DA916F1C65185C19A0D314901335D63C37A829CAEB6EF018DAC27E941B348A36E3D0391CFFE4141C8F55217EFFFBDFA72427272F38FDF4D3F7068DA2804F3B5CB76EDD7A9F255E4F3FFDB49397F7EBA6AED6590B0688DEA0511D593D56CFE1FE3638F7DE7B6F9D430E3924D582C7F29CAB6DA5E7B23AA5DA6D76A453706A8D3FB8E936F736BDC9599EFBEF71EFFFB81B80DFEDDE5F79CA49C76BA67BDC60A53837BA030D2A3BE33D41A368E6FAEF910E1A43F5B177EFDE4EE3C68DF75EA73A6701E03E8F5760396EDCB87D82C6CB2FBF3C183486E879EDF9752CE05B7ABD32BC4DD597999EC04F746A0E2D135DEE260595A18DA87E74F61FEC523BB6C6F3FF5A37202D13CB8B87DCE034F8F9F4992B929ECFF37DD4765FAF46207044445867A0A155A40B2EBAE8A24A3970D83AE0C75907E702BD6E657F56FB9CEAF82CB2F7B0A467CF9EF76AA48B1280127ADC3ADA9F5BD9F9B957AF5E7F2388AC7174AEB3038DA8072A6BE0C1CA6013EB587E79EEB9E71E7EDD75D7C579966305D9F5C15325B56BF7EB1E179A817CE28927F6FE3F71E24467DBB66D7BFF6FD1A245B093AAC77A25252539F7DD775F9D468D1AF5B3607544AC7C21D4C11A6D4309EEB3DAADB7D945D4C7E3221D347AEBA30665BC83F39A897CE79D77F6FEAF1948EFAC64C3860D9D2BAEB862BFE77283C7DAE65F650C1EC3659721F8AC90F6AD478F1E0DAC5F16FC906AC3AC2D8B4861D1F386DA48BD9E5E97C01128A3DDBB775F6A0D5166793653280D7B1DDFA1871EBA5CAF1BA58FAC46AFBD35227FB54060B93578F32CDD620DC941B1F8FDBCF9E69BCEBBEFBEBB4FFAE31FFFE86CDD5AFEF3738F1A35CAF9DFFFFE17BC3C77EEDCE08F58E835468F1EED1471C2DDA0575E79C579E38D376A5A75D1286D1BCB97BBAA521069EFD1F9F7BFFF5DE2FBCF9C3933F8FD96D4B061C3BC5BA0174ABBDD7DF6D9677BFFDFB3678F8291FD9653D680818795E52D33F61C3AD7E2C2CB2EBBAC65CF9E3D0B5D3EAB4ED2CD37DFECFCF2CB2FCE4107FDDAB42D5CB8D0F9EEBBEF82DBD7CF993367EFF59A59DCB16347F031E141A858A758A7FAA853BF7EFD41163C0E8C89CA58909F6BAADA404E9F3E7D9CB56BD71EB06DFEE187FDCF3EA2EF4FBB476EDCB891FA5831F5717979CB4F498E69549DBAE5965B9C9C9C1C6F00136C67AD2FE42C5AB4C859BC78F1DEFBC7C7C76B53C1223785D1EB6819797272F29B15143C56547EAE2A4D7EDAE7BCC471779B3EFAE8A383AB242241CFABE70F7543DDD7ADF638C61111610DCF959D3A75AAD4A0A96BD7AE0913264CD0710713A3F09143BD22ADD3D7A615DAC54B3B6E8DB546EF6D6BD45FB14ED94C7B7F7B62E1FBF9E73FFFE9BCF0C20BFB5CF7DA6BAF39E1CB8A972E5DEAAC5A55F4EEE27A0E750ACF39E7D71DBDB76CD9B2F7188B050B1668F4CF39E28823F6BE46780752D775EFDE3D780C546E6EAEE3DDEE5F1D91FEFDFB17DAE9AC46FC6E2720DF7EF4B34241A4923A2076FD0C4BAF4E9932E58B587AD34B962C718ADA25594B173FF8E083E0B2C5902FBFFC32F83D6A004154AE3EFCF043E71FFFF84770D3015DF68E8CEBB23A40A11F66754235936501C6DEFBE85C5B2A2FEA247DF2C927C14E93925E43EF6DF6ECD9C1C10A0528D5DCA19E32B3D2F2795A69CA8C058A4758FDFBC4FEA65C70C105C5F60B14306AA43D3D3DFDD75133CB73CD6CA80E7B97ADEABBD1F7E50D326CFA837E00001C1149444154C359D0E8DC7FFFFD75EEB9E79E91BD7BF7DE3179F2E41762203F9B79F2739DE5E5A458AC835E3AE62AD4EEAADE3DFCF0C33A766D9F8D40D4366BC638D8237FFCF1E0A9AD3408A0EF40EDB8668143A88FE58B293CE56785959DE9A5293FA5D90847754B1BB6BCF4D24BC1FC170592FA7E7FFCF1C77D82CCDFFEF6B7CE51471D55ECF3E9F5060F1E5CF7A1871E9A65EFE392321EF358D15A7AF273B57D9629C5E5A7DDEFA2D0E5DFFDEE77117D637A7EF5933CAF3B99C011284BC18A8F6F673F6295DADBB7E0442798CD88F247AFEB69BC32AD71D3A8D7A576F9D2ACACAC0C6BF4B4EE7FB2FDF87E3062C488FC68BD4975EE421DF890D5AB57EFDF1BB58E8546D56AD70E1E2A105C86A6731C5D79E595C1FFBD5B53AB53A2E04001C18C1933823F5EDABC481D889F7EFA29789FCCCCFD0F1FB1C6DFB9ECB2CBF6FEB8797DFAE9A7C111D29AC0CA8802C8E4AA12446A16E1E79F7F0E7646C269445B27565EB3664DB03CA8F3EAFD6E77EDDA15ECAC4E9A3469EF752FBFFC72F0589C5030AA132FEB4739F4C3AF7272D86187052F6B164B331B9AE1FAF8E38F830321DAB845276AD6ACF92597140CFC9E7FFEF935B1F96D559A20B2478F1E1D2CCF3FBAFEFAEB1B74E9D2A544DB0D9E7EFAE9C141217DAFFA8E45C1828289907AF5EA05830CDDF740D4F91D3972649DA143878E4D4B4BDB69EF353D86F2B3A93788B4364D1DC319B15007355318CA7305716AD3F5BD68B9A2EA8806E2F41DAD5FBFDEF9CF7FFE13AC8B5AD1A1BAAB0D535E7DF5D5229F9BFA189D20B22CBBA7AA8E29FF35BB189ADDD5F7E5A5419D7EFDFA95E8F9EC757DF6FD29789C69EFE7D218091E435A9420886C13BAE05D561F0961CFDFA646F4EF09711009163434296E9439122CB8D136D8EDAD31191E0B79608D596DCFBFB9D6D0E980FAEB95962E5D9AD1B367CFAFD581AE6CEFBFFF7E30A82BAC01B48E5B703953A8931F3A216E4968B6D23A9EC1A5A99A65D463B5494658B9D8EF711AE52E6AE98C96D654168DA8DB77F21737D88F9920D22958069DE70D227BF5EAB52D3F3F7F7134CA4FB030BB1D520D1614459B367CF4D147C165CB279EB8EF29F2B4EB66F877AB256D6FBFFDF6DE590F8DE2A6A4A4046752D431D5F773D65905A7E352D0A99DED3490A1EB8E3FFEF8E0F5EA083FF0C003C14E943AAFE1E58F2072DF20D2CAFB891618BC77EBADB7D63BEDB4D34AB547FD8D37DEA863A2821DD2506735B40C5DED8792963F96D421871CE20C1F3EBCB6958317AD7CEF9A3A75EAAC18CCCFA656EF741A8F41EE4CE42B0A04A21544EA84E4AA2FAA8B3A764D0379C71C738C73C71D770403BB505D525DD4F17023468C080ED23569D2C499376FDE3E83870A3AB4E1C791471E497DAC9C2072BF81C0F29C7243A78818306040A1CB82D5D6AABE7A57F3942078F42B781C3D7AF41BF6BE2E8BB1E0B1B020728D5B1F5FB53ADADC3B28154961CFDF9CC011287BE0584F23CE9549A39B4EC1399446C47A5DB3C64D997396FDA0062EB8E0824A7D239AC553872FF4E31EA24E475A5A5A999785EA71A1D1692D99D1E8F66F7EF39BE068A83A35125E2634F3A999CE500746A3A4A1190C296C86325214E0D867181D8365C7175E7EEC87B2A1BDD74ED1283FB272E54AA74D9B36FB7C57855127561D490505A165542A67279D74D27EE54CB317EA648696506B86E4CC33CF0C2E73D665CD5C7B69B041C7D0AAF3AC8EEBE4C99383CBAC34EBFDECB3CF3A7FFFFBDF2B2D3F14C0EB3DC6CAA0550982C8EDF6F7670B380EFBD39FFE946CDF47A94F6CA681212D6F7CE69967F6EBAC2A98B460B454034FC15E608B163A96AEF6C89123D32DA8D54CC22F319C9F9A89FCB392E5E7CED9B367FB3B74E8B0CF2E9791129AE1F3D2208EDA510DFCDD70C30DC1A5A6AA4BDAF5563B706AE6EFABAFBE0A2E31D677A33AA31521A14D8BB4D458C7CB5587FAA8F2182B8380C5081F085C61417A3BFB6D4E2ACB791A55D76EBBEDB6E06936BC4B8C452B87F4DD9596BD8F380B1EEB2878B4FCD44CE99A18CECFE6A1FC74DC8D76F41B53DA36A82CF9AED77107CD1A3B3500812322C23A0EBB3232321A840286CAA0A571F663956115F8B14AFEB8650954F7D8FBFCFAD4534FFD5D657F37DE635E3422BC69D3A6BD1D86F29E6F5333490AFED481D1F1361AE9FCE28B7D07E335F279FFFDF73B2D5BB60C7636746C868210D1122B7572424B60BD4BDF224DC77ECC9F3F7F48257736CA3AC8B1D3CACF222B3F6745A37E6B399ABD76F047F3FBEFBFF76E10B08F0D1B360483CC50C733F443AB4EAC669FB59DBC9766324383080AE443CB9C972D5BB65FD9D4923C05A45AFEA6E0E5C20B2F0C96392D7FD5B905B53184062ACE38E38C88E78796FDD9FBF13955E7FC7F0DAC9C9F60F9975396A0D1DBE62A4850E0ECDDF44AD7E9B632F5A6AD2D38F6D863932D3FFB3A55475DB55DD3A74F0F6E321669CADF8E1D3BEE734A05E5F7C0810383019AE55FF03AEFA0928E39D66314F83DF8E083C1B6577551CB4BF59BA03A1CDEC9AEAAF551C7F6C5E82060A1DC81C086967F81B2048DDE32A03C0EDFC4C87B1C6A6975E8D0214169F1E2C53755A1FAE873F3353860A9FA12297A7E4FDBB799C011287B70B2C93A87951A3866656559FD0D7C9F9E9E7E7F657ED6D4D4D4127516ED8741C1A2CECBF662E818C77EFDFA55FA718EDE0D4B342BD8B66DDB426F2B2D751C34B2ACD14D1D03A9A04FA3DE575F7DB573FBEDB707B7EC5720E93D2E521BAC2808D1CC4561145C1417985424CD964E9B36EDA1582C3BAEFD36E98846F9117526356BAD256F5AFEE63D4F98681659BB6C6A16443FDAE1CB52B5FBA33A773ADE4A33227A9ED077102A1FE1331CE13BB86AF74E2D89D60CCFDFFEF6B76047F6C5175F0C6ED4A4991F2DC99B3A756AA5E48766D5FFFBDFFF06AC0EDC5FC95F4549CB4FC0F975032FB545DB34E368C14E2B0514679F7D764A595E5CAB3C746C5DF84EC9BA4EB79525785CBA7469BE7DDF1A18498FD20C4749F254F5CEEFCD4F2BC30D7592F1CAE20D1AB5118A953FE7D1471F0D2E27D5ECA196AB7A37AFD252540DF6843648D17DB5845C8166464646A16D7055AD8F5A6E1B8541C0D2D4C7FDCA8F7663B7FA78F8C2850BEB9C74D2497165797105E75A4A1C4EDF43F8F91D4BEA8B2FBED8626DB92AB80E485F1783F999EBE667ADB0EB823F3A1AA48C64E018B6137D2CCFC8123822E603C7D5D6081E113A78BE325867551BE3AC88B1AC500336C77E185E8A955D55D5E108ED9EAA65441A8556C7412395E1E75A2B0D7548347BA8D16551C741339A0A1C431D0B8DCE296850A72614A816779C9C3A43913EB83DC6C5DC8E8EDACE5F9D935050A0990B0D10E8F8566F195379F0EED2EB5DAAAA5D15B59C5141A3973658296A8643B31F7B7F9DD7AC713A77EE1C3C4E2B548E54F6B47187064234ABFDFCF3CF0797CD55067D1E2DFDB6B21F4B8356DECEA982C6FD8EA9EAD9B3675BEB54CEB1402F70C51557946A9995BECFE79E7BAED063AAB4544EB34E5A36579AA5620A1A1F7AE8A18C3D7BF6446D438E62F254C719873AF4FEF0FC7CEFBDF7F22C68AAD4539CE9F4190A12B56C5503005ADD71F7DD770767F5F41D840247B5A3975E7AE9DECDA814FCE97837DDAEC301D4F9557017AEAAD647B52D953D085882FAA803FC138A2A3FEEE33B8E1D3B76EE2DB7DC52F7F4D34F4F286D7D549DF37E2FDEEF477B1B74EDDAB5549FE7E38F3FDE6A753CCFBECFF3D3D3D3BF8AA1FCCC76535D4F1CB3373FEDFDEAD43E3D75A5062823753A8ED0F37BC45AFF93C0115587355EAF2E5CB8F0CCD34E3BADD27E48ED476D87351AEFC448167C6A69625E5EDEF41933666C89A5EF463FE2A20E803A0F3ADE4C4B97344BA4A54EA5A5D986C28E8BD466081AF90D6DE0A2A0347CE6E940C7538636D920588C0D0A12860C19129C590ED18C63B76EDD829D521DD32AEA902A79B7F4F72E55D54CB377C97488061942331C9AB10ACD70A8E3A325D5215AC9A0DBF4FCA16056CB5E75CCEC9D77DE191C6CD06C7A0D1C742836B809BFB375AE7FB07CFBDDFFFDDFFFCDD9B2658BEF861B6E4829697DD32C86060DBCA7DFD0605168D5823AB00A164ADAA6C442D07880E03BEE40F9595934D8A6E5D10AF8B4898D96856A276BCDF66937547D875AC911DABC464B4635EBA2CD6BF4FD2800D432560DE269C7552D29D76050E8541DD4C70AE30D16130E547E149CF5ECD9F38C71E3C67D64F5A0BE057A259E31559BEC1DC4F11C7717FCCE552EAC3F56E20D72E6CC99B34D03DDF61D9E63EDC4D26867A47D9E1CFB3CFA31D1B95C6AB9A9D0FCB43C7CC7AE0B068E1A1CF79E2EACA2E9F93D7DA1776A42A1267044446466664EFBEAABAF1EB346C75FD48E9915DA5BB21F28EB8C36B4C06466143FF60FD6704CB4CF3BD91AB1981E795227FEA9A79E0A2E29D24CA3CEAD659DC7E088A41AC2C30F3F7CEFE935BC74FCA27E7842B3081A79D6713D0A121528E879D5A9D012531DEFA8A0E2DE7BEF0D8E7817461D168DD815B5398E6E2B6C049560B1F269E9B176DD1D3E7CB8D3AA55ABBDD7EBB8269D6F531D4C1DDFA581096D7222C71D775C70364E65431D4D951DDD4FB310614B7C8242A765090D48848210CD5478672B42A787D1ED2A1F9AEDD3AE8F3A27E4E0C1838323CCDAD8E39B6FBE09EE3458CD7997A1963AB8993C79F2DA1E3D7A9C6E9DFE7FD977D2CEF22BE5406DB682160507DED5026A47F43D878EAF5279D177A2FB1EE8941C311A349628F88E06EDE478F1C517EFFD5F4161F83259057A279F7C72B0CE8596EA85EA8B3648EBD4A953F01CBA5AB2AA765781A406852EBAE8A2BD037CD4C772D7C784D2961F0569696969A75AA0F7F1EEDDBB1B75EFDEFD80919EEA980EE9F00EE26819B2AE0B0DDC865601E8DC9E07F2E69B6F6EB72056FB4574B1F7B32C16066FECBD2494343FAD1CBE696D5870102D74C844247657D5F3EAF943DD50BD2E8123504693264DDAD0BF7FFF1FED07AA7D5976F32A2D6B38F3AC21593471E2C40D5118091B608DDA47D158CA51AAD6D77ED4757A046D56A28E848E4BF37610AFBAEAAA602723B4A450CB0CC33760F01E9F18E2DD894F4B8434EBA48EC93DF7DC13EC8068973F2DA75247473F5EA1258A1AB9D6922A2D910A1DE316FEFCEA9C7A4F4A5D0D0DF4FBFDFF8EE5138B8B6625B463A2BED3C27E80B54C559D507560BC23DA3ADE4AE549030B0A2E758A00D10628A10D918AA280F340DFBD6648749F59B36605EFEF3D8E479D601D575B03F8CA1BDCCC983163FBF5D75F7FCEE2C58BA78F1C39F24CFB9E1BA99E16D559D2EC85774047338D3AE65581E3B061C3F69E7647CB20B56451C72817D5718BD1A031E682C5030DEA5C77DD75FBD43D0DFAA98D552018A29941EDAC7ACA29A7040777421BD568D9B982BC09132604DB7C1DA74E7D8C5E7DB4C72CBBF6DA6B7F67F5E1130B1E0FBEFAEAAB6B1717BC68F65FCB8ABDBFC3DA61551B1FE9F73734F3A8EFFE407B06585B9061DF9F46843AD9FB88855D8D4B3D78639F61636A6AEA5C7529D4166936BEA87D14CA2374BE6AD75CBD6E4D29E040445845ED6481C3DC3163C6C417B62CADA2A8E25A23B9C39C3F6DDAB4CFAA521ECD993327FFACB3CEA21EC6808F3FFE3870EEB9E7FA293FA82AE5C73A47032A72E0A1478F1E71D6E91CD7A44993AB870F1FDE20FCF439EA80EA5C7C3A1D843AA5215A1219DA4D548303B367CFDE3B3BA5C10305293A217CF832D8580C1AD3D2D24E294B7EEA18C74E9D3AF9A909315117756844A5B78B155D1FFBF4E97388D59979F6595AD8E5FD0E16567DD461265AF9133A75950671FAF5EBB7F7987305EB9F7FFEF93E83071AB82D6C55C1A4499376DA6FCA2FF6BC9D35F81FEDEFB13CF9A97A6C6D90FA833EE5C9C89123830329154587FA6899B8DBCE05EC354EAD0A834C1515C90311316EDCB879D609F95A9D88489A356B56567676F647552D680480F2484F4F1F53919D95193366E44D9E3CB9EF860D1B9E1A3264C84E6DBE123650115C8AAA65E8219A59F2AE3AB0CEDE3EB38BBABF4E55A1C7C67AD0E806BE5F50B2100BF551C15B6E6EEE6973E7CEFDF1F9E79FCF08DFBD5875EA975F7ED9E77CC73ACD9577A3B2FEFDFBEF3313AD635975784978003A7EFCF85D7A1D7BBDD36321682C6F7EBA8F0B7E500577DA79B8B0C323CA42CFA3E7F3EC423FBD26B51B048E88A89D3B775EF5D65B6F65E9D88648D0F3CE9C3933D31ABB3F92DB0050211DD661D6C1BCFB9E7BEEC90C9D8753C1DF2BAFBC12DC442BD481D548BE7651F69ED34F9735BBE8BD4EC732EBB17A8E580E1A81586301C9560B0CCF9A3F7FFE774F3EF9E48E50B0A2BA3479F2E4E0A96FBC752FB4ABB9F73A6D5014AA8FAABB1ACC0F0D0AE9F99E7EFAE94C3DBF5E47AF575DF22E2F2F4F99B15697B5A4F7E1871F2E77F0A8C7EB793CC777AF755FA7C6E0184744D4F3CF3FBFD23A11975AC3F4AF61C386C56934ACA268A4ED89279EC8B4CEC745D3A64DFB85DC06808A619DD2BFF7EAD56BC388112326DD75D75DC93A31B98E812B092D4D55A058188246A07466CC98B1B3478F1E5D172D5A34EB91471E3979D0A0410D9A366D1A3CD6B824B4EF4061F5519BE98C193366F792254B16ECDAB5EB427B9DDDD52CDF56A7A5A55D6EC1F147F66F92564A68B33E05D76559B6AAE5A9DAAFC1137CEEB180FCF2F4F4F4D535A93C32E38888B34EC2BBCD9A351B386AD4A8BC8A9A79D4F35887664F6E6EEE0D2C5105808A3775EAD4FFB300EF42EBAC66EA1C81E545D008943908DA9D949474A105791F3DF0C003DB43A7392A2B3DDEEAE29EFFFEF7BFF3121212BA55B7A031444B480381C0B50AF2F47FE81436DA1CB0B873487BE97EBABF1EE70D1AF5BC3571693B81232AC5FDF7DFFFA4058F9A79CC7EFDF5D7BD3B51958A1EA7C78F19336647666666D78913274E2377012062C1A3CE2977DA73CF3DB7433BEB123402D1F1FCF3CFE7ECDEBDFBCA1F7FFC71B6F5A9B66B37DDB2D0E32CF8CC5AB162C55BDBB76FEFAEE7ADCEF9366DDAB4D7FC7E7F67C75DB6AAE5B93AE7A896F06AB3AF0F3EF820B8D95768D9AFFEEA7F5DAFDB753FDDDF734CE35A3D9F9EB726964396AAA23283C77F0D1A34E8E8050B16CC7AFFFDF7DBF7ECD9D3AF13D296E43C8F5A52A1533C582726C7EEFF597676769A5D66792A00443E785C9C9A9A7ABC7594BEB04ED5C13A750F412350F9B48195FDE96DFE7EDF7DF7A56AF7636D5055523AAFE3830F3E98BD65CB9657C78F1FDFC72938EF64B5A799C11E3D7AFCD6FA8F8FD9BF3D759D262274EE69A5D2C4A13AA6B1A62D4F257044D43CFAE8A33FDB9F63870E1D7AC11B6FBCF1DC8409130E3DF1C413FD3A59AD4E24AEADA2B5239F960668D4479B2A2C5AB4C859B87061AE358E3FECD8B1A3DFE4C993E79393005079ACA3B4BC57AF5E1DE6CE9DFBE5D6AD5B5BDD70C30D3EEF0638048D40A509583FE8160B1E33EEBDF7DE7E23478E6CA073331F884EA3336AD4A81CAB8B2F3FF7DC7337D5C0A05BC15E6A5A5ADAE316FC8DF4F97CE7DAFF712578685E2010986341E77DECBA4CE08828F9EB5FFFFAB6FD69A3F3146DDAB4A9FFEBAFBF7E79565656636BD0EA6FDFBE3DB95EBD7ABB92939377242424ACB70AFE4A4E4ECEC4A79E7A6A03390700D13175EAD44DD6661FB378F1E24FC78E1D7BECEDB7DFEE2BEE1CBD048D40E458F0789705413B860C1932C802C2FADED3E084D360BCDD27D702A0679E7EFAE9013539DFDCE0EF825EBD7A35CECFCFBFC4EFF75F68F9D2C2AE6B6EA995256D25BDC602CBD576FB5B76FBACF4F4F44D94380247C400F77C4143DD040088ED367B57972E5D4EB48071EEE8D1A3CF1A346890AF76EDDA048D407482A0516EF03852C1A3566E85D3CA2D6D4E989494F4F0A38F3E4A5FCBA58130FBF3929B50426C8E0300004AECC30F3FCC7DFCF1C7BBECDEBDFB9F23468CC8F79E4B8EA011A8F4E071EC8E1D3B06DC73CF3D193ACFAA97FEB73A9A57B76EDD61048D2070040000D110B0E0F0CA3A75EA3C7FDF7DF7E5AF5DBB96A0118892F4F4F47FECDAB5ABDFB061C3766A4750D1DF912347E6356EDC7890D5C9D1E412081C010040D48C1831E2D6E6CD9B8FBAFFFEFBF3DF7EFB6D8246207AC1E334AB7B69561733DE79E71D9D4A22BF55AB56B78F1A35EA097207048E000020EA860C1932A25DBB76774C9D3A95A0118822AB83B3AC0E5E3165CA941D871F7EF80D43870E7D8E5C0181230000881903070E7CD6EFF737256804A22B3D3D7DAED5C52683070F7E99DC0081230000883913264CD8432E00D44510380200000000081C01000000002070040000000010380200000000081C0100000000048E000000000002470000000000812380E20402813C4B6444F4BF07DE3BCAF51DA82E9313359ADA722A23ED2140E00820327C3EDFE69C9C1C3222CAF41DC4C7C7EFAE6AEF5BEF99F2131BE54775999CA8D101CBFAECECECEDE44474E5E6E63A090909F9E40440E00854472B76EFDECD106994D977E0F8FDFE2D55AE01B7F7ACF78EA8971FD5E195E4448DB63233337313D9105D5959594E5C5C1C8D2240E008543FF9F9F9B3376CD8B08E9C88AECD9B376B94FABDAAF6BE6BD5AAF5AEDE3BA2CBEAF006ABCB6F921335DA3B6BD6ACD9423644D78E1D3B9CC4C4C4A5E40440E00854BF0AE8F7BFBA71E3C664EB749219D10BDED5F1CFCBCECE1E53D5DE7B5656D6137AEF949FE8961FABC389AACBE446CD6ECBB76EDDDADACA032B48A268D3A64D019FCF37899C00081C816AE7DC73CF5D621D8D7757AE5CB983DC888E5F7EF945B38D5F76EEDCF99BAAF6DEF59EF5DEF519101D56773354875597C98D1ADF96CF5DB66C19B35D51B273E74E27D3D877F00CB901103802D5927536EEB28E7FEEF6EDDB9936AA64DBB66D7356AF5E9D959393D3ABAA7E86ACACAC547D067D16542ED559CBFB5CD561720366C8DAB56B1B6FDDBA95CA58C9B49BEA0F3FFC90E3F3F9865E73CD35EC700C44481C590044D7A44993B6F7E9D3E78B4D9B365D55BF7EFD5A4949493E72A57282C6EFBFFF3E373131F1EA33CF3CF3F3AAFA395E7EF9E56D37DF7CF37FD6AF5FDFA36EDDBA7E2B3F7CB995547EBEFBEEBB8CBCBCBC2BBA75EBF61F72046E5BFEA5B5E53DAC2DF7595D4C20572A2D68CCCECCCC9CDFA953A75BC91180C011A8EE1D8EE5BD7BF7FECC3A1C97DB8FA0DF3A1D713E1FF16324E898B455AB5639CB962DDB131F1F7FC519679C31BBAA7FA6175F7CF187BE7DFB2EDCB061C355567EE2EBD5ABE7507E22577E56AE5C99FDD34F3F2968BCDC82C60FC91578DB720D046EDCB8F1322B1F590D1A3448A62E464E7676B6B374E9D29DDBB66D5B98919171E1D4A953393F111041B466400C79EFBDF75AC5C5C58DB18EC6F94D9B364D68DCB8B16620B57B269953CECEC59E3D7B82BBA7AE5FBF3EDBEFF77F6AFFFFDE3AFD2BAB5BF9B1F2F2B20537A73769D2A4564A4A8A43F9A9B8F2B369D3A6EC75EBD6E55870FE8E050503AA5BF941C5D6456BC71FB6B6E6C266CD9AF9AC2DAF4F5DACB8FA989999A94DA9766CD8B0C16FF5F1096BDB475D73CD35D9E40E40E008D43873E6CCE9607F52E3E3E3AFB420A09975520F2257CACEF2719B05E43A65C2ECDCDCDC17AAFB46262A3FD641BDD12E5E6C65E710FBCC0D2905656765678B05006B2D1F5FB37FD3D90807A5A98B16D8F4D0EA06FBDBD2EA630AB952EEFAB8D9EAE30A0B20A75B9E4E39FFFCF357912B000000000000000000000000000000000000000000000000000000000000000000000000000000000000000000000000000000000000000000000000000000000000000000000000000000000000000000000000000000000000000000000000000000000000000000000000000000000000000000000000000000000000000000000000000000000000000000000000000000000000000000000000000000000000000000000000000000000000000000000000000000000000000000000000000000000000000000000000000000000000000000000000000000000000000000000000000000000000000000000000000000000000000000000000000000000000000000000000000000000000C001FD3FE4A34F7BFD094A270000000049454E44AE426082, null);

-- ----------------------------
-- Table structure for act_ge_property
-- ----------------------------
DROP TABLE IF EXISTS `act_ge_property`;
CREATE TABLE `act_ge_property` (
  `NAME_` varchar(64) COLLATE utf8_bin NOT NULL DEFAULT '',
  `VALUE_` varchar(300) COLLATE utf8_bin DEFAULT NULL,
  `REV_` int(11) DEFAULT NULL,
  PRIMARY KEY (`NAME_`)
) ENGINE=InnoDB DEFAULT CHARSET=utf8 COLLATE=utf8_bin;

-- ----------------------------
-- Records of act_ge_property
-- ----------------------------
INSERT INTO `act_ge_property` VALUES ('cfg.execution-related-entities-count', 'false', '1');
INSERT INTO `act_ge_property` VALUES ('next.dbid', '32501', '14');
INSERT INTO `act_ge_property` VALUES ('schema.history', 'create(6.0.0.4)', '1');
INSERT INTO `act_ge_property` VALUES ('schema.version', '6.0.0.4', '1');

-- ----------------------------
-- Table structure for act_hi_actinst
-- ----------------------------
DROP TABLE IF EXISTS `act_hi_actinst`;
CREATE TABLE `act_hi_actinst` (
  `ID_` varchar(64) COLLATE utf8_bin NOT NULL,
  `PROC_DEF_ID_` varchar(64) COLLATE utf8_bin NOT NULL,
  `PROC_INST_ID_` varchar(64) COLLATE utf8_bin NOT NULL,
  `EXECUTION_ID_` varchar(64) COLLATE utf8_bin NOT NULL,
  `ACT_ID_` varchar(255) COLLATE utf8_bin NOT NULL,
  `TASK_ID_` varchar(64) COLLATE utf8_bin DEFAULT NULL,
  `CALL_PROC_INST_ID_` varchar(64) COLLATE utf8_bin DEFAULT NULL,
  `ACT_NAME_` varchar(255) COLLATE utf8_bin DEFAULT NULL,
  `ACT_TYPE_` varchar(255) COLLATE utf8_bin NOT NULL,
  `ASSIGNEE_` varchar(255) COLLATE utf8_bin DEFAULT NULL,
  `START_TIME_` datetime(3) NOT NULL,
  `END_TIME_` datetime(3) DEFAULT NULL,
  `DURATION_` bigint(20) DEFAULT NULL,
  `DELETE_REASON_` varchar(4000) COLLATE utf8_bin DEFAULT NULL,
  `TENANT_ID_` varchar(255) COLLATE utf8_bin DEFAULT '',
  PRIMARY KEY (`ID_`),
  KEY `ACT_IDX_HI_ACT_INST_START` (`START_TIME_`),
  KEY `ACT_IDX_HI_ACT_INST_END` (`END_TIME_`),
  KEY `ACT_IDX_HI_ACT_INST_PROCINST` (`PROC_INST_ID_`,`ACT_ID_`),
  KEY `ACT_IDX_HI_ACT_INST_EXEC` (`EXECUTION_ID_`,`ACT_ID_`)
) ENGINE=InnoDB DEFAULT CHARSET=utf8 COLLATE=utf8_bin;

-- ----------------------------
-- Records of act_hi_actinst
-- ----------------------------
INSERT INTO `act_hi_actinst` VALUES ('17507', 'QJLC:1:17504', '17505', '17506', 'start', null, null, null, 'startEvent', null, '2020-03-22 11:42:15.956', '2020-03-22 11:42:15.959', '3', null, '');
INSERT INTO `act_hi_actinst` VALUES ('17508', 'QJLC:1:17504', '17505', '17506', 'startTask', '17509', null, '员工提出', 'userTask', '1', '2020-03-22 11:42:15.961', '2020-03-22 11:42:16.127', '166', null, '');
INSERT INTO `act_hi_actinst` VALUES ('17512', 'QJLC:1:17504', '17505', '17506', 'RSSH', '17513', null, '人事审核', 'userTask', '17505', '2020-03-22 11:42:16.127', null, null, null, '');
INSERT INTO `act_hi_actinst` VALUES ('17520', 'QJLC:1:17504', '17518', '17519', 'start', null, null, null, 'startEvent', null, '2020-03-22 11:55:30.010', '2020-03-22 11:55:30.010', '0', null, '');
INSERT INTO `act_hi_actinst` VALUES ('17521', 'QJLC:1:17504', '17518', '17519', 'startTask', '17522', null, '员工提出', 'userTask', '1', '2020-03-22 11:55:30.010', '2020-03-22 11:55:30.083', '73', null, '');
INSERT INTO `act_hi_actinst` VALUES ('17525', 'QJLC:1:17504', '17518', '17519', 'RSSH', '17526', null, '人事审核', 'userTask', '17518', '2020-03-22 11:55:30.083', null, null, null, '');
INSERT INTO `act_hi_actinst` VALUES ('20003', 'QJLC:1:17504', '20001', '20002', 'start', null, null, null, 'startEvent', null, '2020-03-22 12:20:53.455', '2020-03-22 12:20:53.458', '3', null, '');
INSERT INTO `act_hi_actinst` VALUES ('20004', 'QJLC:1:17504', '20001', '20002', 'startTask', '20005', null, '员工提出', 'userTask', '1', '2020-03-22 12:20:53.461', '2020-03-22 12:20:53.615', '154', null, '');
INSERT INTO `act_hi_actinst` VALUES ('20008', 'QJLC:1:17504', '20001', '20002', 'RSSH', '20009', null, '人事审核', 'userTask', '20001', '2020-03-22 12:20:53.616', '2020-03-22 12:21:02.432', '8816', null, '');
INSERT INTO `act_hi_actinst` VALUES ('20016', 'QJLC:1:17504', '20001', '20002', 'rsWg', null, null, null, 'exclusiveGateway', null, '2020-03-22 12:21:02.432', '2020-03-22 12:21:02.454', '22', null, '');
INSERT INTO `act_hi_actinst` VALUES ('20017', 'QJLC:1:17504', '20001', '20002', 'endTask', '20018', null, '老板审核', 'userTask', '20001', '2020-03-22 12:21:02.455', '2020-03-22 12:21:33.347', '30892', null, '');
INSERT INTO `act_hi_actinst` VALUES ('20021', 'QJLC:1:17504', '20001', '20002', 'sid-1127BBD2-7C02-4854-8535-50F3C324261A', null, null, null, 'exclusiveGateway', null, '2020-03-22 12:21:33.347', '2020-03-22 12:21:33.348', '1', null, '');
INSERT INTO `act_hi_actinst` VALUES ('20022', 'QJLC:1:17504', '20001', '20002', 'RSSH', '20023', null, '人事审核', 'userTask', '20001', '2020-03-22 12:21:33.350', '2020-03-22 12:22:00.203', '26853', null, '');
INSERT INTO `act_hi_actinst` VALUES ('20026', 'QJLC:1:17504', '20001', '20002', 'rsWg', null, null, null, 'exclusiveGateway', null, '2020-03-22 12:22:00.203', '2020-03-22 12:22:00.203', '0', null, '');
INSERT INTO `act_hi_actinst` VALUES ('20027', 'QJLC:1:17504', '20001', '20002', 'endTask', '20028', null, '老板审核', 'userTask', '20001', '2020-03-22 12:22:00.222', '2020-03-22 12:22:07.218', '6996', null, '');
INSERT INTO `act_hi_actinst` VALUES ('20031', 'QJLC:1:17504', '20001', '20002', 'sid-1127BBD2-7C02-4854-8535-50F3C324261A', null, null, null, 'exclusiveGateway', null, '2020-03-22 12:22:07.218', '2020-03-22 12:22:07.219', '1', null, '');
INSERT INTO `act_hi_actinst` VALUES ('20032', 'QJLC:1:17504', '20001', '20002', 'sid-5E063BB5-1115-420B-A6A6-4F8A647C9F43', null, null, null, 'endEvent', null, '2020-03-22 12:22:07.220', '2020-03-22 12:22:07.220', '0', null, '');
INSERT INTO `act_hi_actinst` VALUES ('20035', 'QJLC:1:17504', '20033', '20034', 'start', null, null, null, 'startEvent', null, '2020-03-22 12:32:35.816', '2020-03-22 12:32:35.816', '0', null, '');
INSERT INTO `act_hi_actinst` VALUES ('20036', 'QJLC:1:17504', '20033', '20034', 'startTask', '20037', null, '员工提出', 'userTask', '1', '2020-03-22 12:32:35.816', '2020-03-22 12:32:35.874', '58', null, '');
INSERT INTO `act_hi_actinst` VALUES ('20040', 'QJLC:1:17504', '20033', '20034', 'RSSH', '20041', null, '人事审核', 'userTask', '20033', '2020-03-22 12:32:35.874', '2020-03-22 12:32:55.156', '19282', null, '');
INSERT INTO `act_hi_actinst` VALUES ('20048', 'QJLC:1:17504', '20033', '20034', 'rsWg', null, null, null, 'exclusiveGateway', null, '2020-03-22 12:32:55.156', '2020-03-22 12:32:55.156', '0', null, '');
INSERT INTO `act_hi_actinst` VALUES ('20049', 'QJLC:1:17504', '20033', '20034', 'endTask', '20050', null, '老板审核', 'userTask', '20033', '2020-03-22 12:32:55.158', '2020-03-22 12:33:10.110', '14952', null, '');
INSERT INTO `act_hi_actinst` VALUES ('20053', 'QJLC:1:17504', '20033', '20034', 'sid-1127BBD2-7C02-4854-8535-50F3C324261A', null, null, null, 'exclusiveGateway', null, '2020-03-22 12:33:10.110', '2020-03-22 12:33:10.110', '0', null, '');
INSERT INTO `act_hi_actinst` VALUES ('20054', 'QJLC:1:17504', '20033', '20034', 'sid-5E063BB5-1115-420B-A6A6-4F8A647C9F43', null, null, null, 'endEvent', null, '2020-03-22 12:33:10.111', '2020-03-22 12:33:10.111', '0', null, '');
INSERT INTO `act_hi_actinst` VALUES ('22503', 'QJLC:1:17504', '22501', '22502', 'start', null, null, null, 'startEvent', null, '2020-03-22 12:49:32.257', '2020-03-22 12:49:32.262', '5', null, '');
INSERT INTO `act_hi_actinst` VALUES ('22504', 'QJLC:1:17504', '22501', '22502', 'startTask', '22505', null, '员工提出', 'userTask', '1', '2020-03-22 12:49:32.266', '2020-03-22 12:49:32.435', '169', null, '');
INSERT INTO `act_hi_actinst` VALUES ('22508', 'QJLC:1:17504', '22501', '22502', 'RSSH', '22509', null, '人事审核', 'userTask', '22501', '2020-03-22 12:49:32.435', '2020-03-22 12:49:44.000', '11565', null, '');
INSERT INTO `act_hi_actinst` VALUES ('22516', 'QJLC:1:17504', '22501', '22502', 'rsWg', null, null, null, 'exclusiveGateway', null, '2020-03-22 12:49:44.000', '2020-03-22 12:49:44.027', '27', null, '');
INSERT INTO `act_hi_actinst` VALUES ('22517', 'QJLC:1:17504', '22501', '22502', 'endTask', '22518', null, '老板审核', 'userTask', '22501', '2020-03-22 12:49:44.028', '2020-03-22 12:49:51.876', '7848', null, '');
INSERT INTO `act_hi_actinst` VALUES ('22521', 'QJLC:1:17504', '22501', '22502', 'sid-1127BBD2-7C02-4854-8535-50F3C324261A', null, null, null, 'exclusiveGateway', null, '2020-03-22 12:49:51.876', '2020-03-22 12:49:51.876', '0', null, '');
INSERT INTO `act_hi_actinst` VALUES ('22522', 'QJLC:1:17504', '22501', '22502', 'sid-5E063BB5-1115-420B-A6A6-4F8A647C9F43', null, null, null, 'endEvent', null, '2020-03-22 12:49:51.877', '2020-03-22 12:49:51.877', '0', null, '');
INSERT INTO `act_hi_actinst` VALUES ('25003', 'QJLC:1:17504', '25001', '25002', 'start', null, null, null, 'startEvent', null, '2020-03-22 15:19:03.022', '2020-03-22 15:19:03.026', '4', null, '');
INSERT INTO `act_hi_actinst` VALUES ('25004', 'QJLC:1:17504', '25001', '25002', 'startTask', '25005', null, '员工提出', 'userTask', '1', '2020-03-22 15:19:03.030', '2020-03-22 15:19:03.221', '191', null, '');
INSERT INTO `act_hi_actinst` VALUES ('25008', 'QJLC:1:17504', '25001', '25002', 'RSSH', '25009', null, '人事审核', 'userTask', '1', '2020-03-22 15:19:03.221', '2020-03-22 15:23:53.928', '290707', null, '');
INSERT INTO `act_hi_actinst` VALUES ('27505', 'QJLC:1:17504', '25001', '25002', 'rsWg', null, null, null, 'exclusiveGateway', null, '2020-03-22 15:23:53.936', '2020-03-22 15:23:53.989', '53', null, '');
INSERT INTO `act_hi_actinst` VALUES ('27506', 'QJLC:1:17504', '25001', '25002', 'endTask', '27507', null, '老板审核', 'userTask', '25001', '2020-03-22 15:23:53.991', null, null, null, '');
INSERT INTO `act_hi_actinst` VALUES ('30003', 'QJLC:1:17504', '30001', '30002', 'start', null, null, null, 'startEvent', null, '2020-03-22 15:32:58.053', '2020-03-22 15:32:58.055', '2', null, '');
INSERT INTO `act_hi_actinst` VALUES ('30004', 'QJLC:1:17504', '30001', '30002', 'startTask', '30005', null, '员工提出', 'userTask', '1', '2020-03-22 15:32:58.057', '2020-03-22 15:32:58.199', '142', null, '');
INSERT INTO `act_hi_actinst` VALUES ('30008', 'QJLC:1:17504', '30001', '30002', 'RSSH', '30009', null, '人事审核', 'userTask', '30001', '2020-03-22 15:32:58.199', '2020-03-22 15:33:13.743', '15544', null, '');
INSERT INTO `act_hi_actinst` VALUES ('30016', 'QJLC:1:17504', '30001', '30002', 'rsWg', null, null, null, 'exclusiveGateway', null, '2020-03-22 15:33:13.743', '2020-03-22 15:33:13.768', '25', null, '');
INSERT INTO `act_hi_actinst` VALUES ('30017', 'QJLC:1:17504', '30001', '30002', 'endTask', '30018', null, '老板审核', 'userTask', '30001', '2020-03-22 15:33:13.770', '2020-03-22 15:33:20.393', '6623', null, '');
INSERT INTO `act_hi_actinst` VALUES ('30021', 'QJLC:1:17504', '30001', '30002', 'sid-1127BBD2-7C02-4854-8535-50F3C324261A', null, null, null, 'exclusiveGateway', null, '2020-03-22 15:33:20.394', '2020-03-22 15:33:20.394', '0', null, '');
INSERT INTO `act_hi_actinst` VALUES ('30022', 'QJLC:1:17504', '30001', '30002', 'sid-5E063BB5-1115-420B-A6A6-4F8A647C9F43', null, null, null, 'endEvent', null, '2020-03-22 15:33:20.395', '2020-03-22 15:33:20.395', '0', null, '');

-- ----------------------------
-- Table structure for act_hi_attachment
-- ----------------------------
DROP TABLE IF EXISTS `act_hi_attachment`;
CREATE TABLE `act_hi_attachment` (
  `ID_` varchar(64) COLLATE utf8_bin NOT NULL,
  `REV_` int(11) DEFAULT NULL,
  `USER_ID_` varchar(255) COLLATE utf8_bin DEFAULT NULL,
  `NAME_` varchar(255) COLLATE utf8_bin DEFAULT NULL,
  `DESCRIPTION_` varchar(4000) COLLATE utf8_bin DEFAULT NULL,
  `TYPE_` varchar(255) COLLATE utf8_bin DEFAULT NULL,
  `TASK_ID_` varchar(64) COLLATE utf8_bin DEFAULT NULL,
  `PROC_INST_ID_` varchar(64) COLLATE utf8_bin DEFAULT NULL,
  `URL_` varchar(4000) COLLATE utf8_bin DEFAULT NULL,
  `CONTENT_ID_` varchar(64) COLLATE utf8_bin DEFAULT NULL,
  `TIME_` datetime(3) DEFAULT NULL,
  PRIMARY KEY (`ID_`)
) ENGINE=InnoDB DEFAULT CHARSET=utf8 COLLATE=utf8_bin;

-- ----------------------------
-- Records of act_hi_attachment
-- ----------------------------

-- ----------------------------
-- Table structure for act_hi_comment
-- ----------------------------
DROP TABLE IF EXISTS `act_hi_comment`;
CREATE TABLE `act_hi_comment` (
  `ID_` varchar(64) COLLATE utf8_bin NOT NULL,
  `TYPE_` varchar(255) COLLATE utf8_bin DEFAULT NULL,
  `TIME_` datetime(3) NOT NULL,
  `USER_ID_` varchar(255) COLLATE utf8_bin DEFAULT NULL,
  `TASK_ID_` varchar(64) COLLATE utf8_bin DEFAULT NULL,
  `PROC_INST_ID_` varchar(64) COLLATE utf8_bin DEFAULT NULL,
  `ACTION_` varchar(255) COLLATE utf8_bin DEFAULT NULL,
  `MESSAGE_` varchar(4000) COLLATE utf8_bin DEFAULT NULL,
  `FULL_MSG_` longblob,
  PRIMARY KEY (`ID_`)
) ENGINE=InnoDB DEFAULT CHARSET=utf8 COLLATE=utf8_bin;

-- ----------------------------
-- Records of act_hi_comment
-- ----------------------------
INSERT INTO `act_hi_comment` VALUES ('17511', 'event', '2020-03-22 11:42:16.081', null, '17509', null, 'AddUserLink', '1_|_assignee', null);
INSERT INTO `act_hi_comment` VALUES ('17524', 'event', '2020-03-22 11:55:30.050', null, '17522', null, 'AddUserLink', '1_|_assignee', null);
INSERT INTO `act_hi_comment` VALUES ('20007', 'event', '2020-03-22 12:20:53.576', null, '20005', null, 'AddUserLink', '1_|_assignee', null);
INSERT INTO `act_hi_comment` VALUES ('20012', 'comment', '2020-03-22 12:21:02.407', null, '20009', '20001', 'AddComment', '通过', 0xE9809AE8BF87);
INSERT INTO `act_hi_comment` VALUES ('20020', 'comment', '2020-03-22 12:21:33.320', null, '20018', '20001', 'AddComment', '不通过，这个人有问题', 0xE4B88DE9809AE8BF87EFBC8CE8BF99E4B8AAE4BABAE69C89E997AEE9A298);
INSERT INTO `act_hi_comment` VALUES ('20025', 'comment', '2020-03-22 12:22:00.167', null, '20023', '20001', 'AddComment', '同意', 0xE5908CE6848F);
INSERT INTO `act_hi_comment` VALUES ('20030', 'comment', '2020-03-22 12:22:07.198', null, '20028', '20001', 'AddComment', '同哟', 0xE5908CE5939F);
INSERT INTO `act_hi_comment` VALUES ('20039', 'event', '2020-03-22 12:32:35.851', null, '20037', null, 'AddUserLink', '1_|_assignee', null);
INSERT INTO `act_hi_comment` VALUES ('20044', 'comment', '2020-03-22 12:32:55.133', null, '20041', '20033', 'AddComment', '我同意了12.32', 0xE68891E5908CE6848FE4BA8631322E3332);
INSERT INTO `act_hi_comment` VALUES ('20052', 'comment', '2020-03-22 12:33:10.091', null, '20050', '20033', 'AddComment', '我还同意了 12.33', 0xE68891E8BF98E5908CE6848FE4BA862031322E3333);
INSERT INTO `act_hi_comment` VALUES ('22507', 'event', '2020-03-22 12:49:32.395', null, '22505', null, 'AddUserLink', '1_|_assignee', null);
INSERT INTO `act_hi_comment` VALUES ('22512', 'comment', '2020-03-22 12:49:43.976', null, '22509', '22501', 'AddComment', '通过', 0xE9809AE8BF87);
INSERT INTO `act_hi_comment` VALUES ('22520', 'comment', '2020-03-22 12:49:51.856', null, '22518', '22501', 'AddComment', '通过', 0xE9809AE8BF87);
INSERT INTO `act_hi_comment` VALUES ('25007', 'event', '2020-03-22 15:19:03.165', null, '25005', null, 'AddUserLink', '1_|_assignee', null);
INSERT INTO `act_hi_comment` VALUES ('25011', 'event', '2020-03-22 15:19:16.092', null, '25009', null, 'AddUserLink', '1_|_assignee', null);
INSERT INTO `act_hi_comment` VALUES ('27501', 'comment', '2020-03-22 15:23:53.879', null, '25009', '25001', 'AddComment', '通过', 0xE9809AE8BF87);
INSERT INTO `act_hi_comment` VALUES ('30007', 'event', '2020-03-22 15:32:58.164', null, '30005', null, 'AddUserLink', '1_|_assignee', null);
INSERT INTO `act_hi_comment` VALUES ('30012', 'comment', '2020-03-22 15:33:13.716', null, '30009', '30001', 'AddComment', '通过', 0xE9809AE8BF87);
INSERT INTO `act_hi_comment` VALUES ('30020', 'comment', '2020-03-22 15:33:20.370', null, '30018', '30001', 'AddComment', '通过', 0xE9809AE8BF87);

-- ----------------------------
-- Table structure for act_hi_detail
-- ----------------------------
DROP TABLE IF EXISTS `act_hi_detail`;
CREATE TABLE `act_hi_detail` (
  `ID_` varchar(64) COLLATE utf8_bin NOT NULL,
  `TYPE_` varchar(255) COLLATE utf8_bin NOT NULL,
  `PROC_INST_ID_` varchar(64) COLLATE utf8_bin DEFAULT NULL,
  `EXECUTION_ID_` varchar(64) COLLATE utf8_bin DEFAULT NULL,
  `TASK_ID_` varchar(64) COLLATE utf8_bin DEFAULT NULL,
  `ACT_INST_ID_` varchar(64) COLLATE utf8_bin DEFAULT NULL,
  `NAME_` varchar(255) COLLATE utf8_bin NOT NULL,
  `VAR_TYPE_` varchar(255) COLLATE utf8_bin DEFAULT NULL,
  `REV_` int(11) DEFAULT NULL,
  `TIME_` datetime(3) NOT NULL,
  `BYTEARRAY_ID_` varchar(64) COLLATE utf8_bin DEFAULT NULL,
  `DOUBLE_` double DEFAULT NULL,
  `LONG_` bigint(20) DEFAULT NULL,
  `TEXT_` varchar(4000) COLLATE utf8_bin DEFAULT NULL,
  `TEXT2_` varchar(4000) COLLATE utf8_bin DEFAULT NULL,
  PRIMARY KEY (`ID_`),
  KEY `ACT_IDX_HI_DETAIL_PROC_INST` (`PROC_INST_ID_`),
  KEY `ACT_IDX_HI_DETAIL_ACT_INST` (`ACT_INST_ID_`),
  KEY `ACT_IDX_HI_DETAIL_TIME` (`TIME_`),
  KEY `ACT_IDX_HI_DETAIL_NAME` (`NAME_`),
  KEY `ACT_IDX_HI_DETAIL_TASK_ID` (`TASK_ID_`)
) ENGINE=InnoDB DEFAULT CHARSET=utf8 COLLATE=utf8_bin;

-- ----------------------------
-- Records of act_hi_detail
-- ----------------------------

-- ----------------------------
-- Table structure for act_hi_identitylink
-- ----------------------------
DROP TABLE IF EXISTS `act_hi_identitylink`;
CREATE TABLE `act_hi_identitylink` (
  `ID_` varchar(64) COLLATE utf8_bin NOT NULL DEFAULT '',
  `GROUP_ID_` varchar(255) COLLATE utf8_bin DEFAULT NULL,
  `TYPE_` varchar(255) COLLATE utf8_bin DEFAULT NULL,
  `USER_ID_` varchar(255) COLLATE utf8_bin DEFAULT NULL,
  `TASK_ID_` varchar(64) COLLATE utf8_bin DEFAULT NULL,
  `PROC_INST_ID_` varchar(64) COLLATE utf8_bin DEFAULT NULL,
  PRIMARY KEY (`ID_`),
  KEY `ACT_IDX_HI_IDENT_LNK_USER` (`USER_ID_`),
  KEY `ACT_IDX_HI_IDENT_LNK_TASK` (`TASK_ID_`),
  KEY `ACT_IDX_HI_IDENT_LNK_PROCINST` (`PROC_INST_ID_`)
) ENGINE=InnoDB DEFAULT CHARSET=utf8 COLLATE=utf8_bin;

-- ----------------------------
-- Records of act_hi_identitylink
-- ----------------------------
INSERT INTO `act_hi_identitylink` VALUES ('17510', null, 'participant', '1', null, '17505');
INSERT INTO `act_hi_identitylink` VALUES ('17514', null, 'candidate', '1', '17513', null);
INSERT INTO `act_hi_identitylink` VALUES ('17515', null, 'participant', '17505', null, '17505');
INSERT INTO `act_hi_identitylink` VALUES ('17523', null, 'participant', '1', null, '17518');
INSERT INTO `act_hi_identitylink` VALUES ('17527', null, 'candidate', '1', '17526', null);
INSERT INTO `act_hi_identitylink` VALUES ('17528', null, 'participant', '17518', null, '17518');
INSERT INTO `act_hi_identitylink` VALUES ('20006', null, 'participant', '1', null, '20001');
INSERT INTO `act_hi_identitylink` VALUES ('20010', null, 'candidate', '1', '20009', null);
INSERT INTO `act_hi_identitylink` VALUES ('20011', null, 'participant', '20001', null, '20001');
INSERT INTO `act_hi_identitylink` VALUES ('20019', null, 'candidate', '1', '20018', null);
INSERT INTO `act_hi_identitylink` VALUES ('20024', null, 'candidate', '1', '20023', null);
INSERT INTO `act_hi_identitylink` VALUES ('20029', null, 'candidate', '1', '20028', null);
INSERT INTO `act_hi_identitylink` VALUES ('20038', null, 'participant', '1', null, '20033');
INSERT INTO `act_hi_identitylink` VALUES ('20042', null, 'candidate', '1', '20041', null);
INSERT INTO `act_hi_identitylink` VALUES ('20043', null, 'participant', '20033', null, '20033');
INSERT INTO `act_hi_identitylink` VALUES ('20051', null, 'candidate', '1', '20050', null);
INSERT INTO `act_hi_identitylink` VALUES ('22506', null, 'participant', '1', null, '22501');
INSERT INTO `act_hi_identitylink` VALUES ('22510', null, 'candidate', '1', '22509', null);
INSERT INTO `act_hi_identitylink` VALUES ('22511', null, 'participant', '22501', null, '22501');
INSERT INTO `act_hi_identitylink` VALUES ('22519', null, 'candidate', '1', '22518', null);
INSERT INTO `act_hi_identitylink` VALUES ('25006', null, 'participant', '1', null, '25001');
INSERT INTO `act_hi_identitylink` VALUES ('25010', null, 'candidate', '1', '25009', null);
INSERT INTO `act_hi_identitylink` VALUES ('27508', null, 'candidate', '1', '27507', null);
INSERT INTO `act_hi_identitylink` VALUES ('27509', null, 'participant', '25001', null, '25001');
INSERT INTO `act_hi_identitylink` VALUES ('30006', null, 'participant', '1', null, '30001');
INSERT INTO `act_hi_identitylink` VALUES ('30010', null, 'candidate', '1', '30009', null);
INSERT INTO `act_hi_identitylink` VALUES ('30011', null, 'participant', '30001', null, '30001');
INSERT INTO `act_hi_identitylink` VALUES ('30019', null, 'candidate', '1', '30018', null);

-- ----------------------------
-- Table structure for act_hi_procinst
-- ----------------------------
DROP TABLE IF EXISTS `act_hi_procinst`;
CREATE TABLE `act_hi_procinst` (
  `ID_` varchar(64) COLLATE utf8_bin NOT NULL,
  `PROC_INST_ID_` varchar(64) COLLATE utf8_bin NOT NULL,
  `BUSINESS_KEY_` varchar(255) COLLATE utf8_bin DEFAULT NULL,
  `PROC_DEF_ID_` varchar(64) COLLATE utf8_bin NOT NULL,
  `START_TIME_` datetime(3) NOT NULL,
  `END_TIME_` datetime(3) DEFAULT NULL,
  `DURATION_` bigint(20) DEFAULT NULL,
  `START_USER_ID_` varchar(255) COLLATE utf8_bin DEFAULT NULL,
  `START_ACT_ID_` varchar(255) COLLATE utf8_bin DEFAULT NULL,
  `END_ACT_ID_` varchar(255) COLLATE utf8_bin DEFAULT NULL,
  `SUPER_PROCESS_INSTANCE_ID_` varchar(64) COLLATE utf8_bin DEFAULT NULL,
  `DELETE_REASON_` varchar(4000) COLLATE utf8_bin DEFAULT NULL,
  `TENANT_ID_` varchar(255) COLLATE utf8_bin DEFAULT '',
  `NAME_` varchar(255) COLLATE utf8_bin DEFAULT NULL,
  PRIMARY KEY (`ID_`),
  UNIQUE KEY `PROC_INST_ID_` (`PROC_INST_ID_`),
  KEY `ACT_IDX_HI_PRO_INST_END` (`END_TIME_`),
  KEY `ACT_IDX_HI_PRO_I_BUSKEY` (`BUSINESS_KEY_`)
) ENGINE=InnoDB DEFAULT CHARSET=utf8 COLLATE=utf8_bin;

-- ----------------------------
-- Records of act_hi_procinst
-- ----------------------------
INSERT INTO `act_hi_procinst` VALUES ('17505', '17505', '1584848529236', 'QJLC:1:17504', '2020-03-22 11:42:15.949', null, null, null, 'start', null, null, null, '', null);
INSERT INTO `act_hi_procinst` VALUES ('17518', '17518', '1584848529236', 'QJLC:1:17504', '2020-03-22 11:55:30.010', null, null, null, 'start', null, null, null, '', null);
INSERT INTO `act_hi_procinst` VALUES ('20001', '20001', '1584850850040', 'QJLC:1:17504', '2020-03-22 12:20:53.432', '2020-03-22 12:22:07.246', '73814', null, 'start', 'sid-5E063BB5-1115-420B-A6A6-4F8A647C9F43', null, null, '', null);
INSERT INTO `act_hi_procinst` VALUES ('20033', '20033', '1584851552454', 'QJLC:1:17504', '2020-03-22 12:32:35.816', '2020-03-22 12:33:10.126', '34310', null, 'start', 'sid-5E063BB5-1115-420B-A6A6-4F8A647C9F43', null, null, '', null);
INSERT INTO `act_hi_procinst` VALUES ('22501', '22501', '1584852568635', 'QJLC:1:17504', '2020-03-22 12:49:32.231', '2020-03-22 12:49:51.909', '19678', null, 'start', 'sid-5E063BB5-1115-420B-A6A6-4F8A647C9F43', null, null, '', null);
INSERT INTO `act_hi_procinst` VALUES ('25001', '25001', '1584861539155', 'QJLC:1:17504', '2020-03-22 15:19:02.998', null, null, null, 'start', null, null, null, '', null);
INSERT INTO `act_hi_procinst` VALUES ('30001', '30001', '1584862374454', 'QJLC:1:17504', '2020-03-22 15:32:58.029', '2020-03-22 15:33:20.425', '22396', null, 'start', 'sid-5E063BB5-1115-420B-A6A6-4F8A647C9F43', null, null, '', null);

-- ----------------------------
-- Table structure for act_hi_taskinst
-- ----------------------------
DROP TABLE IF EXISTS `act_hi_taskinst`;
CREATE TABLE `act_hi_taskinst` (
  `ID_` varchar(64) COLLATE utf8_bin NOT NULL,
  `PROC_DEF_ID_` varchar(64) COLLATE utf8_bin DEFAULT NULL,
  `TASK_DEF_KEY_` varchar(255) COLLATE utf8_bin DEFAULT NULL,
  `PROC_INST_ID_` varchar(64) COLLATE utf8_bin DEFAULT NULL,
  `EXECUTION_ID_` varchar(64) COLLATE utf8_bin DEFAULT NULL,
  `NAME_` varchar(255) COLLATE utf8_bin DEFAULT NULL,
  `PARENT_TASK_ID_` varchar(64) COLLATE utf8_bin DEFAULT NULL,
  `DESCRIPTION_` varchar(4000) COLLATE utf8_bin DEFAULT NULL,
  `OWNER_` varchar(255) COLLATE utf8_bin DEFAULT NULL,
  `ASSIGNEE_` varchar(255) COLLATE utf8_bin DEFAULT NULL,
  `START_TIME_` datetime(3) NOT NULL,
  `CLAIM_TIME_` datetime(3) DEFAULT NULL,
  `END_TIME_` datetime(3) DEFAULT NULL,
  `DURATION_` bigint(20) DEFAULT NULL,
  `DELETE_REASON_` varchar(4000) COLLATE utf8_bin DEFAULT NULL,
  `PRIORITY_` int(11) DEFAULT NULL,
  `DUE_DATE_` datetime(3) DEFAULT NULL,
  `FORM_KEY_` varchar(255) COLLATE utf8_bin DEFAULT NULL,
  `CATEGORY_` varchar(255) COLLATE utf8_bin DEFAULT NULL,
  `TENANT_ID_` varchar(255) COLLATE utf8_bin DEFAULT '',
  PRIMARY KEY (`ID_`),
  KEY `ACT_IDX_HI_TASK_INST_PROCINST` (`PROC_INST_ID_`)
) ENGINE=InnoDB DEFAULT CHARSET=utf8 COLLATE=utf8_bin;

-- ----------------------------
-- Records of act_hi_taskinst
-- ----------------------------
INSERT INTO `act_hi_taskinst` VALUES ('17509', 'QJLC:1:17504', 'startTask', '17505', '17506', '员工提出', null, null, null, '1', '2020-03-22 11:42:15.989', '2020-03-22 11:42:16.102', '2020-03-22 11:42:16.123', '134', null, '50', null, null, null, '');
INSERT INTO `act_hi_taskinst` VALUES ('17513', 'QJLC:1:17504', 'RSSH', '17505', '17506', '人事审核', null, null, null, '17505', '2020-03-22 11:42:16.127', '2020-03-22 11:42:44.187', null, null, null, '50', null, null, null, '');
INSERT INTO `act_hi_taskinst` VALUES ('17522', 'QJLC:1:17504', 'startTask', '17518', '17519', '员工提出', null, null, null, '1', '2020-03-22 11:55:30.010', '2020-03-22 11:55:30.066', '2020-03-22 11:55:30.081', '71', null, '50', null, null, null, '');
INSERT INTO `act_hi_taskinst` VALUES ('17526', 'QJLC:1:17504', 'RSSH', '17518', '17519', '人事审核', null, null, null, '17518', '2020-03-22 11:55:30.083', '2020-03-22 11:55:42.043', null, null, null, '50', null, null, null, '');
INSERT INTO `act_hi_taskinst` VALUES ('20005', 'QJLC:1:17504', 'startTask', '20001', '20002', '员工提出', null, null, null, '1', '2020-03-22 12:20:53.483', '2020-03-22 12:20:53.592', '2020-03-22 12:20:53.611', '128', null, '50', null, null, null, '');
INSERT INTO `act_hi_taskinst` VALUES ('20009', 'QJLC:1:17504', 'RSSH', '20001', '20002', '人事审核', null, null, null, '20001', '2020-03-22 12:20:53.616', '2020-03-22 12:21:02.365', '2020-03-22 12:21:02.428', '8812', null, '50', null, null, null, '');
INSERT INTO `act_hi_taskinst` VALUES ('20018', 'QJLC:1:17504', 'endTask', '20001', '20002', '老板审核', null, null, null, '20001', '2020-03-22 12:21:02.455', '2020-03-22 12:21:33.292', '2020-03-22 12:21:33.345', '30890', null, '50', null, null, null, '');
INSERT INTO `act_hi_taskinst` VALUES ('20023', 'QJLC:1:17504', 'RSSH', '20001', '20002', '人事审核', null, null, null, '20001', '2020-03-22 12:21:33.351', '2020-03-22 12:22:00.141', '2020-03-22 12:22:00.198', '26847', null, '50', null, null, null, '');
INSERT INTO `act_hi_taskinst` VALUES ('20028', 'QJLC:1:17504', 'endTask', '20001', '20002', '老板审核', null, null, null, '20001', '2020-03-22 12:22:00.227', '2020-03-22 12:22:07.171', '2020-03-22 12:22:07.216', '6989', null, '50', null, null, null, '');
INSERT INTO `act_hi_taskinst` VALUES ('20037', 'QJLC:1:17504', 'startTask', '20033', '20034', '员工提出', null, null, null, '1', '2020-03-22 12:32:35.817', '2020-03-22 12:32:35.861', '2020-03-22 12:32:35.872', '55', null, '50', null, null, null, '');
INSERT INTO `act_hi_taskinst` VALUES ('20041', 'QJLC:1:17504', 'RSSH', '20033', '20034', '人事审核', null, null, null, '20033', '2020-03-22 12:32:35.874', '2020-03-22 12:32:55.099', '2020-03-22 12:32:55.152', '19278', null, '50', null, null, null, '');
INSERT INTO `act_hi_taskinst` VALUES ('20050', 'QJLC:1:17504', 'endTask', '20033', '20034', '老板审核', null, null, null, '20033', '2020-03-22 12:32:55.158', '2020-03-22 12:33:10.067', '2020-03-22 12:33:10.108', '14950', null, '50', null, null, null, '');
INSERT INTO `act_hi_taskinst` VALUES ('22505', 'QJLC:1:17504', 'startTask', '22501', '22502', '员工提出', null, null, null, '1', '2020-03-22 12:49:32.296', '2020-03-22 12:49:32.413', '2020-03-22 12:49:32.431', '135', null, '50', null, null, null, '');
INSERT INTO `act_hi_taskinst` VALUES ('22509', 'QJLC:1:17504', 'RSSH', '22501', '22502', '人事审核', null, null, null, '22501', '2020-03-22 12:49:32.435', '2020-03-22 12:49:43.941', '2020-03-22 12:49:43.998', '11563', null, '50', null, null, null, '');
INSERT INTO `act_hi_taskinst` VALUES ('22518', 'QJLC:1:17504', 'endTask', '22501', '22502', '老板审核', null, null, null, '22501', '2020-03-22 12:49:44.029', '2020-03-22 12:49:51.818', '2020-03-22 12:49:51.874', '7845', null, '50', null, null, null, '');
INSERT INTO `act_hi_taskinst` VALUES ('25005', 'QJLC:1:17504', 'startTask', '25001', '25002', '员工提出', null, null, null, '1', '2020-03-22 15:19:03.055', '2020-03-22 15:19:03.191', '2020-03-22 15:19:03.215', '160', null, '50', null, null, null, '');
INSERT INTO `act_hi_taskinst` VALUES ('25009', 'QJLC:1:17504', 'RSSH', '25001', '25002', '人事审核', null, null, null, '1', '2020-03-22 15:19:03.222', null, '2020-03-22 15:23:53.919', '290697', null, '50', null, null, null, '');
INSERT INTO `act_hi_taskinst` VALUES ('27507', 'QJLC:1:17504', 'endTask', '25001', '25002', '老板审核', null, null, null, '25001', '2020-03-22 15:23:53.993', '2020-03-22 15:30:39.732', null, null, null, '50', null, null, null, '');
INSERT INTO `act_hi_taskinst` VALUES ('30005', 'QJLC:1:17504', 'startTask', '30001', '30002', '员工提出', null, null, null, '1', '2020-03-22 15:32:58.079', '2020-03-22 15:32:58.179', '2020-03-22 15:32:58.195', '116', null, '50', null, null, null, '');
INSERT INTO `act_hi_taskinst` VALUES ('30009', 'QJLC:1:17504', 'RSSH', '30001', '30002', '人事审核', null, null, null, '30001', '2020-03-22 15:32:58.199', '2020-03-22 15:33:13.679', '2020-03-22 15:33:13.738', '15539', null, '50', null, null, null, '');
INSERT INTO `act_hi_taskinst` VALUES ('30018', 'QJLC:1:17504', 'endTask', '30001', '30002', '老板审核', null, null, null, '30001', '2020-03-22 15:33:13.770', '2020-03-22 15:33:20.344', '2020-03-22 15:33:20.390', '6620', null, '50', null, null, null, '');

-- ----------------------------
-- Table structure for act_hi_varinst
-- ----------------------------
DROP TABLE IF EXISTS `act_hi_varinst`;
CREATE TABLE `act_hi_varinst` (
  `ID_` varchar(64) COLLATE utf8_bin NOT NULL,
  `PROC_INST_ID_` varchar(64) COLLATE utf8_bin DEFAULT NULL,
  `EXECUTION_ID_` varchar(64) COLLATE utf8_bin DEFAULT NULL,
  `TASK_ID_` varchar(64) COLLATE utf8_bin DEFAULT NULL,
  `NAME_` varchar(255) COLLATE utf8_bin NOT NULL,
  `VAR_TYPE_` varchar(100) COLLATE utf8_bin DEFAULT NULL,
  `REV_` int(11) DEFAULT NULL,
  `BYTEARRAY_ID_` varchar(64) COLLATE utf8_bin DEFAULT NULL,
  `DOUBLE_` double DEFAULT NULL,
  `LONG_` bigint(20) DEFAULT NULL,
  `TEXT_` varchar(4000) COLLATE utf8_bin DEFAULT NULL,
  `TEXT2_` varchar(4000) COLLATE utf8_bin DEFAULT NULL,
  `CREATE_TIME_` datetime(3) DEFAULT NULL,
  `LAST_UPDATED_TIME_` datetime(3) DEFAULT NULL,
  PRIMARY KEY (`ID_`),
  KEY `ACT_IDX_HI_PROCVAR_PROC_INST` (`PROC_INST_ID_`),
  KEY `ACT_IDX_HI_PROCVAR_NAME_TYPE` (`NAME_`,`VAR_TYPE_`),
  KEY `ACT_IDX_HI_PROCVAR_TASK_ID` (`TASK_ID_`)
) ENGINE=InnoDB DEFAULT CHARSET=utf8 COLLATE=utf8_bin;

-- ----------------------------
-- Records of act_hi_varinst
-- ----------------------------
INSERT INTO `act_hi_varinst` VALUES ('20013', '20001', '20001', null, 'user_id', 'long', '3', null, null, '1', '1', null, '2020-03-22 12:21:02.419', '2020-03-22 12:22:07.208');
INSERT INTO `act_hi_varinst` VALUES ('20014', '20001', '20001', null, 'pass', 'integer', '3', null, null, '1', '1', null, '2020-03-22 12:21:02.420', '2020-03-22 12:22:07.210');
INSERT INTO `act_hi_varinst` VALUES ('20015', '20001', '20001', null, 'comment', 'string', '3', null, null, null, '同哟', null, '2020-03-22 12:21:02.421', '2020-03-22 12:22:07.212');
INSERT INTO `act_hi_varinst` VALUES ('20045', '20033', '20033', null, 'user_id', 'long', '1', null, null, '1', '1', null, '2020-03-22 12:32:55.147', '2020-03-22 12:33:10.098');
INSERT INTO `act_hi_varinst` VALUES ('20046', '20033', '20033', null, 'pass', 'integer', '1', null, null, '1', '1', null, '2020-03-22 12:32:55.147', '2020-03-22 12:33:10.099');
INSERT INTO `act_hi_varinst` VALUES ('20047', '20033', '20033', null, 'comment', 'string', '1', null, null, null, '我还同意了 12.33', null, '2020-03-22 12:32:55.147', '2020-03-22 12:33:10.102');
INSERT INTO `act_hi_varinst` VALUES ('22513', '22501', '22501', null, 'user_id', 'long', '1', null, null, '1', '1', null, '2020-03-22 12:49:43.990', '2020-03-22 12:49:51.864');
INSERT INTO `act_hi_varinst` VALUES ('22514', '22501', '22501', null, 'pass', 'integer', '1', null, null, '1', '1', null, '2020-03-22 12:49:43.993', '2020-03-22 12:49:51.865');
INSERT INTO `act_hi_varinst` VALUES ('22515', '22501', '22501', null, 'comment', 'string', '1', null, null, null, '通过', null, '2020-03-22 12:49:43.993', '2020-03-22 12:49:51.868');
INSERT INTO `act_hi_varinst` VALUES ('27502', '25001', '25001', null, 'user_id', 'string', '0', null, null, null, '1', null, '2020-03-22 15:23:53.910', '2020-03-22 15:23:53.910');
INSERT INTO `act_hi_varinst` VALUES ('27503', '25001', '25001', null, 'pass', 'integer', '0', null, null, '1', '1', null, '2020-03-22 15:23:53.912', '2020-03-22 15:23:53.912');
INSERT INTO `act_hi_varinst` VALUES ('27504', '25001', '25001', null, 'comment', 'string', '0', null, null, null, '通过', null, '2020-03-22 15:23:53.912', '2020-03-22 15:23:53.912');
INSERT INTO `act_hi_varinst` VALUES ('30013', '30001', '30001', null, 'user_id', 'string', '1', null, null, null, '1', null, '2020-03-22 15:33:13.730', '2020-03-22 15:33:20.380');
INSERT INTO `act_hi_varinst` VALUES ('30014', '30001', '30001', null, 'pass', 'integer', '1', null, null, '1', '1', null, '2020-03-22 15:33:13.732', '2020-03-22 15:33:20.382');
INSERT INTO `act_hi_varinst` VALUES ('30015', '30001', '30001', null, 'comment', 'string', '1', null, null, null, '通过', null, '2020-03-22 15:33:13.732', '2020-03-22 15:33:20.383');

-- ----------------------------
-- Table structure for act_id_group
-- ----------------------------
DROP TABLE IF EXISTS `act_id_group`;
CREATE TABLE `act_id_group` (
  `ID_` varchar(64) COLLATE utf8_bin NOT NULL DEFAULT '',
  `REV_` int(11) DEFAULT NULL,
  `NAME_` varchar(255) COLLATE utf8_bin DEFAULT NULL,
  `TYPE_` varchar(255) COLLATE utf8_bin DEFAULT NULL,
  PRIMARY KEY (`ID_`)
) ENGINE=InnoDB DEFAULT CHARSET=utf8 COLLATE=utf8_bin;

-- ----------------------------
-- Records of act_id_group
-- ----------------------------

-- ----------------------------
-- Table structure for act_id_info
-- ----------------------------
DROP TABLE IF EXISTS `act_id_info`;
CREATE TABLE `act_id_info` (
  `ID_` varchar(64) COLLATE utf8_bin NOT NULL DEFAULT '',
  `REV_` int(11) DEFAULT NULL,
  `USER_ID_` varchar(64) COLLATE utf8_bin DEFAULT NULL,
  `TYPE_` varchar(64) COLLATE utf8_bin DEFAULT NULL,
  `KEY_` varchar(255) COLLATE utf8_bin DEFAULT NULL,
  `VALUE_` varchar(255) COLLATE utf8_bin DEFAULT NULL,
  `PASSWORD_` longblob,
  `PARENT_ID_` varchar(255) COLLATE utf8_bin DEFAULT NULL,
  PRIMARY KEY (`ID_`)
) ENGINE=InnoDB DEFAULT CHARSET=utf8 COLLATE=utf8_bin;

-- ----------------------------
-- Records of act_id_info
-- ----------------------------

-- ----------------------------
-- Table structure for act_id_membership
-- ----------------------------
DROP TABLE IF EXISTS `act_id_membership`;
CREATE TABLE `act_id_membership` (
  `USER_ID_` varchar(64) COLLATE utf8_bin NOT NULL DEFAULT '',
  `GROUP_ID_` varchar(64) COLLATE utf8_bin NOT NULL DEFAULT '',
  PRIMARY KEY (`USER_ID_`,`GROUP_ID_`),
  KEY `ACT_FK_MEMB_GROUP` (`GROUP_ID_`),
  CONSTRAINT `ACT_FK_MEMB_GROUP` FOREIGN KEY (`GROUP_ID_`) REFERENCES `act_id_group` (`ID_`),
  CONSTRAINT `ACT_FK_MEMB_USER` FOREIGN KEY (`USER_ID_`) REFERENCES `act_id_user` (`ID_`)
) ENGINE=InnoDB DEFAULT CHARSET=utf8 COLLATE=utf8_bin;

-- ----------------------------
-- Records of act_id_membership
-- ----------------------------

-- ----------------------------
-- Table structure for act_id_user
-- ----------------------------
DROP TABLE IF EXISTS `act_id_user`;
CREATE TABLE `act_id_user` (
  `ID_` varchar(64) COLLATE utf8_bin NOT NULL DEFAULT '',
  `REV_` int(11) DEFAULT NULL,
  `FIRST_` varchar(255) COLLATE utf8_bin DEFAULT NULL,
  `LAST_` varchar(255) COLLATE utf8_bin DEFAULT NULL,
  `EMAIL_` varchar(255) COLLATE utf8_bin DEFAULT NULL,
  `PWD_` varchar(255) COLLATE utf8_bin DEFAULT NULL,
  `PICTURE_ID_` varchar(64) COLLATE utf8_bin DEFAULT NULL,
  PRIMARY KEY (`ID_`)
) ENGINE=InnoDB DEFAULT CHARSET=utf8 COLLATE=utf8_bin;

-- ----------------------------
-- Records of act_id_user
-- ----------------------------

-- ----------------------------
-- Table structure for act_procdef_info
-- ----------------------------
DROP TABLE IF EXISTS `act_procdef_info`;
CREATE TABLE `act_procdef_info` (
  `ID_` varchar(64) COLLATE utf8_bin NOT NULL,
  `PROC_DEF_ID_` varchar(64) COLLATE utf8_bin NOT NULL,
  `REV_` int(11) DEFAULT NULL,
  `INFO_JSON_ID_` varchar(64) COLLATE utf8_bin DEFAULT NULL,
  PRIMARY KEY (`ID_`),
  UNIQUE KEY `ACT_UNIQ_INFO_PROCDEF` (`PROC_DEF_ID_`),
  KEY `ACT_IDX_INFO_PROCDEF` (`PROC_DEF_ID_`),
  KEY `ACT_FK_INFO_JSON_BA` (`INFO_JSON_ID_`),
  CONSTRAINT `ACT_FK_INFO_JSON_BA` FOREIGN KEY (`INFO_JSON_ID_`) REFERENCES `act_ge_bytearray` (`ID_`),
  CONSTRAINT `ACT_FK_INFO_PROCDEF` FOREIGN KEY (`PROC_DEF_ID_`) REFERENCES `act_re_procdef` (`ID_`)
) ENGINE=InnoDB DEFAULT CHARSET=utf8 COLLATE=utf8_bin;

-- ----------------------------
-- Records of act_procdef_info
-- ----------------------------

-- ----------------------------
-- Table structure for act_re_deployment
-- ----------------------------
DROP TABLE IF EXISTS `act_re_deployment`;
CREATE TABLE `act_re_deployment` (
  `ID_` varchar(64) COLLATE utf8_bin NOT NULL DEFAULT '',
  `NAME_` varchar(255) COLLATE utf8_bin DEFAULT NULL,
  `CATEGORY_` varchar(255) COLLATE utf8_bin DEFAULT NULL,
  `KEY_` varchar(255) COLLATE utf8_bin DEFAULT NULL,
  `TENANT_ID_` varchar(255) COLLATE utf8_bin DEFAULT '',
  `DEPLOY_TIME_` timestamp(3) NULL DEFAULT NULL,
  `ENGINE_VERSION_` varchar(255) COLLATE utf8_bin DEFAULT NULL,
  PRIMARY KEY (`ID_`)
) ENGINE=InnoDB DEFAULT CHARSET=utf8 COLLATE=utf8_bin;

-- ----------------------------
-- Records of act_re_deployment
-- ----------------------------
INSERT INTO `act_re_deployment` VALUES ('17501', '请假流程', null, null, '', '2020-03-22 11:41:15.174', null);

-- ----------------------------
-- Table structure for act_re_model
-- ----------------------------
DROP TABLE IF EXISTS `act_re_model`;
CREATE TABLE `act_re_model` (
  `ID_` varchar(64) COLLATE utf8_bin NOT NULL,
  `REV_` int(11) DEFAULT NULL,
  `NAME_` varchar(255) COLLATE utf8_bin DEFAULT NULL,
  `KEY_` varchar(255) COLLATE utf8_bin DEFAULT NULL,
  `CATEGORY_` varchar(255) COLLATE utf8_bin DEFAULT NULL,
  `CREATE_TIME_` timestamp(3) NULL DEFAULT NULL,
  `LAST_UPDATE_TIME_` timestamp(3) NULL DEFAULT NULL,
  `VERSION_` int(11) DEFAULT NULL,
  `META_INFO_` varchar(4000) COLLATE utf8_bin DEFAULT NULL,
  `DEPLOYMENT_ID_` varchar(64) COLLATE utf8_bin DEFAULT NULL,
  `EDITOR_SOURCE_VALUE_ID_` varchar(64) COLLATE utf8_bin DEFAULT NULL,
  `EDITOR_SOURCE_EXTRA_VALUE_ID_` varchar(64) COLLATE utf8_bin DEFAULT NULL,
  `TENANT_ID_` varchar(255) COLLATE utf8_bin DEFAULT '',
  PRIMARY KEY (`ID_`),
  KEY `ACT_FK_MODEL_SOURCE` (`EDITOR_SOURCE_VALUE_ID_`),
  KEY `ACT_FK_MODEL_SOURCE_EXTRA` (`EDITOR_SOURCE_EXTRA_VALUE_ID_`),
  KEY `ACT_FK_MODEL_DEPLOYMENT` (`DEPLOYMENT_ID_`),
  CONSTRAINT `ACT_FK_MODEL_DEPLOYMENT` FOREIGN KEY (`DEPLOYMENT_ID_`) REFERENCES `act_re_deployment` (`ID_`),
  CONSTRAINT `ACT_FK_MODEL_SOURCE` FOREIGN KEY (`EDITOR_SOURCE_VALUE_ID_`) REFERENCES `act_ge_bytearray` (`ID_`),
  CONSTRAINT `ACT_FK_MODEL_SOURCE_EXTRA` FOREIGN KEY (`EDITOR_SOURCE_EXTRA_VALUE_ID_`) REFERENCES `act_ge_bytearray` (`ID_`)
) ENGINE=InnoDB DEFAULT CHARSET=utf8 COLLATE=utf8_bin;

-- ----------------------------
-- Records of act_re_model
-- ----------------------------
INSERT INTO `act_re_model` VALUES ('1', '6', '请假流程', 'QJLC', null, '2020-03-21 16:26:49.741', '2020-03-22 11:39:14.903', '1', '{\"name\":\"请假流程\",\"revision\":1,\"description\":\"请假流程\"}', null, '2', '3', '');

-- ----------------------------
-- Table structure for act_re_procdef
-- ----------------------------
DROP TABLE IF EXISTS `act_re_procdef`;
CREATE TABLE `act_re_procdef` (
  `ID_` varchar(64) COLLATE utf8_bin NOT NULL,
  `REV_` int(11) DEFAULT NULL,
  `CATEGORY_` varchar(255) COLLATE utf8_bin DEFAULT NULL,
  `NAME_` varchar(255) COLLATE utf8_bin DEFAULT NULL,
  `KEY_` varchar(255) COLLATE utf8_bin NOT NULL,
  `VERSION_` int(11) NOT NULL,
  `DEPLOYMENT_ID_` varchar(64) COLLATE utf8_bin DEFAULT NULL,
  `RESOURCE_NAME_` varchar(4000) COLLATE utf8_bin DEFAULT NULL,
  `DGRM_RESOURCE_NAME_` varchar(4000) COLLATE utf8_bin DEFAULT NULL,
  `DESCRIPTION_` varchar(4000) COLLATE utf8_bin DEFAULT NULL,
  `HAS_START_FORM_KEY_` tinyint(4) DEFAULT NULL,
  `HAS_GRAPHICAL_NOTATION_` tinyint(4) DEFAULT NULL,
  `SUSPENSION_STATE_` int(11) DEFAULT NULL,
  `TENANT_ID_` varchar(255) COLLATE utf8_bin DEFAULT '',
  `ENGINE_VERSION_` varchar(255) COLLATE utf8_bin DEFAULT NULL,
  PRIMARY KEY (`ID_`),
  UNIQUE KEY `ACT_UNIQ_PROCDEF` (`KEY_`,`VERSION_`,`TENANT_ID_`)
) ENGINE=InnoDB DEFAULT CHARSET=utf8 COLLATE=utf8_bin;

-- ----------------------------
-- Records of act_re_procdef
-- ----------------------------
INSERT INTO `act_re_procdef` VALUES ('QJLC:1:17504', '3', 'http://www.activiti.org/processdef', '请假流程', 'QJLC', '1', '17501', '请假流程.bpmn20.xml', '请假流程.QJLC.png', null, '0', '1', '1', '', null);

-- ----------------------------
-- Table structure for act_ru_deadletter_job
-- ----------------------------
DROP TABLE IF EXISTS `act_ru_deadletter_job`;
CREATE TABLE `act_ru_deadletter_job` (
  `ID_` varchar(64) COLLATE utf8_bin NOT NULL,
  `REV_` int(11) DEFAULT NULL,
  `TYPE_` varchar(255) COLLATE utf8_bin NOT NULL,
  `EXCLUSIVE_` tinyint(1) DEFAULT NULL,
  `EXECUTION_ID_` varchar(64) COLLATE utf8_bin DEFAULT NULL,
  `PROCESS_INSTANCE_ID_` varchar(64) COLLATE utf8_bin DEFAULT NULL,
  `PROC_DEF_ID_` varchar(64) COLLATE utf8_bin DEFAULT NULL,
  `EXCEPTION_STACK_ID_` varchar(64) COLLATE utf8_bin DEFAULT NULL,
  `EXCEPTION_MSG_` varchar(4000) COLLATE utf8_bin DEFAULT NULL,
  `DUEDATE_` timestamp(3) NULL DEFAULT NULL,
  `REPEAT_` varchar(255) COLLATE utf8_bin DEFAULT NULL,
  `HANDLER_TYPE_` varchar(255) COLLATE utf8_bin DEFAULT NULL,
  `HANDLER_CFG_` varchar(4000) COLLATE utf8_bin DEFAULT NULL,
  `TENANT_ID_` varchar(255) COLLATE utf8_bin DEFAULT '',
  PRIMARY KEY (`ID_`),
  KEY `ACT_FK_DEADLETTER_JOB_EXECUTION` (`EXECUTION_ID_`),
  KEY `ACT_FK_DEADLETTER_JOB_PROCESS_INSTANCE` (`PROCESS_INSTANCE_ID_`),
  KEY `ACT_FK_DEADLETTER_JOB_PROC_DEF` (`PROC_DEF_ID_`),
  KEY `ACT_FK_DEADLETTER_JOB_EXCEPTION` (`EXCEPTION_STACK_ID_`),
  CONSTRAINT `ACT_FK_DEADLETTER_JOB_EXCEPTION` FOREIGN KEY (`EXCEPTION_STACK_ID_`) REFERENCES `act_ge_bytearray` (`ID_`),
  CONSTRAINT `ACT_FK_DEADLETTER_JOB_EXECUTION` FOREIGN KEY (`EXECUTION_ID_`) REFERENCES `act_ru_execution` (`ID_`),
  CONSTRAINT `ACT_FK_DEADLETTER_JOB_PROCESS_INSTANCE` FOREIGN KEY (`PROCESS_INSTANCE_ID_`) REFERENCES `act_ru_execution` (`ID_`),
  CONSTRAINT `ACT_FK_DEADLETTER_JOB_PROC_DEF` FOREIGN KEY (`PROC_DEF_ID_`) REFERENCES `act_re_procdef` (`ID_`)
) ENGINE=InnoDB DEFAULT CHARSET=utf8 COLLATE=utf8_bin;

-- ----------------------------
-- Records of act_ru_deadletter_job
-- ----------------------------

-- ----------------------------
-- Table structure for act_ru_event_subscr
-- ----------------------------
DROP TABLE IF EXISTS `act_ru_event_subscr`;
CREATE TABLE `act_ru_event_subscr` (
  `ID_` varchar(64) COLLATE utf8_bin NOT NULL,
  `REV_` int(11) DEFAULT NULL,
  `EVENT_TYPE_` varchar(255) COLLATE utf8_bin NOT NULL,
  `EVENT_NAME_` varchar(255) COLLATE utf8_bin DEFAULT NULL,
  `EXECUTION_ID_` varchar(64) COLLATE utf8_bin DEFAULT NULL,
  `PROC_INST_ID_` varchar(64) COLLATE utf8_bin DEFAULT NULL,
  `ACTIVITY_ID_` varchar(64) COLLATE utf8_bin DEFAULT NULL,
  `CONFIGURATION_` varchar(255) COLLATE utf8_bin DEFAULT NULL,
  `CREATED_` timestamp(3) NOT NULL DEFAULT CURRENT_TIMESTAMP(3),
  `PROC_DEF_ID_` varchar(64) COLLATE utf8_bin DEFAULT NULL,
  `TENANT_ID_` varchar(255) COLLATE utf8_bin DEFAULT '',
  PRIMARY KEY (`ID_`),
  KEY `ACT_IDX_EVENT_SUBSCR_CONFIG_` (`CONFIGURATION_`),
  KEY `ACT_FK_EVENT_EXEC` (`EXECUTION_ID_`),
  CONSTRAINT `ACT_FK_EVENT_EXEC` FOREIGN KEY (`EXECUTION_ID_`) REFERENCES `act_ru_execution` (`ID_`)
) ENGINE=InnoDB DEFAULT CHARSET=utf8 COLLATE=utf8_bin;

-- ----------------------------
-- Records of act_ru_event_subscr
-- ----------------------------

-- ----------------------------
-- Table structure for act_ru_execution
-- ----------------------------
DROP TABLE IF EXISTS `act_ru_execution`;
CREATE TABLE `act_ru_execution` (
  `ID_` varchar(64) COLLATE utf8_bin NOT NULL DEFAULT '',
  `REV_` int(11) DEFAULT NULL,
  `PROC_INST_ID_` varchar(64) COLLATE utf8_bin DEFAULT NULL,
  `BUSINESS_KEY_` varchar(255) COLLATE utf8_bin DEFAULT NULL,
  `PARENT_ID_` varchar(64) COLLATE utf8_bin DEFAULT NULL,
  `PROC_DEF_ID_` varchar(64) COLLATE utf8_bin DEFAULT NULL,
  `SUPER_EXEC_` varchar(64) COLLATE utf8_bin DEFAULT NULL,
  `ROOT_PROC_INST_ID_` varchar(64) COLLATE utf8_bin DEFAULT NULL,
  `ACT_ID_` varchar(255) COLLATE utf8_bin DEFAULT NULL,
  `IS_ACTIVE_` tinyint(4) DEFAULT NULL,
  `IS_CONCURRENT_` tinyint(4) DEFAULT NULL,
  `IS_SCOPE_` tinyint(4) DEFAULT NULL,
  `IS_EVENT_SCOPE_` tinyint(4) DEFAULT NULL,
  `IS_MI_ROOT_` tinyint(4) DEFAULT NULL,
  `SUSPENSION_STATE_` int(11) DEFAULT NULL,
  `CACHED_ENT_STATE_` int(11) DEFAULT NULL,
  `TENANT_ID_` varchar(255) COLLATE utf8_bin DEFAULT '',
  `NAME_` varchar(255) COLLATE utf8_bin DEFAULT NULL,
  `START_TIME_` datetime(3) DEFAULT NULL,
  `START_USER_ID_` varchar(255) COLLATE utf8_bin DEFAULT NULL,
  `LOCK_TIME_` timestamp(3) NULL DEFAULT NULL,
  `IS_COUNT_ENABLED_` tinyint(4) DEFAULT NULL,
  `EVT_SUBSCR_COUNT_` int(11) DEFAULT NULL,
  `TASK_COUNT_` int(11) DEFAULT NULL,
  `JOB_COUNT_` int(11) DEFAULT NULL,
  `TIMER_JOB_COUNT_` int(11) DEFAULT NULL,
  `SUSP_JOB_COUNT_` int(11) DEFAULT NULL,
  `DEADLETTER_JOB_COUNT_` int(11) DEFAULT NULL,
  `VAR_COUNT_` int(11) DEFAULT NULL,
  `ID_LINK_COUNT_` int(11) DEFAULT NULL,
  PRIMARY KEY (`ID_`),
  KEY `ACT_IDX_EXEC_BUSKEY` (`BUSINESS_KEY_`),
  KEY `ACT_IDC_EXEC_ROOT` (`ROOT_PROC_INST_ID_`),
  KEY `ACT_FK_EXE_PROCINST` (`PROC_INST_ID_`),
  KEY `ACT_FK_EXE_PARENT` (`PARENT_ID_`),
  KEY `ACT_FK_EXE_SUPER` (`SUPER_EXEC_`),
  KEY `ACT_FK_EXE_PROCDEF` (`PROC_DEF_ID_`),
  CONSTRAINT `ACT_FK_EXE_PARENT` FOREIGN KEY (`PARENT_ID_`) REFERENCES `act_ru_execution` (`ID_`) ON DELETE CASCADE,
  CONSTRAINT `ACT_FK_EXE_PROCDEF` FOREIGN KEY (`PROC_DEF_ID_`) REFERENCES `act_re_procdef` (`ID_`),
  CONSTRAINT `ACT_FK_EXE_PROCINST` FOREIGN KEY (`PROC_INST_ID_`) REFERENCES `act_ru_execution` (`ID_`) ON DELETE CASCADE ON UPDATE CASCADE,
  CONSTRAINT `ACT_FK_EXE_SUPER` FOREIGN KEY (`SUPER_EXEC_`) REFERENCES `act_ru_execution` (`ID_`) ON DELETE CASCADE
) ENGINE=InnoDB DEFAULT CHARSET=utf8 COLLATE=utf8_bin;

-- ----------------------------
-- Records of act_ru_execution
-- ----------------------------
INSERT INTO `act_ru_execution` VALUES ('17505', '3', '17505', '1584848529236', null, 'QJLC:1:17504', null, '17505', null, '1', '0', '1', '0', '0', '1', null, '', null, '2020-03-22 11:42:15.949', null, null, '0', '0', '0', '0', '0', '0', '0', '0', '0');
INSERT INTO `act_ru_execution` VALUES ('17506', '4', '17505', null, '17505', 'QJLC:1:17504', null, '17505', 'RSSH', '1', '0', '0', '0', '0', '1', null, '', null, '2020-03-22 11:42:15.952', null, null, '0', '0', '0', '0', '0', '0', '0', '0', '0');
INSERT INTO `act_ru_execution` VALUES ('17518', '3', '17518', '1584848529236', null, 'QJLC:1:17504', null, '17518', null, '1', '0', '1', '0', '0', '1', null, '', null, '2020-03-22 11:55:30.010', null, null, '0', '0', '0', '0', '0', '0', '0', '0', '0');
INSERT INTO `act_ru_execution` VALUES ('17519', '4', '17518', null, '17518', 'QJLC:1:17504', null, '17518', 'RSSH', '1', '0', '0', '0', '0', '1', null, '', null, '2020-03-22 11:55:30.010', null, null, '0', '0', '0', '0', '0', '0', '0', '0', '0');
INSERT INTO `act_ru_execution` VALUES ('25001', '3', '25001', '1584861539155', null, 'QJLC:1:17504', null, '25001', null, '1', '0', '1', '0', '0', '1', null, '', null, '2020-03-22 15:19:02.998', null, null, '0', '0', '0', '0', '0', '0', '0', '0', '0');
INSERT INTO `act_ru_execution` VALUES ('25002', '5', '25001', null, '25001', 'QJLC:1:17504', null, '25001', 'endTask', '1', '0', '0', '0', '0', '1', null, '', null, '2020-03-22 15:19:03.017', null, null, '0', '0', '0', '0', '0', '0', '0', '0', '0');

-- ----------------------------
-- Table structure for act_ru_identitylink
-- ----------------------------
DROP TABLE IF EXISTS `act_ru_identitylink`;
CREATE TABLE `act_ru_identitylink` (
  `ID_` varchar(64) COLLATE utf8_bin NOT NULL DEFAULT '',
  `REV_` int(11) DEFAULT NULL,
  `GROUP_ID_` varchar(255) COLLATE utf8_bin DEFAULT NULL,
  `TYPE_` varchar(255) COLLATE utf8_bin DEFAULT NULL,
  `USER_ID_` varchar(255) COLLATE utf8_bin DEFAULT NULL,
  `TASK_ID_` varchar(64) COLLATE utf8_bin DEFAULT NULL,
  `PROC_INST_ID_` varchar(64) COLLATE utf8_bin DEFAULT NULL,
  `PROC_DEF_ID_` varchar(64) COLLATE utf8_bin DEFAULT NULL,
  PRIMARY KEY (`ID_`),
  KEY `ACT_IDX_IDENT_LNK_USER` (`USER_ID_`),
  KEY `ACT_IDX_IDENT_LNK_GROUP` (`GROUP_ID_`),
  KEY `ACT_IDX_ATHRZ_PROCEDEF` (`PROC_DEF_ID_`),
  KEY `ACT_FK_TSKASS_TASK` (`TASK_ID_`),
  KEY `ACT_FK_IDL_PROCINST` (`PROC_INST_ID_`),
  CONSTRAINT `ACT_FK_ATHRZ_PROCEDEF` FOREIGN KEY (`PROC_DEF_ID_`) REFERENCES `act_re_procdef` (`ID_`),
  CONSTRAINT `ACT_FK_IDL_PROCINST` FOREIGN KEY (`PROC_INST_ID_`) REFERENCES `act_ru_execution` (`ID_`),
  CONSTRAINT `ACT_FK_TSKASS_TASK` FOREIGN KEY (`TASK_ID_`) REFERENCES `act_ru_task` (`ID_`)
) ENGINE=InnoDB DEFAULT CHARSET=utf8 COLLATE=utf8_bin;

-- ----------------------------
-- Records of act_ru_identitylink
-- ----------------------------
INSERT INTO `act_ru_identitylink` VALUES ('17510', '1', null, 'participant', '1', null, '17505', null);
INSERT INTO `act_ru_identitylink` VALUES ('17514', '1', null, 'candidate', '1', '17513', null, null);
INSERT INTO `act_ru_identitylink` VALUES ('17515', '1', null, 'participant', '17505', null, '17505', null);
INSERT INTO `act_ru_identitylink` VALUES ('17523', '1', null, 'participant', '1', null, '17518', null);
INSERT INTO `act_ru_identitylink` VALUES ('17527', '1', null, 'candidate', '1', '17526', null, null);
INSERT INTO `act_ru_identitylink` VALUES ('17528', '1', null, 'participant', '17518', null, '17518', null);
INSERT INTO `act_ru_identitylink` VALUES ('25006', '1', null, 'participant', '1', null, '25001', null);
INSERT INTO `act_ru_identitylink` VALUES ('27508', '1', null, 'candidate', '1', '27507', null, null);
INSERT INTO `act_ru_identitylink` VALUES ('27509', '1', null, 'participant', '25001', null, '25001', null);

-- ----------------------------
-- Table structure for act_ru_job
-- ----------------------------
DROP TABLE IF EXISTS `act_ru_job`;
CREATE TABLE `act_ru_job` (
  `ID_` varchar(64) COLLATE utf8_bin NOT NULL,
  `REV_` int(11) DEFAULT NULL,
  `TYPE_` varchar(255) COLLATE utf8_bin NOT NULL,
  `LOCK_EXP_TIME_` timestamp(3) NULL DEFAULT NULL,
  `LOCK_OWNER_` varchar(255) COLLATE utf8_bin DEFAULT NULL,
  `EXCLUSIVE_` tinyint(1) DEFAULT NULL,
  `EXECUTION_ID_` varchar(64) COLLATE utf8_bin DEFAULT NULL,
  `PROCESS_INSTANCE_ID_` varchar(64) COLLATE utf8_bin DEFAULT NULL,
  `PROC_DEF_ID_` varchar(64) COLLATE utf8_bin DEFAULT NULL,
  `RETRIES_` int(11) DEFAULT NULL,
  `EXCEPTION_STACK_ID_` varchar(64) COLLATE utf8_bin DEFAULT NULL,
  `EXCEPTION_MSG_` varchar(4000) COLLATE utf8_bin DEFAULT NULL,
  `DUEDATE_` timestamp(3) NULL DEFAULT NULL,
  `REPEAT_` varchar(255) COLLATE utf8_bin DEFAULT NULL,
  `HANDLER_TYPE_` varchar(255) COLLATE utf8_bin DEFAULT NULL,
  `HANDLER_CFG_` varchar(4000) COLLATE utf8_bin DEFAULT NULL,
  `TENANT_ID_` varchar(255) COLLATE utf8_bin DEFAULT '',
  PRIMARY KEY (`ID_`),
  KEY `ACT_FK_JOB_EXECUTION` (`EXECUTION_ID_`),
  KEY `ACT_FK_JOB_PROCESS_INSTANCE` (`PROCESS_INSTANCE_ID_`),
  KEY `ACT_FK_JOB_PROC_DEF` (`PROC_DEF_ID_`),
  KEY `ACT_FK_JOB_EXCEPTION` (`EXCEPTION_STACK_ID_`),
  CONSTRAINT `ACT_FK_JOB_EXCEPTION` FOREIGN KEY (`EXCEPTION_STACK_ID_`) REFERENCES `act_ge_bytearray` (`ID_`),
  CONSTRAINT `ACT_FK_JOB_EXECUTION` FOREIGN KEY (`EXECUTION_ID_`) REFERENCES `act_ru_execution` (`ID_`),
  CONSTRAINT `ACT_FK_JOB_PROCESS_INSTANCE` FOREIGN KEY (`PROCESS_INSTANCE_ID_`) REFERENCES `act_ru_execution` (`ID_`),
  CONSTRAINT `ACT_FK_JOB_PROC_DEF` FOREIGN KEY (`PROC_DEF_ID_`) REFERENCES `act_re_procdef` (`ID_`)
) ENGINE=InnoDB DEFAULT CHARSET=utf8 COLLATE=utf8_bin;

-- ----------------------------
-- Records of act_ru_job
-- ----------------------------

-- ----------------------------
-- Table structure for act_ru_suspended_job
-- ----------------------------
DROP TABLE IF EXISTS `act_ru_suspended_job`;
CREATE TABLE `act_ru_suspended_job` (
  `ID_` varchar(64) COLLATE utf8_bin NOT NULL,
  `REV_` int(11) DEFAULT NULL,
  `TYPE_` varchar(255) COLLATE utf8_bin NOT NULL,
  `EXCLUSIVE_` tinyint(1) DEFAULT NULL,
  `EXECUTION_ID_` varchar(64) COLLATE utf8_bin DEFAULT NULL,
  `PROCESS_INSTANCE_ID_` varchar(64) COLLATE utf8_bin DEFAULT NULL,
  `PROC_DEF_ID_` varchar(64) COLLATE utf8_bin DEFAULT NULL,
  `RETRIES_` int(11) DEFAULT NULL,
  `EXCEPTION_STACK_ID_` varchar(64) COLLATE utf8_bin DEFAULT NULL,
  `EXCEPTION_MSG_` varchar(4000) COLLATE utf8_bin DEFAULT NULL,
  `DUEDATE_` timestamp(3) NULL DEFAULT NULL,
  `REPEAT_` varchar(255) COLLATE utf8_bin DEFAULT NULL,
  `HANDLER_TYPE_` varchar(255) COLLATE utf8_bin DEFAULT NULL,
  `HANDLER_CFG_` varchar(4000) COLLATE utf8_bin DEFAULT NULL,
  `TENANT_ID_` varchar(255) COLLATE utf8_bin DEFAULT '',
  PRIMARY KEY (`ID_`),
  KEY `ACT_FK_SUSPENDED_JOB_EXECUTION` (`EXECUTION_ID_`),
  KEY `ACT_FK_SUSPENDED_JOB_PROCESS_INSTANCE` (`PROCESS_INSTANCE_ID_`),
  KEY `ACT_FK_SUSPENDED_JOB_PROC_DEF` (`PROC_DEF_ID_`),
  KEY `ACT_FK_SUSPENDED_JOB_EXCEPTION` (`EXCEPTION_STACK_ID_`),
  CONSTRAINT `ACT_FK_SUSPENDED_JOB_EXCEPTION` FOREIGN KEY (`EXCEPTION_STACK_ID_`) REFERENCES `act_ge_bytearray` (`ID_`),
  CONSTRAINT `ACT_FK_SUSPENDED_JOB_EXECUTION` FOREIGN KEY (`EXECUTION_ID_`) REFERENCES `act_ru_execution` (`ID_`),
  CONSTRAINT `ACT_FK_SUSPENDED_JOB_PROCESS_INSTANCE` FOREIGN KEY (`PROCESS_INSTANCE_ID_`) REFERENCES `act_ru_execution` (`ID_`),
  CONSTRAINT `ACT_FK_SUSPENDED_JOB_PROC_DEF` FOREIGN KEY (`PROC_DEF_ID_`) REFERENCES `act_re_procdef` (`ID_`)
) ENGINE=InnoDB DEFAULT CHARSET=utf8 COLLATE=utf8_bin;

-- ----------------------------
-- Records of act_ru_suspended_job
-- ----------------------------

-- ----------------------------
-- Table structure for act_ru_task
-- ----------------------------
DROP TABLE IF EXISTS `act_ru_task`;
CREATE TABLE `act_ru_task` (
  `ID_` varchar(64) COLLATE utf8_bin NOT NULL DEFAULT '',
  `REV_` int(11) DEFAULT NULL,
  `EXECUTION_ID_` varchar(64) COLLATE utf8_bin DEFAULT NULL,
  `PROC_INST_ID_` varchar(64) COLLATE utf8_bin DEFAULT NULL,
  `PROC_DEF_ID_` varchar(64) COLLATE utf8_bin DEFAULT NULL,
  `NAME_` varchar(255) COLLATE utf8_bin DEFAULT NULL,
  `PARENT_TASK_ID_` varchar(64) COLLATE utf8_bin DEFAULT NULL,
  `DESCRIPTION_` varchar(4000) COLLATE utf8_bin DEFAULT NULL,
  `TASK_DEF_KEY_` varchar(255) COLLATE utf8_bin DEFAULT NULL,
  `OWNER_` varchar(255) COLLATE utf8_bin DEFAULT NULL,
  `ASSIGNEE_` varchar(255) COLLATE utf8_bin DEFAULT NULL,
  `DELEGATION_` varchar(64) COLLATE utf8_bin DEFAULT NULL,
  `PRIORITY_` int(11) DEFAULT NULL,
  `CREATE_TIME_` timestamp(3) NULL DEFAULT NULL,
  `DUE_DATE_` datetime(3) DEFAULT NULL,
  `CATEGORY_` varchar(255) COLLATE utf8_bin DEFAULT NULL,
  `SUSPENSION_STATE_` int(11) DEFAULT NULL,
  `TENANT_ID_` varchar(255) COLLATE utf8_bin DEFAULT '',
  `FORM_KEY_` varchar(255) COLLATE utf8_bin DEFAULT NULL,
  `CLAIM_TIME_` datetime(3) DEFAULT NULL,
  PRIMARY KEY (`ID_`),
  KEY `ACT_IDX_TASK_CREATE` (`CREATE_TIME_`),
  KEY `ACT_FK_TASK_EXE` (`EXECUTION_ID_`),
  KEY `ACT_FK_TASK_PROCINST` (`PROC_INST_ID_`),
  KEY `ACT_FK_TASK_PROCDEF` (`PROC_DEF_ID_`),
  CONSTRAINT `ACT_FK_TASK_EXE` FOREIGN KEY (`EXECUTION_ID_`) REFERENCES `act_ru_execution` (`ID_`),
  CONSTRAINT `ACT_FK_TASK_PROCDEF` FOREIGN KEY (`PROC_DEF_ID_`) REFERENCES `act_re_procdef` (`ID_`),
  CONSTRAINT `ACT_FK_TASK_PROCINST` FOREIGN KEY (`PROC_INST_ID_`) REFERENCES `act_ru_execution` (`ID_`)
) ENGINE=InnoDB DEFAULT CHARSET=utf8 COLLATE=utf8_bin;

-- ----------------------------
-- Records of act_ru_task
-- ----------------------------
INSERT INTO `act_ru_task` VALUES ('17513', '4', '17506', '17505', 'QJLC:1:17504', '人事审核', null, null, 'RSSH', null, '17505', null, '50', '2020-03-22 11:42:16.127', null, null, '1', '', null, '2020-03-22 11:42:44.187');
INSERT INTO `act_ru_task` VALUES ('17526', '4', '17519', '17518', 'QJLC:1:17504', '人事审核', null, null, 'RSSH', null, '17518', null, '50', '2020-03-22 11:55:30.083', null, null, '1', '', null, '2020-03-22 11:55:42.043');
INSERT INTO `act_ru_task` VALUES ('27507', '4', '25002', '25001', 'QJLC:1:17504', '老板审核', null, null, 'endTask', null, '25001', null, '50', '2020-03-22 15:23:53.991', null, null, '1', '', null, '2020-03-22 15:30:39.732');

-- ----------------------------
-- Table structure for act_ru_timer_job
-- ----------------------------
DROP TABLE IF EXISTS `act_ru_timer_job`;
CREATE TABLE `act_ru_timer_job` (
  `ID_` varchar(64) COLLATE utf8_bin NOT NULL,
  `REV_` int(11) DEFAULT NULL,
  `TYPE_` varchar(255) COLLATE utf8_bin NOT NULL,
  `LOCK_EXP_TIME_` timestamp(3) NULL DEFAULT NULL,
  `LOCK_OWNER_` varchar(255) COLLATE utf8_bin DEFAULT NULL,
  `EXCLUSIVE_` tinyint(1) DEFAULT NULL,
  `EXECUTION_ID_` varchar(64) COLLATE utf8_bin DEFAULT NULL,
  `PROCESS_INSTANCE_ID_` varchar(64) COLLATE utf8_bin DEFAULT NULL,
  `PROC_DEF_ID_` varchar(64) COLLATE utf8_bin DEFAULT NULL,
  `RETRIES_` int(11) DEFAULT NULL,
  `EXCEPTION_STACK_ID_` varchar(64) COLLATE utf8_bin DEFAULT NULL,
  `EXCEPTION_MSG_` varchar(4000) COLLATE utf8_bin DEFAULT NULL,
  `DUEDATE_` timestamp(3) NULL DEFAULT NULL,
  `REPEAT_` varchar(255) COLLATE utf8_bin DEFAULT NULL,
  `HANDLER_TYPE_` varchar(255) COLLATE utf8_bin DEFAULT NULL,
  `HANDLER_CFG_` varchar(4000) COLLATE utf8_bin DEFAULT NULL,
  `TENANT_ID_` varchar(255) COLLATE utf8_bin DEFAULT '',
  PRIMARY KEY (`ID_`),
  KEY `ACT_FK_TIMER_JOB_EXECUTION` (`EXECUTION_ID_`),
  KEY `ACT_FK_TIMER_JOB_PROCESS_INSTANCE` (`PROCESS_INSTANCE_ID_`),
  KEY `ACT_FK_TIMER_JOB_PROC_DEF` (`PROC_DEF_ID_`),
  KEY `ACT_FK_TIMER_JOB_EXCEPTION` (`EXCEPTION_STACK_ID_`),
  CONSTRAINT `ACT_FK_TIMER_JOB_EXCEPTION` FOREIGN KEY (`EXCEPTION_STACK_ID_`) REFERENCES `act_ge_bytearray` (`ID_`),
  CONSTRAINT `ACT_FK_TIMER_JOB_EXECUTION` FOREIGN KEY (`EXECUTION_ID_`) REFERENCES `act_ru_execution` (`ID_`),
  CONSTRAINT `ACT_FK_TIMER_JOB_PROCESS_INSTANCE` FOREIGN KEY (`PROCESS_INSTANCE_ID_`) REFERENCES `act_ru_execution` (`ID_`),
  CONSTRAINT `ACT_FK_TIMER_JOB_PROC_DEF` FOREIGN KEY (`PROC_DEF_ID_`) REFERENCES `act_re_procdef` (`ID_`)
) ENGINE=InnoDB DEFAULT CHARSET=utf8 COLLATE=utf8_bin;

-- ----------------------------
-- Records of act_ru_timer_job
-- ----------------------------

-- ----------------------------
-- Table structure for act_ru_variable
-- ----------------------------
DROP TABLE IF EXISTS `act_ru_variable`;
CREATE TABLE `act_ru_variable` (
  `ID_` varchar(64) COLLATE utf8_bin NOT NULL,
  `REV_` int(11) DEFAULT NULL,
  `TYPE_` varchar(255) COLLATE utf8_bin NOT NULL,
  `NAME_` varchar(255) COLLATE utf8_bin NOT NULL,
  `EXECUTION_ID_` varchar(64) COLLATE utf8_bin DEFAULT NULL,
  `PROC_INST_ID_` varchar(64) COLLATE utf8_bin DEFAULT NULL,
  `TASK_ID_` varchar(64) COLLATE utf8_bin DEFAULT NULL,
  `BYTEARRAY_ID_` varchar(64) COLLATE utf8_bin DEFAULT NULL,
  `DOUBLE_` double DEFAULT NULL,
  `LONG_` bigint(20) DEFAULT NULL,
  `TEXT_` varchar(4000) COLLATE utf8_bin DEFAULT NULL,
  `TEXT2_` varchar(4000) COLLATE utf8_bin DEFAULT NULL,
  PRIMARY KEY (`ID_`),
  KEY `ACT_IDX_VARIABLE_TASK_ID` (`TASK_ID_`),
  KEY `ACT_FK_VAR_EXE` (`EXECUTION_ID_`),
  KEY `ACT_FK_VAR_PROCINST` (`PROC_INST_ID_`),
  KEY `ACT_FK_VAR_BYTEARRAY` (`BYTEARRAY_ID_`),
  CONSTRAINT `ACT_FK_VAR_BYTEARRAY` FOREIGN KEY (`BYTEARRAY_ID_`) REFERENCES `act_ge_bytearray` (`ID_`),
  CONSTRAINT `ACT_FK_VAR_EXE` FOREIGN KEY (`EXECUTION_ID_`) REFERENCES `act_ru_execution` (`ID_`),
  CONSTRAINT `ACT_FK_VAR_PROCINST` FOREIGN KEY (`PROC_INST_ID_`) REFERENCES `act_ru_execution` (`ID_`)
) ENGINE=InnoDB DEFAULT CHARSET=utf8 COLLATE=utf8_bin;

-- ----------------------------
-- Records of act_ru_variable
-- ----------------------------
INSERT INTO `act_ru_variable` VALUES ('27502', '1', 'string', 'user_id', '25001', '25001', null, null, null, null, '1', null);
INSERT INTO `act_ru_variable` VALUES ('27503', '1', 'integer', 'pass', '25001', '25001', null, null, null, '1', '1', null);
INSERT INTO `act_ru_variable` VALUES ('27504', '1', 'string', 'comment', '25001', '25001', null, null, null, null, '通过', null);

-- ----------------------------
-- Table structure for gen_table
-- ----------------------------
DROP TABLE IF EXISTS `gen_table`;
CREATE TABLE `gen_table` (
  `table_id` bigint(20) NOT NULL AUTO_INCREMENT COMMENT '编号',
  `table_name` varchar(200) DEFAULT '' COMMENT '表名称',
  `table_comment` varchar(500) DEFAULT '' COMMENT '表描述',
  `class_name` varchar(100) DEFAULT '' COMMENT '实体类名称',
  `tpl_category` varchar(200) DEFAULT 'crud' COMMENT '使用的模板（crud单表操作 tree树表操作）',
  `package_name` varchar(100) DEFAULT NULL COMMENT '生成包路径',
  `module_name` varchar(30) DEFAULT NULL COMMENT '生成模块名',
  `business_name` varchar(30) DEFAULT NULL COMMENT '生成业务名',
  `function_name` varchar(50) DEFAULT NULL COMMENT '生成功能名',
  `function_author` varchar(50) DEFAULT NULL COMMENT '生成功能作者',
  `options` varchar(1000) DEFAULT NULL COMMENT '其它生成选项',
  `create_by` varchar(64) DEFAULT '' COMMENT '创建者',
  `create_time` datetime DEFAULT NULL COMMENT '创建时间',
  `update_by` varchar(64) DEFAULT '' COMMENT '更新者',
  `update_time` datetime DEFAULT NULL COMMENT '更新时间',
  `remark` varchar(500) DEFAULT NULL COMMENT '备注',
  PRIMARY KEY (`table_id`)
) ENGINE=InnoDB AUTO_INCREMENT=3 DEFAULT CHARSET=utf8 COMMENT='代码生成业务表';

-- ----------------------------
-- Records of gen_table
-- ----------------------------
INSERT INTO `gen_table` VALUES ('1', 'leavedemo', '请假测试的业务表', 'Leavedemo', 'crud', 'com.ruoyi.process', 'leavedemo', 'leavedemo', '请假demo', 'ren', '{\"treeName\":\"\",\"treeParentCode\":\"\",\"treeCode\":\"\"}', 'admin', '2020-03-19 22:00:04', '', '2020-03-19 22:05:05', '请假流程的demo');
INSERT INTO `gen_table` VALUES ('2', 'v_tasklist', 'VIEW', 'VTasklist', 'crud', 'com.ruoyi.system', 'system', 'tasklist', 'VIEW', 'ruoyi', null, 'admin', '2020-03-21 17:25:46', '', null, null);

-- ----------------------------
-- Table structure for gen_table_column
-- ----------------------------
DROP TABLE IF EXISTS `gen_table_column`;
CREATE TABLE `gen_table_column` (
  `column_id` bigint(20) NOT NULL AUTO_INCREMENT COMMENT '编号',
  `table_id` varchar(64) DEFAULT NULL COMMENT '归属表编号',
  `column_name` varchar(200) DEFAULT NULL COMMENT '列名称',
  `column_comment` varchar(500) DEFAULT NULL COMMENT '列描述',
  `column_type` varchar(100) DEFAULT NULL COMMENT '列类型',
  `java_type` varchar(500) DEFAULT NULL COMMENT 'JAVA类型',
  `java_field` varchar(200) DEFAULT NULL COMMENT 'JAVA字段名',
  `is_pk` char(1) DEFAULT NULL COMMENT '是否主键（1是）',
  `is_increment` char(1) DEFAULT NULL COMMENT '是否自增（1是）',
  `is_required` char(1) DEFAULT NULL COMMENT '是否必填（1是）',
  `is_insert` char(1) DEFAULT NULL COMMENT '是否为插入字段（1是）',
  `is_edit` char(1) DEFAULT NULL COMMENT '是否编辑字段（1是）',
  `is_list` char(1) DEFAULT NULL COMMENT '是否列表字段（1是）',
  `is_query` char(1) DEFAULT NULL COMMENT '是否查询字段（1是）',
  `query_type` varchar(200) DEFAULT 'EQ' COMMENT '查询方式（等于、不等于、大于、小于、范围）',
  `html_type` varchar(200) DEFAULT NULL COMMENT '显示类型（文本框、文本域、下拉框、复选框、单选框、日期控件）',
  `dict_type` varchar(200) DEFAULT '' COMMENT '字典类型',
  `sort` int(11) DEFAULT NULL COMMENT '排序',
  `create_by` varchar(64) DEFAULT '' COMMENT '创建者',
  `create_time` datetime DEFAULT NULL COMMENT '创建时间',
  `update_by` varchar(64) DEFAULT '' COMMENT '更新者',
  `update_time` datetime DEFAULT NULL COMMENT '更新时间',
  PRIMARY KEY (`column_id`)
) ENGINE=InnoDB AUTO_INCREMENT=19 DEFAULT CHARSET=utf8 COMMENT='代码生成业务表字段';

-- ----------------------------
-- Records of gen_table_column
-- ----------------------------
INSERT INTO `gen_table_column` VALUES ('1', '1', 'id', 'id', 'varchar(20)', 'String', 'id', '1', '0', null, '1', null, null, null, 'EQ', 'input', '', '1', 'admin', '2020-03-19 22:00:04', null, '2020-03-19 22:05:05');
INSERT INTO `gen_table_column` VALUES ('2', '1', 'title', '标题', 'varchar(500)', 'String', 'title', '0', '0', null, '1', '1', '1', '1', 'EQ', 'textarea', '', '2', 'admin', '2020-03-19 22:00:04', null, '2020-03-19 22:05:05');
INSERT INTO `gen_table_column` VALUES ('3', '1', 'remark', '说明', 'varchar(2000)', 'String', 'remark', '0', '0', null, '1', '1', '1', null, 'EQ', 'textarea', '', '3', 'admin', '2020-03-19 22:00:04', null, '2020-03-19 22:05:05');
INSERT INTO `gen_table_column` VALUES ('4', '1', 'pic', '图片', 'varchar(300)', 'String', 'pic', '0', '0', null, '1', '1', '1', '1', 'EQ', 'input', '', '4', 'admin', '2020-03-19 22:00:04', null, '2020-03-19 22:05:05');
INSERT INTO `gen_table_column` VALUES ('5', '1', 'starttime', '请假开始时间', 'datetime', 'Date', 'starttime', '0', '0', null, '1', '1', '1', '1', 'LIKE', 'datetime', '', '5', 'admin', '2020-03-19 22:00:04', null, '2020-03-19 22:05:05');
INSERT INTO `gen_table_column` VALUES ('6', '1', 'endtime', '请假结束时间', 'datetime', 'Date', 'endtime', '0', '0', null, '1', '1', '1', '1', 'LIKE', 'datetime', '', '6', 'admin', '2020-03-19 22:00:04', null, '2020-03-19 22:05:05');
INSERT INTO `gen_table_column` VALUES ('7', '1', 'instance_id', '流程id', 'varchar(500)', 'String', 'instanceId', '0', '0', null, '1', '1', '1', '1', 'EQ', 'textarea', '', '7', 'admin', '2020-03-19 22:00:04', null, '2020-03-19 22:05:05');
INSERT INTO `gen_table_column` VALUES ('8', '1', 'runstatus', '运行状态 start：初始值 ；run：运行中 ； end ：结束；', 'varchar(255)', 'String', 'runstatus', '0', '0', null, '1', '1', '1', '1', 'EQ', 'select', '', '8', 'admin', '2020-03-19 22:00:04', null, '2020-03-19 22:05:05');
INSERT INTO `gen_table_column` VALUES ('9', '2', 'TASK_ID', null, 'varchar(64)', 'String', 'taskId', '0', '0', '1', '1', '1', '1', '1', 'EQ', 'input', '', '1', 'admin', '2020-03-21 17:25:46', '', null);
INSERT INTO `gen_table_column` VALUES ('10', '2', 'PROC_INST_ID', null, 'varchar(64)', 'String', 'procInstId', '0', '0', null, '1', '1', '1', '1', 'EQ', 'input', '', '2', 'admin', '2020-03-21 17:25:46', '', null);
INSERT INTO `gen_table_column` VALUES ('11', '2', 'ACT_ID', null, 'varchar(255)', 'String', 'actId', '0', '0', null, '1', '1', '1', '1', 'EQ', 'input', '', '3', 'admin', '2020-03-21 17:25:46', '', null);
INSERT INTO `gen_table_column` VALUES ('12', '2', 'ACT_NAME', null, 'varchar(255)', 'String', 'actName', '0', '0', null, '1', '1', '1', '1', 'LIKE', 'input', '', '4', 'admin', '2020-03-21 17:25:46', '', null);
INSERT INTO `gen_table_column` VALUES ('13', '2', 'ASSIGNEE', null, 'varchar(255)', 'String', 'assignee', '0', '0', null, '1', '1', '1', '1', 'EQ', 'input', '', '5', 'admin', '2020-03-21 17:25:46', '', null);
INSERT INTO `gen_table_column` VALUES ('14', '2', 'DELEGATION_ID', null, 'varchar(64)', 'String', 'delegationId', '0', '0', null, '1', '1', '1', '1', 'EQ', 'input', '', '6', 'admin', '2020-03-21 17:25:46', '', null);
INSERT INTO `gen_table_column` VALUES ('15', '2', 'DESCRIPTION', null, 'varchar(4000)', 'String', 'description', '0', '0', null, '1', '1', '1', '1', 'EQ', 'textarea', '', '7', 'admin', '2020-03-21 17:25:46', '', null);
INSERT INTO `gen_table_column` VALUES ('16', '2', 'CREATE_TIME', null, 'timestamp(3)', 'Date', 'createTime', '0', '0', null, '1', '1', '1', '1', 'EQ', 'datetime', '', '8', 'admin', '2020-03-21 17:25:46', '', null);
INSERT INTO `gen_table_column` VALUES ('17', '2', 'DUE_DATE', null, 'datetime(3)', 'Date', 'dueDate', '0', '0', null, '1', '1', '1', '1', 'EQ', 'datetime', '', '9', 'admin', '2020-03-21 17:25:46', '', null);
INSERT INTO `gen_table_column` VALUES ('18', '2', 'CANDIDATE', null, 'varchar(255)', 'String', 'candidate', '0', '0', null, '1', '1', '1', '1', 'EQ', 'input', '', '10', 'admin', '2020-03-21 17:25:46', '', null);

-- ----------------------------
-- Table structure for leavedemo
-- ----------------------------
DROP TABLE IF EXISTS `leavedemo`;
CREATE TABLE `leavedemo` (
  `id` varchar(20) NOT NULL COMMENT 'id',
  `title` varchar(500) DEFAULT NULL COMMENT '标题',
  `remark` varchar(2000) DEFAULT NULL COMMENT '说明',
  `pic` varchar(300) DEFAULT NULL COMMENT '图片',
  `starttime` datetime DEFAULT NULL ON UPDATE CURRENT_TIMESTAMP COMMENT '请假开始时间',
  `endtime` datetime DEFAULT NULL ON UPDATE CURRENT_TIMESTAMP COMMENT '请假结束时间',
  `instance_id` varchar(500) DEFAULT NULL COMMENT '流程id',
  `runstatus` varchar(255) DEFAULT 'start' COMMENT '运行状态 start：初始值 ；run：运行中 ； end ：结束；',
  PRIMARY KEY (`id`)
) ENGINE=InnoDB DEFAULT CHARSET=utf8;

-- ----------------------------
-- Records of leavedemo
-- ----------------------------
INSERT INTO `leavedemo` VALUES ('1584629017193', '测试', '测试', 'a.png', '2020-03-21 16:26:21', '2020-03-21 16:26:21', '10001', 'end');
INSERT INTO `leavedemo` VALUES ('1584848529236', '这是第二个测试请假', '我有事', 'b.pic', '2020-03-22 11:54:57', '2020-03-22 11:54:57', '17518', 'run');
INSERT INTO `leavedemo` VALUES ('1584850850040', '测试2', '我不好', 'b.png', '2020-03-22 00:00:00', '2020-03-28 00:00:00', '20001', 'end');
INSERT INTO `leavedemo` VALUES ('1584851552454', '通过', '通过', 'n.png', '2020-03-22 00:00:00', '2020-03-26 00:00:00', '20033', 'end');
INSERT INTO `leavedemo` VALUES ('1584852568635', '测试3', '通过', 'c.png', '2020-03-22 00:00:00', '2020-03-26 00:00:00', '22501', 'end');
INSERT INTO `leavedemo` VALUES ('1584861539155', '测试4', '测试', 'mn.png', '2020-03-22 00:00:00', '2020-03-30 00:00:00', '25001', 'end');
INSERT INTO `leavedemo` VALUES ('1584862374454', '测试5', '通过', 'mns.png', '2020-03-22 00:00:00', '2020-03-25 00:00:00', '30001', 'end');
INSERT INTO `leavedemo` VALUES ('1584862514126', '请假', '通过实施', '请假', '2020-03-04 00:00:00', '2020-03-25 00:00:00', null, 'start');

-- ----------------------------
-- Table structure for qrtz_blob_triggers
-- ----------------------------
DROP TABLE IF EXISTS `qrtz_blob_triggers`;
CREATE TABLE `qrtz_blob_triggers` (
  `sched_name` varchar(120) NOT NULL,
  `trigger_name` varchar(200) NOT NULL,
  `trigger_group` varchar(200) NOT NULL,
  `blob_data` blob,
  PRIMARY KEY (`sched_name`,`trigger_name`,`trigger_group`),
  CONSTRAINT `qrtz_blob_triggers_ibfk_1` FOREIGN KEY (`sched_name`, `trigger_name`, `trigger_group`) REFERENCES `qrtz_triggers` (`sched_name`, `trigger_name`, `trigger_group`)
) ENGINE=InnoDB DEFAULT CHARSET=utf8;

-- ----------------------------
-- Records of qrtz_blob_triggers
-- ----------------------------

-- ----------------------------
-- Table structure for qrtz_calendars
-- ----------------------------
DROP TABLE IF EXISTS `qrtz_calendars`;
CREATE TABLE `qrtz_calendars` (
  `sched_name` varchar(120) NOT NULL,
  `calendar_name` varchar(200) NOT NULL,
  `calendar` blob NOT NULL,
  PRIMARY KEY (`sched_name`,`calendar_name`)
) ENGINE=InnoDB DEFAULT CHARSET=utf8;

-- ----------------------------
-- Records of qrtz_calendars
-- ----------------------------

-- ----------------------------
-- Table structure for qrtz_cron_triggers
-- ----------------------------
DROP TABLE IF EXISTS `qrtz_cron_triggers`;
CREATE TABLE `qrtz_cron_triggers` (
  `sched_name` varchar(120) NOT NULL,
  `trigger_name` varchar(200) NOT NULL,
  `trigger_group` varchar(200) NOT NULL,
  `cron_expression` varchar(200) NOT NULL,
  `time_zone_id` varchar(80) DEFAULT NULL,
  PRIMARY KEY (`sched_name`,`trigger_name`,`trigger_group`),
  CONSTRAINT `qrtz_cron_triggers_ibfk_1` FOREIGN KEY (`sched_name`, `trigger_name`, `trigger_group`) REFERENCES `qrtz_triggers` (`sched_name`, `trigger_name`, `trigger_group`)
) ENGINE=InnoDB DEFAULT CHARSET=utf8;

-- ----------------------------
-- Records of qrtz_cron_triggers
-- ----------------------------
INSERT INTO `qrtz_cron_triggers` VALUES ('RuoyiScheduler', 'TASK_CLASS_NAME1', 'DEFAULT', '0/10 * * * * ?', 'Asia/Shanghai');
INSERT INTO `qrtz_cron_triggers` VALUES ('RuoyiScheduler', 'TASK_CLASS_NAME2', 'DEFAULT', '0/15 * * * * ?', 'Asia/Shanghai');
INSERT INTO `qrtz_cron_triggers` VALUES ('RuoyiScheduler', 'TASK_CLASS_NAME3', 'DEFAULT', '0/20 * * * * ?', 'Asia/Shanghai');

-- ----------------------------
-- Table structure for qrtz_fired_triggers
-- ----------------------------
DROP TABLE IF EXISTS `qrtz_fired_triggers`;
CREATE TABLE `qrtz_fired_triggers` (
  `sched_name` varchar(120) NOT NULL,
  `entry_id` varchar(95) NOT NULL,
  `trigger_name` varchar(200) NOT NULL,
  `trigger_group` varchar(200) NOT NULL,
  `instance_name` varchar(200) NOT NULL,
  `fired_time` bigint(13) NOT NULL,
  `sched_time` bigint(13) NOT NULL,
  `priority` int(11) NOT NULL,
  `state` varchar(16) NOT NULL,
  `job_name` varchar(200) DEFAULT NULL,
  `job_group` varchar(200) DEFAULT NULL,
  `is_nonconcurrent` varchar(1) DEFAULT NULL,
  `requests_recovery` varchar(1) DEFAULT NULL,
  PRIMARY KEY (`sched_name`,`entry_id`)
) ENGINE=InnoDB DEFAULT CHARSET=utf8;

-- ----------------------------
-- Records of qrtz_fired_triggers
-- ----------------------------

-- ----------------------------
-- Table structure for qrtz_job_details
-- ----------------------------
DROP TABLE IF EXISTS `qrtz_job_details`;
CREATE TABLE `qrtz_job_details` (
  `sched_name` varchar(120) NOT NULL,
  `job_name` varchar(200) NOT NULL,
  `job_group` varchar(200) NOT NULL,
  `description` varchar(250) DEFAULT NULL,
  `job_class_name` varchar(250) NOT NULL,
  `is_durable` varchar(1) NOT NULL,
  `is_nonconcurrent` varchar(1) NOT NULL,
  `is_update_data` varchar(1) NOT NULL,
  `requests_recovery` varchar(1) NOT NULL,
  `job_data` blob,
  PRIMARY KEY (`sched_name`,`job_name`,`job_group`)
) ENGINE=InnoDB DEFAULT CHARSET=utf8;

-- ----------------------------
-- Records of qrtz_job_details
-- ----------------------------
INSERT INTO `qrtz_job_details` VALUES ('RuoyiScheduler', 'TASK_CLASS_NAME1', 'DEFAULT', null, 'com.ruoyi.quartz.util.QuartzDisallowConcurrentExecution', '0', '1', '0', '0', 0xACED0005737200156F72672E71756172747A2E4A6F62446174614D61709FB083E8BFA9B0CB020000787200266F72672E71756172747A2E7574696C732E537472696E674B65794469727479466C61674D61708208E8C3FBC55D280200015A0013616C6C6F77735472616E7369656E74446174617872001D6F72672E71756172747A2E7574696C732E4469727479466C61674D617013E62EAD28760ACE0200025A000564697274794C00036D617074000F4C6A6176612F7574696C2F4D61703B787001737200116A6176612E7574696C2E486173684D61700507DAC1C31660D103000246000A6C6F6164466163746F724900097468726573686F6C6478703F4000000000000C7708000000100000000174000F5441534B5F50524F504552544945537372001E636F6D2E72756F79692E71756172747A2E646F6D61696E2E5379734A6F6200000000000000010200084C000A636F6E63757272656E747400124C6A6176612F6C616E672F537472696E673B4C000E63726F6E45787072657373696F6E71007E00094C000C696E766F6B6554617267657471007E00094C00086A6F6247726F757071007E00094C00056A6F6249647400104C6A6176612F6C616E672F4C6F6E673B4C00076A6F624E616D6571007E00094C000D6D697366697265506F6C69637971007E00094C000673746174757371007E000978720027636F6D2E72756F79692E636F6D6D6F6E2E636F72652E646F6D61696E2E42617365456E7469747900000000000000010200074C0008637265617465427971007E00094C000A63726561746554696D657400104C6A6176612F7574696C2F446174653B4C0006706172616D7371007E00034C000672656D61726B71007E00094C000B73656172636856616C756571007E00094C0008757064617465427971007E00094C000A75706461746554696D6571007E000C787074000561646D696E7372000E6A6176612E7574696C2E44617465686A81014B59741903000078707708000001622CDE29E078707400007070707400013174000E302F3130202A202A202A202A203F74001172795461736B2E72794E6F506172616D7374000744454641554C547372000E6A6176612E6C616E672E4C6F6E673B8BE490CC8F23DF0200014A000576616C7565787200106A6176612E6C616E672E4E756D62657286AC951D0B94E08B02000078700000000000000001740018E7B3BBE7BB9FE9BB98E8AEA4EFBC88E697A0E58F82EFBC8974000133740001317800);
INSERT INTO `qrtz_job_details` VALUES ('RuoyiScheduler', 'TASK_CLASS_NAME2', 'DEFAULT', null, 'com.ruoyi.quartz.util.QuartzDisallowConcurrentExecution', '0', '1', '0', '0', 0xACED0005737200156F72672E71756172747A2E4A6F62446174614D61709FB083E8BFA9B0CB020000787200266F72672E71756172747A2E7574696C732E537472696E674B65794469727479466C61674D61708208E8C3FBC55D280200015A0013616C6C6F77735472616E7369656E74446174617872001D6F72672E71756172747A2E7574696C732E4469727479466C61674D617013E62EAD28760ACE0200025A000564697274794C00036D617074000F4C6A6176612F7574696C2F4D61703B787001737200116A6176612E7574696C2E486173684D61700507DAC1C31660D103000246000A6C6F6164466163746F724900097468726573686F6C6478703F4000000000000C7708000000100000000174000F5441534B5F50524F504552544945537372001E636F6D2E72756F79692E71756172747A2E646F6D61696E2E5379734A6F6200000000000000010200084C000A636F6E63757272656E747400124C6A6176612F6C616E672F537472696E673B4C000E63726F6E45787072657373696F6E71007E00094C000C696E766F6B6554617267657471007E00094C00086A6F6247726F757071007E00094C00056A6F6249647400104C6A6176612F6C616E672F4C6F6E673B4C00076A6F624E616D6571007E00094C000D6D697366697265506F6C69637971007E00094C000673746174757371007E000978720027636F6D2E72756F79692E636F6D6D6F6E2E636F72652E646F6D61696E2E42617365456E7469747900000000000000010200074C0008637265617465427971007E00094C000A63726561746554696D657400104C6A6176612F7574696C2F446174653B4C0006706172616D7371007E00034C000672656D61726B71007E00094C000B73656172636856616C756571007E00094C0008757064617465427971007E00094C000A75706461746554696D6571007E000C787074000561646D696E7372000E6A6176612E7574696C2E44617465686A81014B59741903000078707708000001622CDE29E078707400007070707400013174000E302F3135202A202A202A202A203F74001572795461736B2E7279506172616D7328277279272974000744454641554C547372000E6A6176612E6C616E672E4C6F6E673B8BE490CC8F23DF0200014A000576616C7565787200106A6176612E6C616E672E4E756D62657286AC951D0B94E08B02000078700000000000000002740018E7B3BBE7BB9FE9BB98E8AEA4EFBC88E69C89E58F82EFBC8974000133740001317800);
INSERT INTO `qrtz_job_details` VALUES ('RuoyiScheduler', 'TASK_CLASS_NAME3', 'DEFAULT', null, 'com.ruoyi.quartz.util.QuartzDisallowConcurrentExecution', '0', '1', '0', '0', 0xACED0005737200156F72672E71756172747A2E4A6F62446174614D61709FB083E8BFA9B0CB020000787200266F72672E71756172747A2E7574696C732E537472696E674B65794469727479466C61674D61708208E8C3FBC55D280200015A0013616C6C6F77735472616E7369656E74446174617872001D6F72672E71756172747A2E7574696C732E4469727479466C61674D617013E62EAD28760ACE0200025A000564697274794C00036D617074000F4C6A6176612F7574696C2F4D61703B787001737200116A6176612E7574696C2E486173684D61700507DAC1C31660D103000246000A6C6F6164466163746F724900097468726573686F6C6478703F4000000000000C7708000000100000000174000F5441534B5F50524F504552544945537372001E636F6D2E72756F79692E71756172747A2E646F6D61696E2E5379734A6F6200000000000000010200084C000A636F6E63757272656E747400124C6A6176612F6C616E672F537472696E673B4C000E63726F6E45787072657373696F6E71007E00094C000C696E766F6B6554617267657471007E00094C00086A6F6247726F757071007E00094C00056A6F6249647400104C6A6176612F6C616E672F4C6F6E673B4C00076A6F624E616D6571007E00094C000D6D697366697265506F6C69637971007E00094C000673746174757371007E000978720027636F6D2E72756F79692E636F6D6D6F6E2E636F72652E646F6D61696E2E42617365456E7469747900000000000000010200074C0008637265617465427971007E00094C000A63726561746554696D657400104C6A6176612F7574696C2F446174653B4C0006706172616D7371007E00034C000672656D61726B71007E00094C000B73656172636856616C756571007E00094C0008757064617465427971007E00094C000A75706461746554696D6571007E000C787074000561646D696E7372000E6A6176612E7574696C2E44617465686A81014B59741903000078707708000001622CDE29E078707400007070707400013174000E302F3230202A202A202A202A203F74003872795461736B2E72794D756C7469706C65506172616D7328277279272C20747275652C20323030304C2C203331362E3530442C203130302974000744454641554C547372000E6A6176612E6C616E672E4C6F6E673B8BE490CC8F23DF0200014A000576616C7565787200106A6176612E6C616E672E4E756D62657286AC951D0B94E08B02000078700000000000000003740018E7B3BBE7BB9FE9BB98E8AEA4EFBC88E5A49AE58F82EFBC8974000133740001317800);

-- ----------------------------
-- Table structure for qrtz_locks
-- ----------------------------
DROP TABLE IF EXISTS `qrtz_locks`;
CREATE TABLE `qrtz_locks` (
  `sched_name` varchar(120) NOT NULL,
  `lock_name` varchar(40) NOT NULL,
  PRIMARY KEY (`sched_name`,`lock_name`)
) ENGINE=InnoDB DEFAULT CHARSET=utf8;

-- ----------------------------
-- Records of qrtz_locks
-- ----------------------------
INSERT INTO `qrtz_locks` VALUES ('RuoyiScheduler', 'STATE_ACCESS');
INSERT INTO `qrtz_locks` VALUES ('RuoyiScheduler', 'TRIGGER_ACCESS');

-- ----------------------------
-- Table structure for qrtz_paused_trigger_grps
-- ----------------------------
DROP TABLE IF EXISTS `qrtz_paused_trigger_grps`;
CREATE TABLE `qrtz_paused_trigger_grps` (
  `sched_name` varchar(120) NOT NULL,
  `trigger_group` varchar(200) NOT NULL,
  PRIMARY KEY (`sched_name`,`trigger_group`)
) ENGINE=InnoDB DEFAULT CHARSET=utf8;

-- ----------------------------
-- Records of qrtz_paused_trigger_grps
-- ----------------------------

-- ----------------------------
-- Table structure for qrtz_scheduler_state
-- ----------------------------
DROP TABLE IF EXISTS `qrtz_scheduler_state`;
CREATE TABLE `qrtz_scheduler_state` (
  `sched_name` varchar(120) NOT NULL,
  `instance_name` varchar(200) NOT NULL,
  `last_checkin_time` bigint(13) NOT NULL,
  `checkin_interval` bigint(13) NOT NULL,
  PRIMARY KEY (`sched_name`,`instance_name`)
) ENGINE=InnoDB DEFAULT CHARSET=utf8;

-- ----------------------------
-- Records of qrtz_scheduler_state
-- ----------------------------
INSERT INTO `qrtz_scheduler_state` VALUES ('RuoyiScheduler', 'DESKTOP-K40GGDQ1584866989013', '1584867444929', '15000');

-- ----------------------------
-- Table structure for qrtz_simple_triggers
-- ----------------------------
DROP TABLE IF EXISTS `qrtz_simple_triggers`;
CREATE TABLE `qrtz_simple_triggers` (
  `sched_name` varchar(120) NOT NULL,
  `trigger_name` varchar(200) NOT NULL,
  `trigger_group` varchar(200) NOT NULL,
  `repeat_count` bigint(7) NOT NULL,
  `repeat_interval` bigint(12) NOT NULL,
  `times_triggered` bigint(10) NOT NULL,
  PRIMARY KEY (`sched_name`,`trigger_name`,`trigger_group`),
  CONSTRAINT `qrtz_simple_triggers_ibfk_1` FOREIGN KEY (`sched_name`, `trigger_name`, `trigger_group`) REFERENCES `qrtz_triggers` (`sched_name`, `trigger_name`, `trigger_group`)
) ENGINE=InnoDB DEFAULT CHARSET=utf8;

-- ----------------------------
-- Records of qrtz_simple_triggers
-- ----------------------------

-- ----------------------------
-- Table structure for qrtz_simprop_triggers
-- ----------------------------
DROP TABLE IF EXISTS `qrtz_simprop_triggers`;
CREATE TABLE `qrtz_simprop_triggers` (
  `sched_name` varchar(120) NOT NULL,
  `trigger_name` varchar(200) NOT NULL,
  `trigger_group` varchar(200) NOT NULL,
  `str_prop_1` varchar(512) DEFAULT NULL,
  `str_prop_2` varchar(512) DEFAULT NULL,
  `str_prop_3` varchar(512) DEFAULT NULL,
  `int_prop_1` int(11) DEFAULT NULL,
  `int_prop_2` int(11) DEFAULT NULL,
  `long_prop_1` bigint(20) DEFAULT NULL,
  `long_prop_2` bigint(20) DEFAULT NULL,
  `dec_prop_1` decimal(13,4) DEFAULT NULL,
  `dec_prop_2` decimal(13,4) DEFAULT NULL,
  `bool_prop_1` varchar(1) DEFAULT NULL,
  `bool_prop_2` varchar(1) DEFAULT NULL,
  PRIMARY KEY (`sched_name`,`trigger_name`,`trigger_group`),
  CONSTRAINT `qrtz_simprop_triggers_ibfk_1` FOREIGN KEY (`sched_name`, `trigger_name`, `trigger_group`) REFERENCES `qrtz_triggers` (`sched_name`, `trigger_name`, `trigger_group`)
) ENGINE=InnoDB DEFAULT CHARSET=utf8;

-- ----------------------------
-- Records of qrtz_simprop_triggers
-- ----------------------------

-- ----------------------------
-- Table structure for qrtz_triggers
-- ----------------------------
DROP TABLE IF EXISTS `qrtz_triggers`;
CREATE TABLE `qrtz_triggers` (
  `sched_name` varchar(120) NOT NULL,
  `trigger_name` varchar(200) NOT NULL,
  `trigger_group` varchar(200) NOT NULL,
  `job_name` varchar(200) NOT NULL,
  `job_group` varchar(200) NOT NULL,
  `description` varchar(250) DEFAULT NULL,
  `next_fire_time` bigint(13) DEFAULT NULL,
  `prev_fire_time` bigint(13) DEFAULT NULL,
  `priority` int(11) DEFAULT NULL,
  `trigger_state` varchar(16) NOT NULL,
  `trigger_type` varchar(8) NOT NULL,
  `start_time` bigint(13) NOT NULL,
  `end_time` bigint(13) DEFAULT NULL,
  `calendar_name` varchar(200) DEFAULT NULL,
  `misfire_instr` smallint(2) DEFAULT NULL,
  `job_data` blob,
  PRIMARY KEY (`sched_name`,`trigger_name`,`trigger_group`),
  KEY `sched_name` (`sched_name`,`job_name`,`job_group`) USING BTREE,
  CONSTRAINT `qrtz_triggers_ibfk_1` FOREIGN KEY (`sched_name`, `job_name`, `job_group`) REFERENCES `qrtz_job_details` (`sched_name`, `job_name`, `job_group`)
) ENGINE=InnoDB DEFAULT CHARSET=utf8;

-- ----------------------------
-- Records of qrtz_triggers
-- ----------------------------
INSERT INTO `qrtz_triggers` VALUES ('RuoyiScheduler', 'TASK_CLASS_NAME1', 'DEFAULT', 'TASK_CLASS_NAME1', 'DEFAULT', null, '1584866990000', '-1', '5', 'PAUSED', 'CRON', '1584866989000', '0', null, '2', '');
INSERT INTO `qrtz_triggers` VALUES ('RuoyiScheduler', 'TASK_CLASS_NAME2', 'DEFAULT', 'TASK_CLASS_NAME2', 'DEFAULT', null, '1584867000000', '-1', '5', 'PAUSED', 'CRON', '1584866989000', '0', null, '2', '');
INSERT INTO `qrtz_triggers` VALUES ('RuoyiScheduler', 'TASK_CLASS_NAME3', 'DEFAULT', 'TASK_CLASS_NAME3', 'DEFAULT', null, '1584867000000', '-1', '5', 'PAUSED', 'CRON', '1584866989000', '0', null, '2', '');

-- ----------------------------
-- Table structure for sys_config
-- ----------------------------
DROP TABLE IF EXISTS `sys_config`;
CREATE TABLE `sys_config` (
  `config_id` int(5) NOT NULL AUTO_INCREMENT COMMENT '参数主键',
  `config_name` varchar(100) DEFAULT '' COMMENT '参数名称',
  `config_key` varchar(100) DEFAULT '' COMMENT '参数键名',
  `config_value` varchar(500) DEFAULT '' COMMENT '参数键值',
  `config_type` char(1) DEFAULT 'N' COMMENT '系统内置（Y是 N否）',
  `create_by` varchar(64) DEFAULT '' COMMENT '创建者',
  `create_time` datetime DEFAULT NULL COMMENT '创建时间',
  `update_by` varchar(64) DEFAULT '' COMMENT '更新者',
  `update_time` datetime DEFAULT NULL COMMENT '更新时间',
  `remark` varchar(500) DEFAULT NULL COMMENT '备注',
  PRIMARY KEY (`config_id`)
) ENGINE=InnoDB AUTO_INCREMENT=4 DEFAULT CHARSET=utf8 COMMENT='参数配置表';

-- ----------------------------
-- Records of sys_config
-- ----------------------------
INSERT INTO `sys_config` VALUES ('1', '主框架页-默认皮肤样式名称', 'sys.index.skinName', 'skin-blue', 'Y', 'admin', '2018-03-16 11:33:00', 'ry', '2018-03-16 11:33:00', '蓝色 skin-blue、绿色 skin-green、紫色 skin-purple、红色 skin-red、黄色 skin-yellow');
INSERT INTO `sys_config` VALUES ('2', '用户管理-账号初始密码', 'sys.user.initPassword', '123456', 'Y', 'admin', '2018-03-16 11:33:00', 'ry', '2018-03-16 11:33:00', '初始化密码 123456');
INSERT INTO `sys_config` VALUES ('3', '主框架页-侧边栏主题', 'sys.index.sideTheme', 'theme-dark', 'Y', 'admin', '2018-03-16 11:33:00', 'ry', '2018-03-16 11:33:00', '深黑主题theme-dark，浅色主题theme-light，深蓝主题theme-blue');

-- ----------------------------
-- Table structure for sys_dept
-- ----------------------------
DROP TABLE IF EXISTS `sys_dept`;
CREATE TABLE `sys_dept` (
  `dept_id` bigint(20) NOT NULL AUTO_INCREMENT COMMENT '部门id',
  `parent_id` bigint(20) DEFAULT '0' COMMENT '父部门id',
  `ancestors` varchar(50) DEFAULT '' COMMENT '祖级列表',
  `dept_name` varchar(30) DEFAULT '' COMMENT '部门名称',
  `order_num` int(4) DEFAULT '0' COMMENT '显示顺序',
  `leader` varchar(20) DEFAULT NULL COMMENT '负责人',
  `phone` varchar(11) DEFAULT NULL COMMENT '联系电话',
  `email` varchar(50) DEFAULT NULL COMMENT '邮箱',
  `status` char(1) DEFAULT '0' COMMENT '部门状态（0正常 1停用）',
  `del_flag` char(1) DEFAULT '0' COMMENT '删除标志（0代表存在 2代表删除）',
  `create_by` varchar(64) DEFAULT '' COMMENT '创建者',
  `create_time` datetime DEFAULT NULL COMMENT '创建时间',
  `update_by` varchar(64) DEFAULT '' COMMENT '更新者',
  `update_time` datetime DEFAULT NULL COMMENT '更新时间',
  PRIMARY KEY (`dept_id`)
) ENGINE=InnoDB AUTO_INCREMENT=110 DEFAULT CHARSET=utf8 COMMENT='部门表';

-- ----------------------------
-- Records of sys_dept
-- ----------------------------
INSERT INTO `sys_dept` VALUES ('100', '0', '0', '若依科技', '0', '若依', '15888888888', 'ry@qq.com', '0', '0', 'admin', '2018-03-16 11:33:00', 'ry', '2018-03-16 11:33:00');
INSERT INTO `sys_dept` VALUES ('101', '100', '0,100', '深圳总公司', '1', '若依', '15888888888', 'ry@qq.com', '0', '0', 'admin', '2018-03-16 11:33:00', 'ry', '2018-03-16 11:33:00');
INSERT INTO `sys_dept` VALUES ('102', '100', '0,100', '长沙分公司', '2', '若依', '15888888888', 'ry@qq.com', '0', '0', 'admin', '2018-03-16 11:33:00', 'ry', '2018-03-16 11:33:00');
INSERT INTO `sys_dept` VALUES ('103', '101', '0,100,101', '研发部门', '1', '若依', '15888888888', 'ry@qq.com', '0', '0', 'admin', '2018-03-16 11:33:00', 'ry', '2018-03-16 11:33:00');
INSERT INTO `sys_dept` VALUES ('104', '101', '0,100,101', '市场部门', '2', '若依', '15888888888', 'ry@qq.com', '0', '0', 'admin', '2018-03-16 11:33:00', 'ry', '2018-03-16 11:33:00');
INSERT INTO `sys_dept` VALUES ('105', '101', '0,100,101', '测试部门', '3', '若依', '15888888888', 'ry@qq.com', '0', '0', 'admin', '2018-03-16 11:33:00', 'ry', '2018-03-16 11:33:00');
INSERT INTO `sys_dept` VALUES ('106', '101', '0,100,101', '财务部门', '4', '若依', '15888888888', 'ry@qq.com', '0', '0', 'admin', '2018-03-16 11:33:00', 'ry', '2018-03-16 11:33:00');
INSERT INTO `sys_dept` VALUES ('107', '101', '0,100,101', '运维部门', '5', '若依', '15888888888', 'ry@qq.com', '0', '0', 'admin', '2018-03-16 11:33:00', 'ry', '2018-03-16 11:33:00');
INSERT INTO `sys_dept` VALUES ('108', '102', '0,100,102', '市场部门', '1', '若依', '15888888888', 'ry@qq.com', '0', '0', 'admin', '2018-03-16 11:33:00', 'ry', '2018-03-16 11:33:00');
INSERT INTO `sys_dept` VALUES ('109', '102', '0,100,102', '财务部门', '2', '若依', '15888888888', 'ry@qq.com', '0', '0', 'admin', '2018-03-16 11:33:00', 'ry', '2018-03-16 11:33:00');

-- ----------------------------
-- Table structure for sys_dict_data
-- ----------------------------
DROP TABLE IF EXISTS `sys_dict_data`;
CREATE TABLE `sys_dict_data` (
  `dict_code` bigint(20) NOT NULL AUTO_INCREMENT COMMENT '字典编码',
  `dict_sort` int(4) DEFAULT '0' COMMENT '字典排序',
  `dict_label` varchar(100) DEFAULT '' COMMENT '字典标签',
  `dict_value` varchar(100) DEFAULT '' COMMENT '字典键值',
  `dict_type` varchar(100) DEFAULT '' COMMENT '字典类型',
  `css_class` varchar(100) DEFAULT NULL COMMENT '样式属性（其他样式扩展）',
  `list_class` varchar(100) DEFAULT NULL COMMENT '表格回显样式',
  `is_default` char(1) DEFAULT 'N' COMMENT '是否默认（Y是 N否）',
  `status` char(1) DEFAULT '0' COMMENT '状态（0正常 1停用）',
  `create_by` varchar(64) DEFAULT '' COMMENT '创建者',
  `create_time` datetime DEFAULT NULL COMMENT '创建时间',
  `update_by` varchar(64) DEFAULT '' COMMENT '更新者',
  `update_time` datetime DEFAULT NULL COMMENT '更新时间',
  `remark` varchar(500) DEFAULT NULL COMMENT '备注',
  PRIMARY KEY (`dict_code`)
) ENGINE=InnoDB AUTO_INCREMENT=102 DEFAULT CHARSET=utf8 COMMENT='字典数据表';

-- ----------------------------
-- Records of sys_dict_data
-- ----------------------------
INSERT INTO `sys_dict_data` VALUES ('1', '1', '男', '0', 'sys_user_sex', '', '', 'Y', '0', 'admin', '2018-03-16 11:33:00', 'ry', '2018-03-16 11:33:00', '性别男');
INSERT INTO `sys_dict_data` VALUES ('2', '2', '女', '1', 'sys_user_sex', '', '', 'N', '0', 'admin', '2018-03-16 11:33:00', 'ry', '2018-03-16 11:33:00', '性别女');
INSERT INTO `sys_dict_data` VALUES ('3', '3', '未知', '2', 'sys_user_sex', '', '', 'N', '0', 'admin', '2018-03-16 11:33:00', 'ry', '2018-03-16 11:33:00', '性别未知');
INSERT INTO `sys_dict_data` VALUES ('4', '1', '显示', '0', 'sys_show_hide', '', 'primary', 'Y', '0', 'admin', '2018-03-16 11:33:00', 'ry', '2018-03-16 11:33:00', '显示菜单');
INSERT INTO `sys_dict_data` VALUES ('5', '2', '隐藏', '1', 'sys_show_hide', '', 'danger', 'N', '0', 'admin', '2018-03-16 11:33:00', 'ry', '2018-03-16 11:33:00', '隐藏菜单');
INSERT INTO `sys_dict_data` VALUES ('6', '1', '正常', '0', 'sys_normal_disable', '', 'primary', 'Y', '0', 'admin', '2018-03-16 11:33:00', 'ry', '2018-03-16 11:33:00', '正常状态');
INSERT INTO `sys_dict_data` VALUES ('7', '2', '停用', '1', 'sys_normal_disable', '', 'danger', 'N', '0', 'admin', '2018-03-16 11:33:00', 'ry', '2018-03-16 11:33:00', '停用状态');
INSERT INTO `sys_dict_data` VALUES ('8', '1', '正常', '0', 'sys_job_status', '', 'primary', 'Y', '0', 'admin', '2018-03-16 11:33:00', 'ry', '2018-03-16 11:33:00', '正常状态');
INSERT INTO `sys_dict_data` VALUES ('9', '2', '暂停', '1', 'sys_job_status', '', 'danger', 'N', '0', 'admin', '2018-03-16 11:33:00', 'ry', '2018-03-16 11:33:00', '停用状态');
INSERT INTO `sys_dict_data` VALUES ('10', '1', '默认', 'DEFAULT', 'sys_job_group', '', '', 'Y', '0', 'admin', '2018-03-16 11:33:00', 'ry', '2018-03-16 11:33:00', '默认分组');
INSERT INTO `sys_dict_data` VALUES ('11', '2', '系统', 'SYSTEM', 'sys_job_group', '', '', 'N', '0', 'admin', '2018-03-16 11:33:00', 'ry', '2018-03-16 11:33:00', '系统分组');
INSERT INTO `sys_dict_data` VALUES ('12', '1', '是', 'Y', 'sys_yes_no', '', 'primary', 'Y', '0', 'admin', '2018-03-16 11:33:00', 'ry', '2018-03-16 11:33:00', '系统默认是');
INSERT INTO `sys_dict_data` VALUES ('13', '2', '否', 'N', 'sys_yes_no', '', 'danger', 'N', '0', 'admin', '2018-03-16 11:33:00', 'ry', '2018-03-16 11:33:00', '系统默认否');
INSERT INTO `sys_dict_data` VALUES ('14', '1', '通知', '1', 'sys_notice_type', '', 'warning', 'Y', '0', 'admin', '2018-03-16 11:33:00', 'ry', '2018-03-16 11:33:00', '通知');
INSERT INTO `sys_dict_data` VALUES ('15', '2', '公告', '2', 'sys_notice_type', '', 'success', 'N', '0', 'admin', '2018-03-16 11:33:00', 'ry', '2018-03-16 11:33:00', '公告');
INSERT INTO `sys_dict_data` VALUES ('16', '1', '正常', '0', 'sys_notice_status', '', 'primary', 'Y', '0', 'admin', '2018-03-16 11:33:00', 'ry', '2018-03-16 11:33:00', '正常状态');
INSERT INTO `sys_dict_data` VALUES ('17', '2', '关闭', '1', 'sys_notice_status', '', 'danger', 'N', '0', 'admin', '2018-03-16 11:33:00', 'ry', '2018-03-16 11:33:00', '关闭状态');
INSERT INTO `sys_dict_data` VALUES ('18', '1', '新增', '1', 'sys_oper_type', '', 'info', 'N', '0', 'admin', '2018-03-16 11:33:00', 'ry', '2018-03-16 11:33:00', '新增操作');
INSERT INTO `sys_dict_data` VALUES ('19', '2', '修改', '2', 'sys_oper_type', '', 'info', 'N', '0', 'admin', '2018-03-16 11:33:00', 'ry', '2018-03-16 11:33:00', '修改操作');
INSERT INTO `sys_dict_data` VALUES ('20', '3', '删除', '3', 'sys_oper_type', '', 'danger', 'N', '0', 'admin', '2018-03-16 11:33:00', 'ry', '2018-03-16 11:33:00', '删除操作');
INSERT INTO `sys_dict_data` VALUES ('21', '4', '授权', '4', 'sys_oper_type', '', 'primary', 'N', '0', 'admin', '2018-03-16 11:33:00', 'ry', '2018-03-16 11:33:00', '授权操作');
INSERT INTO `sys_dict_data` VALUES ('22', '5', '导出', '5', 'sys_oper_type', '', 'warning', 'N', '0', 'admin', '2018-03-16 11:33:00', 'ry', '2018-03-16 11:33:00', '导出操作');
INSERT INTO `sys_dict_data` VALUES ('23', '6', '导入', '6', 'sys_oper_type', '', 'warning', 'N', '0', 'admin', '2018-03-16 11:33:00', 'ry', '2018-03-16 11:33:00', '导入操作');
INSERT INTO `sys_dict_data` VALUES ('24', '7', '强退', '7', 'sys_oper_type', '', 'danger', 'N', '0', 'admin', '2018-03-16 11:33:00', 'ry', '2018-03-16 11:33:00', '强退操作');
INSERT INTO `sys_dict_data` VALUES ('25', '8', '生成代码', '8', 'sys_oper_type', '', 'warning', 'N', '0', 'admin', '2018-03-16 11:33:00', 'ry', '2018-03-16 11:33:00', '生成操作');
INSERT INTO `sys_dict_data` VALUES ('26', '9', '清空数据', '9', 'sys_oper_type', '', 'danger', 'N', '0', 'admin', '2018-03-16 11:33:00', 'ry', '2018-03-16 11:33:00', '清空操作');
INSERT INTO `sys_dict_data` VALUES ('27', '1', '成功', '0', 'sys_common_status', '', 'primary', 'N', '0', 'admin', '2018-03-16 11:33:00', 'ry', '2018-03-16 11:33:00', '正常状态');
INSERT INTO `sys_dict_data` VALUES ('28', '2', '失败', '1', 'sys_common_status', '', 'danger', 'N', '0', 'admin', '2018-03-16 11:33:00', 'ry', '2018-03-16 11:33:00', '停用状态');
INSERT INTO `sys_dict_data` VALUES ('100', '1', '事假', '1', 'biz_leave_type', null, 'success', 'Y', '0', 'admin', '2020-02-28 21:27:30', '', null, null);
INSERT INTO `sys_dict_data` VALUES ('101', '2', '年假', '2', 'biz_leave_type', null, 'warning', 'Y', '0', 'admin', '2020-02-28 21:27:58', '', null, null);

-- ----------------------------
-- Table structure for sys_dict_type
-- ----------------------------
DROP TABLE IF EXISTS `sys_dict_type`;
CREATE TABLE `sys_dict_type` (
  `dict_id` bigint(20) NOT NULL AUTO_INCREMENT COMMENT '字典主键',
  `dict_name` varchar(100) DEFAULT '' COMMENT '字典名称',
  `dict_type` varchar(100) DEFAULT '' COMMENT '字典类型',
  `status` char(1) DEFAULT '0' COMMENT '状态（0正常 1停用）',
  `create_by` varchar(64) DEFAULT '' COMMENT '创建者',
  `create_time` datetime DEFAULT NULL COMMENT '创建时间',
  `update_by` varchar(64) DEFAULT '' COMMENT '更新者',
  `update_time` datetime DEFAULT NULL COMMENT '更新时间',
  `remark` varchar(500) DEFAULT NULL COMMENT '备注',
  PRIMARY KEY (`dict_id`),
  UNIQUE KEY `dict_type` (`dict_type`) USING BTREE
) ENGINE=InnoDB AUTO_INCREMENT=101 DEFAULT CHARSET=utf8 COMMENT='字典类型表';

-- ----------------------------
-- Records of sys_dict_type
-- ----------------------------
INSERT INTO `sys_dict_type` VALUES ('1', '用户性别', 'sys_user_sex', '0', 'admin', '2018-03-16 11:33:00', 'ry', '2018-03-16 11:33:00', '用户性别列表');
INSERT INTO `sys_dict_type` VALUES ('2', '菜单状态', 'sys_show_hide', '0', 'admin', '2018-03-16 11:33:00', 'ry', '2018-03-16 11:33:00', '菜单状态列表');
INSERT INTO `sys_dict_type` VALUES ('3', '系统开关', 'sys_normal_disable', '0', 'admin', '2018-03-16 11:33:00', 'ry', '2018-03-16 11:33:00', '系统开关列表');
INSERT INTO `sys_dict_type` VALUES ('4', '任务状态', 'sys_job_status', '0', 'admin', '2018-03-16 11:33:00', 'ry', '2018-03-16 11:33:00', '任务状态列表');
INSERT INTO `sys_dict_type` VALUES ('5', '任务分组', 'sys_job_group', '0', 'admin', '2018-03-16 11:33:00', 'ry', '2018-03-16 11:33:00', '任务分组列表');
INSERT INTO `sys_dict_type` VALUES ('6', '系统是否', 'sys_yes_no', '0', 'admin', '2018-03-16 11:33:00', 'ry', '2018-03-16 11:33:00', '系统是否列表');
INSERT INTO `sys_dict_type` VALUES ('7', '通知类型', 'sys_notice_type', '0', 'admin', '2018-03-16 11:33:00', 'ry', '2018-03-16 11:33:00', '通知类型列表');
INSERT INTO `sys_dict_type` VALUES ('8', '通知状态', 'sys_notice_status', '0', 'admin', '2018-03-16 11:33:00', 'ry', '2018-03-16 11:33:00', '通知状态列表');
INSERT INTO `sys_dict_type` VALUES ('9', '操作类型', 'sys_oper_type', '0', 'admin', '2018-03-16 11:33:00', 'ry', '2018-03-16 11:33:00', '操作类型列表');
INSERT INTO `sys_dict_type` VALUES ('10', '系统状态', 'sys_common_status', '0', 'admin', '2018-03-16 11:33:00', 'ry', '2018-03-16 11:33:00', '登录状态列表');
INSERT INTO `sys_dict_type` VALUES ('100', '请假类型', 'biz_leave_type', '0', 'admin', '2020-02-28 21:25:16', '', null, null);

-- ----------------------------
-- Table structure for sys_job
-- ----------------------------
DROP TABLE IF EXISTS `sys_job`;
CREATE TABLE `sys_job` (
  `job_id` bigint(20) NOT NULL AUTO_INCREMENT COMMENT '任务ID',
  `job_name` varchar(64) NOT NULL DEFAULT '' COMMENT '任务名称',
  `job_group` varchar(64) NOT NULL DEFAULT 'DEFAULT' COMMENT '任务组名',
  `invoke_target` varchar(500) NOT NULL COMMENT '调用目标字符串',
  `cron_expression` varchar(255) DEFAULT '' COMMENT 'cron执行表达式',
  `misfire_policy` varchar(20) DEFAULT '3' COMMENT '计划执行错误策略（1立即执行 2执行一次 3放弃执行）',
  `concurrent` char(1) DEFAULT '1' COMMENT '是否并发执行（0允许 1禁止）',
  `status` char(1) DEFAULT '0' COMMENT '状态（0正常 1暂停）',
  `create_by` varchar(64) DEFAULT '' COMMENT '创建者',
  `create_time` datetime DEFAULT NULL COMMENT '创建时间',
  `update_by` varchar(64) DEFAULT '' COMMENT '更新者',
  `update_time` datetime DEFAULT NULL COMMENT '更新时间',
  `remark` varchar(500) DEFAULT '' COMMENT '备注信息',
  PRIMARY KEY (`job_id`,`job_name`,`job_group`)
) ENGINE=InnoDB AUTO_INCREMENT=4 DEFAULT CHARSET=utf8 COMMENT='定时任务调度表';

-- ----------------------------
-- Records of sys_job
-- ----------------------------
INSERT INTO `sys_job` VALUES ('1', '系统默认（无参）', 'DEFAULT', 'ryTask.ryNoParams', '0/10 * * * * ?', '3', '1', '1', 'admin', '2018-03-16 11:33:00', 'ry', '2018-03-16 11:33:00', '');
INSERT INTO `sys_job` VALUES ('2', '系统默认（有参）', 'DEFAULT', 'ryTask.ryParams(\'ry\')', '0/15 * * * * ?', '3', '1', '1', 'admin', '2018-03-16 11:33:00', 'ry', '2018-03-16 11:33:00', '');
INSERT INTO `sys_job` VALUES ('3', '系统默认（多参）', 'DEFAULT', 'ryTask.ryMultipleParams(\'ry\', true, 2000L, 316.50D, 100)', '0/20 * * * * ?', '3', '1', '1', 'admin', '2018-03-16 11:33:00', 'ry', '2018-03-16 11:33:00', '');

-- ----------------------------
-- Table structure for sys_job_log
-- ----------------------------
DROP TABLE IF EXISTS `sys_job_log`;
CREATE TABLE `sys_job_log` (
  `job_log_id` bigint(20) NOT NULL AUTO_INCREMENT COMMENT '任务日志ID',
  `job_name` varchar(64) NOT NULL COMMENT '任务名称',
  `job_group` varchar(64) NOT NULL COMMENT '任务组名',
  `invoke_target` varchar(500) NOT NULL COMMENT '调用目标字符串',
  `job_message` varchar(500) DEFAULT NULL COMMENT '日志信息',
  `status` char(1) DEFAULT '0' COMMENT '执行状态（0正常 1失败）',
  `exception_info` varchar(2000) DEFAULT '' COMMENT '异常信息',
  `create_time` datetime DEFAULT NULL COMMENT '创建时间',
  PRIMARY KEY (`job_log_id`)
) ENGINE=InnoDB DEFAULT CHARSET=utf8 COMMENT='定时任务调度日志表';

-- ----------------------------
-- Records of sys_job_log
-- ----------------------------

-- ----------------------------
-- Table structure for sys_logininfor
-- ----------------------------
DROP TABLE IF EXISTS `sys_logininfor`;
CREATE TABLE `sys_logininfor` (
  `info_id` bigint(20) NOT NULL AUTO_INCREMENT COMMENT '访问ID',
  `login_name` varchar(50) DEFAULT '' COMMENT '登录账号',
  `ipaddr` varchar(50) DEFAULT '' COMMENT '登录IP地址',
  `login_location` varchar(255) DEFAULT '' COMMENT '登录地点',
  `browser` varchar(50) DEFAULT '' COMMENT '浏览器类型',
  `os` varchar(50) DEFAULT '' COMMENT '操作系统',
  `status` char(1) DEFAULT '0' COMMENT '登录状态（0成功 1失败）',
  `msg` varchar(255) DEFAULT '' COMMENT '提示消息',
  `login_time` datetime DEFAULT NULL COMMENT '访问时间',
  PRIMARY KEY (`info_id`)
) ENGINE=InnoDB AUTO_INCREMENT=290 DEFAULT CHARSET=utf8 COMMENT='系统访问记录';

-- ----------------------------
-- Records of sys_logininfor
-- ----------------------------
INSERT INTO `sys_logininfor` VALUES ('100', 'admin', '127.0.0.1', '内网IP', 'Chrome 8', 'Windows 10', '0', '登录成功', '2020-02-24 21:08:59');
INSERT INTO `sys_logininfor` VALUES ('101', 'admin', '127.0.0.1', '内网IP', 'Chrome 8', 'Windows 10', '0', '登录成功', '2020-02-25 20:56:36');
INSERT INTO `sys_logininfor` VALUES ('102', 'admin', '127.0.0.1', '内网IP', 'Chrome 8', 'Windows 10', '0', '登录成功', '2020-02-25 21:31:33');
INSERT INTO `sys_logininfor` VALUES ('103', 'admin', '127.0.0.1', '内网IP', 'Chrome 8', 'Windows 10', '1', '验证码错误', '2020-02-25 21:40:02');
INSERT INTO `sys_logininfor` VALUES ('104', 'admin', '127.0.0.1', '内网IP', 'Chrome 8', 'Windows 10', '0', '登录成功', '2020-02-25 21:40:05');
INSERT INTO `sys_logininfor` VALUES ('105', 'admin', '127.0.0.1', '内网IP', 'Chrome 8', 'Windows 10', '0', '登录成功', '2020-02-25 21:45:47');
INSERT INTO `sys_logininfor` VALUES ('106', 'admin', '127.0.0.1', '内网IP', 'Chrome 8', 'Windows 10', '1', '验证码错误', '2020-02-25 22:03:12');
INSERT INTO `sys_logininfor` VALUES ('107', 'admin', '127.0.0.1', '内网IP', 'Chrome 8', 'Windows 10', '0', '登录成功', '2020-02-25 22:03:16');
INSERT INTO `sys_logininfor` VALUES ('108', 'admin', '127.0.0.1', '内网IP', 'Chrome 8', 'Windows 10', '0', '登录成功', '2020-02-25 22:05:48');
INSERT INTO `sys_logininfor` VALUES ('109', 'admin', '127.0.0.1', '内网IP', 'Chrome 8', 'Windows 10', '0', '登录成功', '2020-02-25 23:35:01');
INSERT INTO `sys_logininfor` VALUES ('110', 'admin', '127.0.0.1', '内网IP', 'Internet Explorer 11', 'Windows 10', '0', '登录成功', '2020-02-25 23:35:27');
INSERT INTO `sys_logininfor` VALUES ('111', 'admin', '127.0.0.1', '内网IP', 'Chrome 8', 'Windows 10', '0', '登录成功', '2020-02-26 19:53:17');
INSERT INTO `sys_logininfor` VALUES ('112', 'admin', '127.0.0.1', '内网IP', 'Chrome 8', 'Windows 10', '0', '登录成功', '2020-02-27 19:34:13');
INSERT INTO `sys_logininfor` VALUES ('113', 'admin', '127.0.0.1', '内网IP', 'Chrome 8', 'Windows 10', '1', '验证码错误', '2020-02-27 20:17:30');
INSERT INTO `sys_logininfor` VALUES ('114', 'admin', '127.0.0.1', '内网IP', 'Chrome 8', 'Windows 10', '0', '登录成功', '2020-02-27 20:17:35');
INSERT INTO `sys_logininfor` VALUES ('115', 'admin', '127.0.0.1', '内网IP', 'Chrome 8', 'Windows 10', '0', '登录成功', '2020-02-27 21:15:10');
INSERT INTO `sys_logininfor` VALUES ('116', 'admin', '127.0.0.1', '内网IP', 'Chrome 8', 'Windows 10', '0', '登录成功', '2020-02-28 20:31:57');
INSERT INTO `sys_logininfor` VALUES ('117', 'admin', '127.0.0.1', '内网IP', 'Chrome 8', 'Windows 10', '0', '退出成功', '2020-02-28 21:06:42');
INSERT INTO `sys_logininfor` VALUES ('118', 'admin', '127.0.0.1', '内网IP', 'Chrome 8', 'Windows 10', '0', '登录成功', '2020-02-28 21:06:45');
INSERT INTO `sys_logininfor` VALUES ('119', 'admin', '127.0.0.1', '内网IP', 'Chrome 8', 'Windows 10', '0', '退出成功', '2020-02-28 21:32:41');
INSERT INTO `sys_logininfor` VALUES ('120', 'chengxy', '127.0.0.1', '内网IP', 'Chrome 8', 'Windows 10', '0', '登录成功', '2020-02-28 21:32:53');
INSERT INTO `sys_logininfor` VALUES ('121', 'chengxy', '127.0.0.1', '内网IP', 'Chrome 8', 'Windows 10', '0', '退出成功', '2020-02-28 21:47:59');
INSERT INTO `sys_logininfor` VALUES ('122', 'axianlu', '127.0.0.1', '内网IP', 'Chrome 8', 'Windows 10', '0', '登录成功', '2020-02-28 21:48:13');
INSERT INTO `sys_logininfor` VALUES ('123', 'axianlu', '127.0.0.1', '内网IP', 'Chrome 8', 'Windows 10', '0', '退出成功', '2020-02-28 21:50:27');
INSERT INTO `sys_logininfor` VALUES ('124', 'admin', '127.0.0.1', '内网IP', 'Chrome 8', 'Windows 10', '0', '登录成功', '2020-02-28 21:50:32');
INSERT INTO `sys_logininfor` VALUES ('125', 'admin', '127.0.0.1', '内网IP', 'Chrome 8', 'Windows 10', '0', '退出成功', '2020-02-28 21:51:58');
INSERT INTO `sys_logininfor` VALUES ('126', 'axianlu', '127.0.0.1', '内网IP', 'Chrome 8', 'Windows 10', '0', '登录成功', '2020-02-28 21:52:05');
INSERT INTO `sys_logininfor` VALUES ('127', 'axianlu', '127.0.0.1', '内网IP', 'Chrome 8', 'Windows 10', '0', '退出成功', '2020-02-28 22:28:12');
INSERT INTO `sys_logininfor` VALUES ('128', 'chengxy', '127.0.0.1', '内网IP', 'Chrome 8', 'Windows 10', '0', '登录成功', '2020-02-28 22:28:25');
INSERT INTO `sys_logininfor` VALUES ('129', 'chengxy', '127.0.0.1', '内网IP', 'Chrome 8', 'Windows 10', '0', '退出成功', '2020-02-28 22:34:47');
INSERT INTO `sys_logininfor` VALUES ('130', 'rensm', '127.0.0.1', '内网IP', 'Chrome 8', 'Windows 10', '1', '验证码错误', '2020-02-28 22:34:54');
INSERT INTO `sys_logininfor` VALUES ('131', 'rensm', '127.0.0.1', '内网IP', 'Chrome 8', 'Windows 10', '0', '登录成功', '2020-02-28 22:34:58');
INSERT INTO `sys_logininfor` VALUES ('132', 'admin', '127.0.0.1', '内网IP', 'Chrome 8', 'Windows 10', '0', '登录成功', '2020-02-29 19:24:41');
INSERT INTO `sys_logininfor` VALUES ('133', 'admin', '127.0.0.1', '内网IP', 'Chrome 8', 'Windows 10', '0', '退出成功', '2020-02-29 20:02:25');
INSERT INTO `sys_logininfor` VALUES ('134', 'rensm', '127.0.0.1', '内网IP', 'Chrome 8', 'Windows 10', '0', '登录成功', '2020-02-29 20:02:33');
INSERT INTO `sys_logininfor` VALUES ('135', 'rensm', '127.0.0.1', '内网IP', 'Chrome 8', 'Windows 10', '0', '退出成功', '2020-02-29 20:04:24');
INSERT INTO `sys_logininfor` VALUES ('136', 'chengxy', '127.0.0.1', '内网IP', 'Chrome 8', 'Windows 10', '0', '登录成功', '2020-02-29 20:04:35');
INSERT INTO `sys_logininfor` VALUES ('137', 'chengxy', '127.0.0.1', '内网IP', 'Chrome 8', 'Windows 10', '0', '退出成功', '2020-02-29 20:09:21');
INSERT INTO `sys_logininfor` VALUES ('138', 'admin', '127.0.0.1', '内网IP', 'Chrome 8', 'Windows 10', '0', '登录成功', '2020-02-29 20:09:26');
INSERT INTO `sys_logininfor` VALUES ('139', 'admin', '127.0.0.1', '内网IP', 'Chrome 8', 'Windows 10', '0', '退出成功', '2020-02-29 20:12:05');
INSERT INTO `sys_logininfor` VALUES ('140', 'chengxy', '127.0.0.1', '内网IP', 'Chrome 8', 'Windows 10', '0', '登录成功', '2020-02-29 20:12:14');
INSERT INTO `sys_logininfor` VALUES ('141', 'chengxy', '127.0.0.1', '内网IP', 'Chrome 8', 'Windows 10', '0', '退出成功', '2020-02-29 20:17:08');
INSERT INTO `sys_logininfor` VALUES ('142', 'admin', '127.0.0.1', '内网IP', 'Chrome 8', 'Windows 10', '0', '登录成功', '2020-02-29 20:17:12');
INSERT INTO `sys_logininfor` VALUES ('143', 'admin', '127.0.0.1', '内网IP', 'Chrome 8', 'Windows 10', '0', '退出成功', '2020-02-29 20:20:18');
INSERT INTO `sys_logininfor` VALUES ('144', 'admin', '127.0.0.1', '内网IP', 'Chrome 8', 'Windows 10', '0', '登录成功', '2020-02-29 20:20:21');
INSERT INTO `sys_logininfor` VALUES ('145', 'admin', '127.0.0.1', '内网IP', 'Chrome 8', 'Windows 10', '0', '退出成功', '2020-02-29 20:22:40');
INSERT INTO `sys_logininfor` VALUES ('146', 'admin', '127.0.0.1', '内网IP', 'Chrome 8', 'Windows 10', '0', '登录成功', '2020-02-29 20:23:06');
INSERT INTO `sys_logininfor` VALUES ('147', 'admin', '127.0.0.1', '内网IP', 'Chrome 8', 'Windows 10', '0', '退出成功', '2020-02-29 20:24:12');
INSERT INTO `sys_logininfor` VALUES ('148', 'chengxy', '127.0.0.1', '内网IP', 'Chrome 8', 'Windows 10', '0', '登录成功', '2020-02-29 20:24:21');
INSERT INTO `sys_logininfor` VALUES ('149', 'chengxy', '127.0.0.1', '内网IP', 'Chrome 8', 'Windows 10', '0', '退出成功', '2020-02-29 20:24:56');
INSERT INTO `sys_logininfor` VALUES ('150', 'axianlu', '127.0.0.1', '内网IP', 'Chrome 8', 'Windows 10', '0', '登录成功', '2020-02-29 20:25:07');
INSERT INTO `sys_logininfor` VALUES ('151', 'axianlu', '127.0.0.1', '内网IP', 'Chrome 8', 'Windows 10', '0', '退出成功', '2020-02-29 20:25:31');
INSERT INTO `sys_logininfor` VALUES ('152', 'chengxy', '127.0.0.1', '内网IP', 'Chrome 8', 'Windows 10', '0', '登录成功', '2020-02-29 20:25:39');
INSERT INTO `sys_logininfor` VALUES ('153', 'chengxy', '127.0.0.1', '内网IP', 'Chrome 8', 'Windows 10', '0', '退出成功', '2020-02-29 20:26:13');
INSERT INTO `sys_logininfor` VALUES ('154', 'axianlu', '127.0.0.1', '内网IP', 'Chrome 8', 'Windows 10', '0', '登录成功', '2020-02-29 20:26:23');
INSERT INTO `sys_logininfor` VALUES ('155', 'axianlu', '127.0.0.1', '内网IP', 'Chrome 8', 'Windows 10', '0', '退出成功', '2020-02-29 20:26:39');
INSERT INTO `sys_logininfor` VALUES ('156', 'rensm', '127.0.0.1', '内网IP', 'Chrome 8', 'Windows 10', '0', '登录成功', '2020-02-29 20:26:48');
INSERT INTO `sys_logininfor` VALUES ('157', 'rensm', '127.0.0.1', '内网IP', 'Chrome 8', 'Windows 10', '0', '退出成功', '2020-02-29 20:27:12');
INSERT INTO `sys_logininfor` VALUES ('158', 'admin', '127.0.0.1', '内网IP', 'Chrome 8', 'Windows 10', '0', '登录成功', '2020-02-29 20:27:16');
INSERT INTO `sys_logininfor` VALUES ('159', 'admin', '127.0.0.1', '内网IP', 'Chrome 8', 'Windows 10', '0', '退出成功', '2020-02-29 20:27:19');
INSERT INTO `sys_logininfor` VALUES ('160', 'rensm', '127.0.0.1', '内网IP', 'Chrome 8', 'Windows 10', '1', '验证码错误', '2020-02-29 20:27:24');
INSERT INTO `sys_logininfor` VALUES ('161', 'rensm', '127.0.0.1', '内网IP', 'Chrome 8', 'Windows 10', '0', '登录成功', '2020-02-29 20:27:30');
INSERT INTO `sys_logininfor` VALUES ('162', 'rensm', '127.0.0.1', '内网IP', 'Chrome 8', 'Windows 10', '0', '退出成功', '2020-02-29 20:27:48');
INSERT INTO `sys_logininfor` VALUES ('163', 'chengxy', '127.0.0.1', '内网IP', 'Chrome 8', 'Windows 10', '0', '登录成功', '2020-02-29 20:27:57');
INSERT INTO `sys_logininfor` VALUES ('164', 'axianlu', '127.0.0.1', '内网IP', 'Internet Explorer 11', 'Windows 10', '0', '登录成功', '2020-02-29 20:34:08');
INSERT INTO `sys_logininfor` VALUES ('165', 'axianlu', '127.0.0.1', '内网IP', 'Internet Explorer 11', 'Windows 10', '0', '退出成功', '2020-02-29 20:34:29');
INSERT INTO `sys_logininfor` VALUES ('166', 'rensm', '127.0.0.1', '内网IP', 'Internet Explorer 11', 'Windows 10', '0', '登录成功', '2020-02-29 20:34:41');
INSERT INTO `sys_logininfor` VALUES ('167', 'admin', '127.0.0.1', '内网IP', 'Chrome 8', 'Windows 10', '0', '退出成功', '2020-03-08 19:58:50');
INSERT INTO `sys_logininfor` VALUES ('168', 'chengxy', '127.0.0.1', '内网IP', 'Chrome 8', 'Windows 10', '0', '登录成功', '2020-03-08 19:58:56');
INSERT INTO `sys_logininfor` VALUES ('169', 'chengxy', '127.0.0.1', '内网IP', 'Chrome 8', 'Windows 10', '0', '退出成功', '2020-03-08 19:59:05');
INSERT INTO `sys_logininfor` VALUES ('170', 'admin', '127.0.0.1', '内网IP', 'Chrome 8', 'Windows 10', '0', '登录成功', '2020-03-08 19:59:07');
INSERT INTO `sys_logininfor` VALUES ('171', 'admin', '127.0.0.1', '内网IP', 'Chrome 8', 'Windows 10', '0', '退出成功', '2020-03-08 20:02:18');
INSERT INTO `sys_logininfor` VALUES ('172', 'chengxy', '127.0.0.1', '内网IP', 'Chrome 8', 'Windows 10', '0', '登录成功', '2020-03-08 20:02:24');
INSERT INTO `sys_logininfor` VALUES ('173', 'chengxy', '127.0.0.1', '内网IP', 'Chrome 8', 'Windows 10', '0', '退出成功', '2020-03-08 20:02:31');
INSERT INTO `sys_logininfor` VALUES ('174', 'admin', '127.0.0.1', '内网IP', 'Chrome 8', 'Windows 10', '0', '登录成功', '2020-03-08 20:02:33');
INSERT INTO `sys_logininfor` VALUES ('175', 'admin', '127.0.0.1', '内网IP', 'Chrome 8', 'Windows 10', '0', '退出成功', '2020-03-08 20:03:46');
INSERT INTO `sys_logininfor` VALUES ('176', 'chengxy', '127.0.0.1', '内网IP', 'Chrome 8', 'Windows 10', '0', '登录成功', '2020-03-08 20:03:50');
INSERT INTO `sys_logininfor` VALUES ('177', 'chengxy', '127.0.0.1', '内网IP', 'Chrome 8', 'Windows 10', '0', '退出成功', '2020-03-08 20:05:16');
INSERT INTO `sys_logininfor` VALUES ('178', 'axianlu', '127.0.0.1', '内网IP', 'Chrome 8', 'Windows 10', '0', '登录成功', '2020-03-08 20:05:22');
INSERT INTO `sys_logininfor` VALUES ('179', 'axianlu', '127.0.0.1', '内网IP', 'Chrome 8', 'Windows 10', '0', '退出成功', '2020-03-08 20:05:43');
INSERT INTO `sys_logininfor` VALUES ('180', 'rensm', '127.0.0.1', '内网IP', 'Chrome 8', 'Windows 10', '0', '登录成功', '2020-03-08 20:05:47');
INSERT INTO `sys_logininfor` VALUES ('181', 'admin', '127.0.0.1', '内网IP', 'Chrome 8', 'Windows 10', '0', '登录成功', '2020-03-08 20:13:02');
INSERT INTO `sys_logininfor` VALUES ('182', 'admin', '127.0.0.1', '内网IP', 'Chrome 8', 'Windows 10', '0', '登录成功', '2020-03-11 20:22:19');
INSERT INTO `sys_logininfor` VALUES ('183', 'admin', '127.0.0.1', '内网IP', 'Chrome 8', 'Windows 10', '0', '登录成功', '2020-03-11 20:24:47');
INSERT INTO `sys_logininfor` VALUES ('184', 'admin', '127.0.0.1', '内网IP', 'Chrome 8', 'Windows 10', '0', '登录成功', '2020-03-11 23:36:38');
INSERT INTO `sys_logininfor` VALUES ('185', 'admin', '127.0.0.1', '内网IP', 'Chrome 8', 'Windows 10', '0', '登录成功', '2020-03-12 13:34:12');
INSERT INTO `sys_logininfor` VALUES ('186', 'admin', '127.0.0.1', '内网IP', 'Chrome 8', 'Windows 10', '0', '登录成功', '2020-03-12 13:38:36');
INSERT INTO `sys_logininfor` VALUES ('187', 'admin', '127.0.0.1', '内网IP', 'Chrome 8', 'Windows 10', '0', '登录成功', '2020-03-12 13:47:54');
INSERT INTO `sys_logininfor` VALUES ('188', 'admin', '127.0.0.1', '内网IP', 'Chrome 8', 'Windows 10', '0', '登录成功', '2020-03-12 15:05:25');
INSERT INTO `sys_logininfor` VALUES ('189', 'admin', '127.0.0.1', '内网IP', 'Chrome 8', 'Windows 10', '1', '验证码错误', '2020-03-12 18:38:27');
INSERT INTO `sys_logininfor` VALUES ('190', 'admin', '127.0.0.1', '内网IP', 'Chrome 8', 'Windows 10', '0', '登录成功', '2020-03-12 18:38:37');
INSERT INTO `sys_logininfor` VALUES ('191', 'admin', '127.0.0.1', '内网IP', 'Chrome 8', 'Windows 10', '0', '登录成功', '2020-03-12 19:03:20');
INSERT INTO `sys_logininfor` VALUES ('192', 'admin', '127.0.0.1', '内网IP', 'Chrome 8', 'Windows 10', '0', '登录成功', '2020-03-12 20:19:43');
INSERT INTO `sys_logininfor` VALUES ('193', 'admin', '127.0.0.1', '内网IP', 'Chrome 8', 'Windows 10', '0', '登录成功', '2020-03-12 20:22:33');
INSERT INTO `sys_logininfor` VALUES ('194', 'admin', '127.0.0.1', '内网IP', 'Chrome 8', 'Windows 10', '0', '登录成功', '2020-03-12 20:37:02');
INSERT INTO `sys_logininfor` VALUES ('195', 'admin', '127.0.0.1', '内网IP', 'Chrome 8', 'Windows 10', '0', '登录成功', '2020-03-12 20:41:45');
INSERT INTO `sys_logininfor` VALUES ('196', 'admin', '127.0.0.1', '内网IP', 'Chrome 8', 'Windows 10', '1', '验证码错误', '2020-03-12 20:46:50');
INSERT INTO `sys_logininfor` VALUES ('197', 'admin', '127.0.0.1', '内网IP', 'Chrome 8', 'Windows 10', '0', '登录成功', '2020-03-12 20:46:56');
INSERT INTO `sys_logininfor` VALUES ('198', 'admin', '127.0.0.1', '内网IP', 'Chrome 8', 'Windows 10', '0', '登录成功', '2020-03-12 20:51:58');
INSERT INTO `sys_logininfor` VALUES ('199', 'admin', '127.0.0.1', '内网IP', 'Chrome 8', 'Windows 10', '0', '登录成功', '2020-03-12 20:53:07');
INSERT INTO `sys_logininfor` VALUES ('200', 'admin', '127.0.0.1', '内网IP', 'Chrome 8', 'Windows 10', '0', '登录成功', '2020-03-12 20:55:52');
INSERT INTO `sys_logininfor` VALUES ('201', 'admin', '127.0.0.1', '内网IP', 'Chrome 8', 'Windows 10', '0', '登录成功', '2020-03-12 21:11:34');
INSERT INTO `sys_logininfor` VALUES ('202', 'admin', '127.0.0.1', '内网IP', 'Chrome 8', 'Windows 10', '0', '登录成功', '2020-03-12 21:19:47');
INSERT INTO `sys_logininfor` VALUES ('203', 'admin', '127.0.0.1', '内网IP', 'Chrome 8', 'Windows 10', '0', '登录成功', '2020-03-12 21:21:59');
INSERT INTO `sys_logininfor` VALUES ('204', 'admin', '127.0.0.1', '内网IP', 'Chrome 8', 'Windows 10', '1', '验证码错误', '2020-03-12 21:55:17');
INSERT INTO `sys_logininfor` VALUES ('205', 'admin', '127.0.0.1', '内网IP', 'Chrome 8', 'Windows 10', '1', '验证码错误', '2020-03-12 21:55:23');
INSERT INTO `sys_logininfor` VALUES ('206', 'admin', '127.0.0.1', '内网IP', 'Chrome 8', 'Windows 10', '0', '登录成功', '2020-03-12 21:55:32');
INSERT INTO `sys_logininfor` VALUES ('207', 'admin', '127.0.0.1', '内网IP', 'Chrome 8', 'Windows 10', '0', '登录成功', '2020-03-12 22:00:28');
INSERT INTO `sys_logininfor` VALUES ('208', 'admin', '127.0.0.1', '内网IP', 'Chrome 8', 'Windows 10', '0', '登录成功', '2020-03-12 22:04:10');
INSERT INTO `sys_logininfor` VALUES ('209', 'admin', '127.0.0.1', '内网IP', 'Chrome 8', 'Windows 10', '1', '验证码错误', '2020-03-12 22:08:58');
INSERT INTO `sys_logininfor` VALUES ('210', 'admin', '127.0.0.1', '内网IP', 'Chrome 8', 'Windows 10', '1', '验证码错误', '2020-03-12 22:09:03');
INSERT INTO `sys_logininfor` VALUES ('211', 'admin', '127.0.0.1', '内网IP', 'Chrome 8', 'Windows 10', '0', '登录成功', '2020-03-12 22:09:13');
INSERT INTO `sys_logininfor` VALUES ('212', 'admin', '127.0.0.1', '内网IP', 'Chrome 8', 'Windows 10', '0', '登录成功', '2020-03-14 13:08:38');
INSERT INTO `sys_logininfor` VALUES ('213', 'admin', '127.0.0.1', '内网IP', 'Chrome 8', 'Windows 10', '0', '退出成功', '2020-03-14 20:54:10');
INSERT INTO `sys_logininfor` VALUES ('214', 'ry', '127.0.0.1', '内网IP', 'Chrome 8', 'Windows 10', '1', '验证码错误', '2020-03-14 20:54:16');
INSERT INTO `sys_logininfor` VALUES ('215', 'ry', '127.0.0.1', '内网IP', 'Chrome 8', 'Windows 10', '0', '登录成功', '2020-03-14 20:54:23');
INSERT INTO `sys_logininfor` VALUES ('216', 'ry', '127.0.0.1', '内网IP', 'Chrome 8', 'Windows 10', '0', '退出成功', '2020-03-14 20:55:31');
INSERT INTO `sys_logininfor` VALUES ('217', 'ry', '127.0.0.1', '内网IP', 'Chrome 8', 'Windows 10', '0', '登录成功', '2020-03-14 20:55:40');
INSERT INTO `sys_logininfor` VALUES ('218', 'ry', '127.0.0.1', '内网IP', 'Chrome 8', 'Windows 10', '0', '退出成功', '2020-03-14 20:55:50');
INSERT INTO `sys_logininfor` VALUES ('219', 'admin', '127.0.0.1', '内网IP', 'Chrome 8', 'Windows 10', '0', '登录成功', '2020-03-14 20:55:54');
INSERT INTO `sys_logininfor` VALUES ('220', 'admin', '127.0.0.1', '内网IP', 'Chrome 8', 'Windows 10', '0', '退出成功', '2020-03-14 20:58:16');
INSERT INTO `sys_logininfor` VALUES ('221', 'rensm', '127.0.0.1', '内网IP', 'Chrome 8', 'Windows 10', '1', '密码输入错误1次', '2020-03-14 20:58:26');
INSERT INTO `sys_logininfor` VALUES ('222', 'rensm', '127.0.0.1', '内网IP', 'Chrome 8', 'Windows 10', '0', '登录成功', '2020-03-14 20:58:36');
INSERT INTO `sys_logininfor` VALUES ('223', 'rensm', '127.0.0.1', '内网IP', 'Chrome 8', 'Windows 10', '0', '退出成功', '2020-03-14 20:59:24');
INSERT INTO `sys_logininfor` VALUES ('224', 'admin', '127.0.0.1', '内网IP', 'Chrome 8', 'Windows 10', '0', '登录成功', '2020-03-14 20:59:29');
INSERT INTO `sys_logininfor` VALUES ('225', 'admin', '127.0.0.1', '内网IP', 'Chrome 8', 'Windows 10', '0', '登录成功', '2020-03-14 21:02:26');
INSERT INTO `sys_logininfor` VALUES ('226', 'admin', '127.0.0.1', '内网IP', 'Chrome 8', 'Windows 10', '0', '退出成功', '2020-03-14 21:02:47');
INSERT INTO `sys_logininfor` VALUES ('227', 'rensm', '127.0.0.1', '内网IP', 'Chrome 8', 'Windows 10', '1', '密码输入错误1次', '2020-03-14 21:02:57');
INSERT INTO `sys_logininfor` VALUES ('228', 'rensm', '127.0.0.1', '内网IP', 'Chrome 8', 'Windows 10', '0', '登录成功', '2020-03-14 21:03:05');
INSERT INTO `sys_logininfor` VALUES ('229', 'rensm', '127.0.0.1', '内网IP', 'Chrome 8', 'Windows 10', '0', '退出成功', '2020-03-14 21:03:26');
INSERT INTO `sys_logininfor` VALUES ('230', 'admin', '127.0.0.1', '内网IP', 'Chrome 8', 'Windows 10', '0', '登录成功', '2020-03-14 21:03:32');
INSERT INTO `sys_logininfor` VALUES ('231', 'admin', '127.0.0.1', '内网IP', 'Chrome 8', 'Windows 10', '0', '登录成功', '2020-03-14 21:06:09');
INSERT INTO `sys_logininfor` VALUES ('232', 'admin', '127.0.0.1', '内网IP', 'Chrome 8', 'Windows 10', '0', '退出成功', '2020-03-14 21:06:47');
INSERT INTO `sys_logininfor` VALUES ('233', 'rensm', '127.0.0.1', '内网IP', 'Chrome 8', 'Windows 10', '0', '登录成功', '2020-03-14 21:07:00');
INSERT INTO `sys_logininfor` VALUES ('234', 'admin', '127.0.0.1', '内网IP', 'Chrome 8', 'Windows 10', '1', '验证码错误', '2020-03-14 21:15:18');
INSERT INTO `sys_logininfor` VALUES ('235', 'admin', '127.0.0.1', '内网IP', 'Chrome 8', 'Windows 10', '0', '登录成功', '2020-03-14 21:15:22');
INSERT INTO `sys_logininfor` VALUES ('236', 'admin', '127.0.0.1', '内网IP', 'Chrome 8', 'Windows 10', '0', '登录成功', '2020-03-14 21:18:47');
INSERT INTO `sys_logininfor` VALUES ('237', 'admin', '127.0.0.1', '内网IP', 'Chrome 8', 'Windows 10', '0', '退出成功', '2020-03-14 21:19:08');
INSERT INTO `sys_logininfor` VALUES ('238', 'rensm', '127.0.0.1', '内网IP', 'Chrome 8', 'Windows 10', '0', '登录成功', '2020-03-14 21:19:17');
INSERT INTO `sys_logininfor` VALUES ('239', 'rensm', '127.0.0.1', '内网IP', 'Chrome 8', 'Windows 10', '0', '退出成功', '2020-03-14 21:19:51');
INSERT INTO `sys_logininfor` VALUES ('240', 'admin', '127.0.0.1', '内网IP', 'Chrome 8', 'Windows 10', '0', '登录成功', '2020-03-14 21:20:01');
INSERT INTO `sys_logininfor` VALUES ('241', 'admin', '127.0.0.1', '内网IP', 'Chrome 8', 'Windows 10', '0', '登录成功', '2020-03-14 22:12:07');
INSERT INTO `sys_logininfor` VALUES ('242', 'admin', '127.0.0.1', '内网IP', 'Chrome 8', 'Windows 10', '1', '验证码错误', '2020-03-14 22:12:10');
INSERT INTO `sys_logininfor` VALUES ('243', 'admin', '127.0.0.1', '内网IP', 'Chrome 8', 'Windows 10', '0', '登录成功', '2020-03-14 22:13:29');
INSERT INTO `sys_logininfor` VALUES ('244', 'admin', '127.0.0.1', '内网IP', 'Chrome 8', 'Windows 10', '1', '验证码错误', '2020-03-14 22:28:23');
INSERT INTO `sys_logininfor` VALUES ('245', 'admin', '127.0.0.1', '内网IP', 'Chrome 8', 'Windows 10', '0', '登录成功', '2020-03-14 22:28:26');
INSERT INTO `sys_logininfor` VALUES ('246', 'admin', '127.0.0.1', '内网IP', 'Chrome 8', 'Windows 10', '1', '验证码错误', '2020-03-14 22:31:30');
INSERT INTO `sys_logininfor` VALUES ('247', 'admin', '127.0.0.1', '内网IP', 'Chrome 8', 'Windows 10', '0', '登录成功', '2020-03-14 22:31:38');
INSERT INTO `sys_logininfor` VALUES ('248', 'admin', '127.0.0.1', '内网IP', 'Chrome 8', 'Windows 10', '0', '登录成功', '2020-03-14 22:39:49');
INSERT INTO `sys_logininfor` VALUES ('249', 'admin', '127.0.0.1', '内网IP', 'Chrome 8', 'Windows 10', '0', '登录成功', '2020-03-14 22:43:16');
INSERT INTO `sys_logininfor` VALUES ('250', 'admin', '127.0.0.1', '内网IP', 'Chrome 8', 'Windows 10', '1', '验证码错误', '2020-03-14 22:45:15');
INSERT INTO `sys_logininfor` VALUES ('251', 'admin', '127.0.0.1', '内网IP', 'Chrome 8', 'Windows 10', '0', '登录成功', '2020-03-14 22:45:23');
INSERT INTO `sys_logininfor` VALUES ('252', 'admin', '127.0.0.1', '内网IP', 'Chrome 8', 'Windows 10', '1', '验证码错误', '2020-03-15 10:22:45');
INSERT INTO `sys_logininfor` VALUES ('253', 'admin', '127.0.0.1', '内网IP', 'Chrome 8', 'Windows 10', '0', '登录成功', '2020-03-15 10:22:49');
INSERT INTO `sys_logininfor` VALUES ('254', 'admin', '127.0.0.1', '内网IP', 'Chrome 8', 'Windows 10', '0', '登录成功', '2020-03-15 14:40:17');
INSERT INTO `sys_logininfor` VALUES ('255', 'admin', '127.0.0.1', '内网IP', 'Chrome 8', 'Windows 10', '1', '验证码错误', '2020-03-15 14:40:20');
INSERT INTO `sys_logininfor` VALUES ('256', 'admin', '127.0.0.1', '内网IP', 'Chrome 8', 'Windows 10', '1', '验证码错误', '2020-03-15 14:40:21');
INSERT INTO `sys_logininfor` VALUES ('257', 'admin', '127.0.0.1', '内网IP', 'Chrome 8', 'Windows 10', '0', '登录成功', '2020-03-15 14:41:13');
INSERT INTO `sys_logininfor` VALUES ('258', 'admin', '127.0.0.1', '内网IP', 'Chrome 8', 'Windows 10', '0', '登录成功', '2020-03-15 15:13:24');
INSERT INTO `sys_logininfor` VALUES ('259', 'admin', '127.0.0.1', '内网IP', 'Chrome 8', 'Windows 10', '0', '登录成功', '2020-03-15 15:22:32');
INSERT INTO `sys_logininfor` VALUES ('260', 'admin', '127.0.0.1', '内网IP', 'Chrome 8', 'Windows 10', '0', '登录成功', '2020-03-15 15:35:51');
INSERT INTO `sys_logininfor` VALUES ('261', 'admin', '127.0.0.1', '内网IP', 'Chrome 8', 'Windows 10', '0', '登录成功', '2020-03-15 15:43:46');
INSERT INTO `sys_logininfor` VALUES ('262', 'admin', '127.0.0.1', '内网IP', 'Chrome 8', 'Windows 10', '0', '登录成功', '2020-03-20 22:18:23');
INSERT INTO `sys_logininfor` VALUES ('263', 'admin', '127.0.0.1', '内网IP', 'Chrome 8', 'Windows 10', '0', '登录成功', '2020-03-20 22:21:18');
INSERT INTO `sys_logininfor` VALUES ('264', 'admin', '127.0.0.1', '内网IP', 'Chrome 8', 'Windows 10', '0', '登录成功', '2020-03-20 22:27:59');
INSERT INTO `sys_logininfor` VALUES ('265', 'admin', '127.0.0.1', '内网IP', 'Chrome 8', 'Windows 10', '0', '登录成功', '2020-03-20 22:37:15');
INSERT INTO `sys_logininfor` VALUES ('266', 'admin', '127.0.0.1', '内网IP', 'Chrome 8', 'Windows 10', '1', '验证码错误', '2020-03-21 11:15:26');
INSERT INTO `sys_logininfor` VALUES ('267', 'admin', '127.0.0.1', '内网IP', 'Chrome 8', 'Windows 10', '1', '验证码错误', '2020-03-21 11:15:32');
INSERT INTO `sys_logininfor` VALUES ('268', 'admin', '127.0.0.1', '内网IP', 'Chrome 8', 'Windows 10', '0', '登录成功', '2020-03-21 11:15:42');
INSERT INTO `sys_logininfor` VALUES ('269', 'admin', '127.0.0.1', '内网IP', 'Chrome 8', 'Windows 10', '0', '退出成功', '2020-03-21 22:41:53');
INSERT INTO `sys_logininfor` VALUES ('270', 'rensm', '127.0.0.1', '内网IP', 'Chrome 8', 'Windows 10', '1', '验证码错误', '2020-03-21 22:41:59');
INSERT INTO `sys_logininfor` VALUES ('271', 'rensm', '127.0.0.1', '内网IP', 'Chrome 8', 'Windows 10', '1', '密码输入错误1次', '2020-03-21 22:42:07');
INSERT INTO `sys_logininfor` VALUES ('272', 'rensm', '127.0.0.1', '内网IP', 'Chrome 8', 'Windows 10', '0', '登录成功', '2020-03-21 22:42:13');
INSERT INTO `sys_logininfor` VALUES ('273', 'admin', '127.0.0.1', '内网IP', 'Chrome 8', 'Windows 10', '0', '登录成功', '2020-03-21 22:46:57');
INSERT INTO `sys_logininfor` VALUES ('274', 'admin', '127.0.0.1', '内网IP', 'Chrome 8', 'Windows 10', '0', '退出成功', '2020-03-21 22:47:12');
INSERT INTO `sys_logininfor` VALUES ('275', 'rensm', '127.0.0.1', '内网IP', 'Chrome 8', 'Windows 10', '0', '登录成功', '2020-03-21 22:47:24');
INSERT INTO `sys_logininfor` VALUES ('276', 'rensm', '127.0.0.1', '内网IP', 'Chrome 8', 'Windows 10', '0', '退出成功', '2020-03-21 22:57:44');
INSERT INTO `sys_logininfor` VALUES ('277', 'admin', '127.0.0.1', '内网IP', 'Chrome 8', 'Windows 10', '1', '验证码错误', '2020-03-21 22:57:51');
INSERT INTO `sys_logininfor` VALUES ('278', 'admin', '127.0.0.1', '内网IP', 'Chrome 8', 'Windows 10', '0', '登录成功', '2020-03-21 22:57:56');
INSERT INTO `sys_logininfor` VALUES ('279', 'admin', '127.0.0.1', '内网IP', 'Chrome 8', 'Windows 10', '0', '退出成功', '2020-03-21 22:59:34');
INSERT INTO `sys_logininfor` VALUES ('280', 'rensm', '127.0.0.1', '内网IP', 'Chrome 8', 'Windows 10', '0', '登录成功', '2020-03-21 22:59:42');
INSERT INTO `sys_logininfor` VALUES ('281', 'rensm', '127.0.0.1', '内网IP', 'Chrome 8', 'Windows 10', '0', '退出成功', '2020-03-21 22:59:51');
INSERT INTO `sys_logininfor` VALUES ('282', 'admin', '127.0.0.1', '内网IP', 'Chrome 8', 'Windows 10', '0', '登录成功', '2020-03-21 22:59:56');
INSERT INTO `sys_logininfor` VALUES ('283', 'admin', '127.0.0.1', '内网IP', 'Chrome 8', 'Windows 10', '0', '登录成功', '2020-03-21 23:32:56');
INSERT INTO `sys_logininfor` VALUES ('284', 'admin', '127.0.0.1', '内网IP', 'Chrome 8', 'Windows 10', '0', '登录成功', '2020-03-22 10:28:33');
INSERT INTO `sys_logininfor` VALUES ('285', 'admin', '127.0.0.1', '内网IP', 'Chrome 8', 'Windows 10', '1', '验证码错误', '2020-03-22 10:49:27');
INSERT INTO `sys_logininfor` VALUES ('286', 'admin', '127.0.0.1', '内网IP', 'Chrome 8', 'Windows 10', '1', '验证码错误', '2020-03-22 10:49:34');
INSERT INTO `sys_logininfor` VALUES ('287', 'admin', '127.0.0.1', '内网IP', 'Chrome 8', 'Windows 10', '0', '登录成功', '2020-03-22 10:49:39');
INSERT INTO `sys_logininfor` VALUES ('288', 'admin', '127.0.0.1', '内网IP', 'Chrome 8', 'Windows 10', '0', '登录成功', '2020-03-22 11:12:18');
INSERT INTO `sys_logininfor` VALUES ('289', 'admin', '127.0.0.1', '内网IP', 'Chrome 8', 'Windows 10', '0', '登录成功', '2020-03-22 11:24:37');

-- ----------------------------
-- Table structure for sys_menu
-- ----------------------------
DROP TABLE IF EXISTS `sys_menu`;
CREATE TABLE `sys_menu` (
  `menu_id` bigint(20) NOT NULL AUTO_INCREMENT COMMENT '菜单ID',
  `menu_name` varchar(50) NOT NULL COMMENT '菜单名称',
  `parent_id` bigint(20) DEFAULT '0' COMMENT '父菜单ID',
  `order_num` int(4) DEFAULT '0' COMMENT '显示顺序',
  `url` varchar(200) DEFAULT '#' COMMENT '请求地址',
  `target` varchar(20) DEFAULT '' COMMENT '打开方式（menuItem页签 menuBlank新窗口）',
  `menu_type` char(1) DEFAULT '' COMMENT '菜单类型（M目录 C菜单 F按钮）',
  `visible` char(1) DEFAULT '0' COMMENT '菜单状态（0显示 1隐藏）',
  `perms` varchar(100) DEFAULT NULL COMMENT '权限标识',
  `icon` varchar(100) DEFAULT '#' COMMENT '菜单图标',
  `create_by` varchar(64) DEFAULT '' COMMENT '创建者',
  `create_time` datetime DEFAULT NULL COMMENT '创建时间',
  `update_by` varchar(64) DEFAULT '' COMMENT '更新者',
  `update_time` datetime DEFAULT NULL COMMENT '更新时间',
  `remark` varchar(500) DEFAULT '' COMMENT '备注',
  PRIMARY KEY (`menu_id`)
) ENGINE=InnoDB AUTO_INCREMENT=2068 DEFAULT CHARSET=utf8 COMMENT='菜单权限表';

-- ----------------------------
-- Records of sys_menu
-- ----------------------------
INSERT INTO `sys_menu` VALUES ('1', '系统管理', '0', '1', '#', '', 'M', '0', '', 'fa fa-gear', 'admin', '2018-03-16 11:33:00', 'ry', '2018-03-16 11:33:00', '系统管理目录');
INSERT INTO `sys_menu` VALUES ('2', '系统监控', '0', '3', '#', 'menuItem', 'M', '0', '', 'fa fa-video-camera', 'admin', '2018-03-16 11:33:00', 'admin', '2020-03-11 23:31:25', '系统监控目录');
INSERT INTO `sys_menu` VALUES ('3', '系统工具', '0', '4', '#', 'menuItem', 'M', '0', '', 'fa fa-bars', 'admin', '2018-03-16 11:33:00', 'admin', '2020-03-11 23:31:43', '系统工具目录');
INSERT INTO `sys_menu` VALUES ('100', '用户管理', '1', '1', '/system/user', '', 'C', '0', 'system:user:view', '#', 'admin', '2018-03-16 11:33:00', 'ry', '2018-03-16 11:33:00', '用户管理菜单');
INSERT INTO `sys_menu` VALUES ('101', '角色管理', '1', '2', '/system/role', '', 'C', '0', 'system:role:view', '#', 'admin', '2018-03-16 11:33:00', 'ry', '2018-03-16 11:33:00', '角色管理菜单');
INSERT INTO `sys_menu` VALUES ('102', '菜单管理', '1', '3', '/system/menu', '', 'C', '0', 'system:menu:view', '#', 'admin', '2018-03-16 11:33:00', 'ry', '2018-03-16 11:33:00', '菜单管理菜单');
INSERT INTO `sys_menu` VALUES ('103', '部门管理', '1', '4', '/system/dept', '', 'C', '0', 'system:dept:view', '#', 'admin', '2018-03-16 11:33:00', 'ry', '2018-03-16 11:33:00', '部门管理菜单');
INSERT INTO `sys_menu` VALUES ('104', '岗位管理', '1', '5', '/system/post', '', 'C', '0', 'system:post:view', '#', 'admin', '2018-03-16 11:33:00', 'ry', '2018-03-16 11:33:00', '岗位管理菜单');
INSERT INTO `sys_menu` VALUES ('105', '字典管理', '1', '6', '/system/dict', '', 'C', '0', 'system:dict:view', '#', 'admin', '2018-03-16 11:33:00', 'ry', '2018-03-16 11:33:00', '字典管理菜单');
INSERT INTO `sys_menu` VALUES ('106', '参数设置', '1', '7', '/system/config', '', 'C', '0', 'system:config:view', '#', 'admin', '2018-03-16 11:33:00', 'ry', '2018-03-16 11:33:00', '参数设置菜单');
INSERT INTO `sys_menu` VALUES ('107', '通知公告', '1', '8', '/system/notice', '', 'C', '0', 'system:notice:view', '#', 'admin', '2018-03-16 11:33:00', 'ry', '2018-03-16 11:33:00', '通知公告菜单');
INSERT INTO `sys_menu` VALUES ('108', '日志管理', '1', '9', '#', '', 'M', '0', '', '#', 'admin', '2018-03-16 11:33:00', 'ry', '2018-03-16 11:33:00', '日志管理菜单');
INSERT INTO `sys_menu` VALUES ('109', '在线用户', '2', '1', '/monitor/online', '', 'C', '0', 'monitor:online:view', '#', 'admin', '2018-03-16 11:33:00', 'ry', '2018-03-16 11:33:00', '在线用户菜单');
INSERT INTO `sys_menu` VALUES ('110', '定时任务', '2', '2', '/monitor/job', '', 'C', '0', 'monitor:job:view', '#', 'admin', '2018-03-16 11:33:00', 'ry', '2018-03-16 11:33:00', '定时任务菜单');
INSERT INTO `sys_menu` VALUES ('111', '数据监控', '2', '3', '/monitor/data', '', 'C', '0', 'monitor:data:view', '#', 'admin', '2018-03-16 11:33:00', 'ry', '2018-03-16 11:33:00', '数据监控菜单');
INSERT INTO `sys_menu` VALUES ('112', '服务监控', '2', '3', '/monitor/server', '', 'C', '0', 'monitor:server:view', '#', 'admin', '2018-03-16 11:33:00', 'ry', '2018-03-16 11:33:00', '服务监控菜单');
INSERT INTO `sys_menu` VALUES ('113', '表单构建', '3', '1', '/tool/build', '', 'C', '0', 'tool:build:view', '#', 'admin', '2018-03-16 11:33:00', 'ry', '2018-03-16 11:33:00', '表单构建菜单');
INSERT INTO `sys_menu` VALUES ('114', '代码生成', '3', '2', '/tool/gen', '', 'C', '0', 'tool:gen:view', '#', 'admin', '2018-03-16 11:33:00', 'ry', '2018-03-16 11:33:00', '代码生成菜单');
INSERT INTO `sys_menu` VALUES ('115', '系统接口', '3', '3', '/tool/swagger', '', 'C', '0', 'tool:swagger:view', '#', 'admin', '2018-03-16 11:33:00', 'ry', '2018-03-16 11:33:00', '系统接口菜单');
INSERT INTO `sys_menu` VALUES ('500', '操作日志', '108', '1', '/monitor/operlog', '', 'C', '0', 'monitor:operlog:view', '#', 'admin', '2018-03-16 11:33:00', 'ry', '2018-03-16 11:33:00', '操作日志菜单');
INSERT INTO `sys_menu` VALUES ('501', '登录日志', '108', '2', '/monitor/logininfor', '', 'C', '0', 'monitor:logininfor:view', '#', 'admin', '2018-03-16 11:33:00', 'ry', '2018-03-16 11:33:00', '登录日志菜单');
INSERT INTO `sys_menu` VALUES ('1000', '用户查询', '100', '1', '#', '', 'F', '0', 'system:user:list', '#', 'admin', '2018-03-16 11:33:00', 'ry', '2018-03-16 11:33:00', '');
INSERT INTO `sys_menu` VALUES ('1001', '用户新增', '100', '2', '#', '', 'F', '0', 'system:user:add', '#', 'admin', '2018-03-16 11:33:00', 'ry', '2018-03-16 11:33:00', '');
INSERT INTO `sys_menu` VALUES ('1002', '用户修改', '100', '3', '#', '', 'F', '0', 'system:user:edit', '#', 'admin', '2018-03-16 11:33:00', 'ry', '2018-03-16 11:33:00', '');
INSERT INTO `sys_menu` VALUES ('1003', '用户删除', '100', '4', '#', '', 'F', '0', 'system:user:remove', '#', 'admin', '2018-03-16 11:33:00', 'ry', '2018-03-16 11:33:00', '');
INSERT INTO `sys_menu` VALUES ('1004', '用户导出', '100', '5', '#', '', 'F', '0', 'system:user:export', '#', 'admin', '2018-03-16 11:33:00', 'ry', '2018-03-16 11:33:00', '');
INSERT INTO `sys_menu` VALUES ('1005', '用户导入', '100', '6', '#', '', 'F', '0', 'system:user:import', '#', 'admin', '2018-03-16 11:33:00', 'ry', '2018-03-16 11:33:00', '');
INSERT INTO `sys_menu` VALUES ('1006', '重置密码', '100', '7', '#', '', 'F', '0', 'system:user:resetPwd', '#', 'admin', '2018-03-16 11:33:00', 'ry', '2018-03-16 11:33:00', '');
INSERT INTO `sys_menu` VALUES ('1007', '角色查询', '101', '1', '#', '', 'F', '0', 'system:role:list', '#', 'admin', '2018-03-16 11:33:00', 'ry', '2018-03-16 11:33:00', '');
INSERT INTO `sys_menu` VALUES ('1008', '角色新增', '101', '2', '#', '', 'F', '0', 'system:role:add', '#', 'admin', '2018-03-16 11:33:00', 'ry', '2018-03-16 11:33:00', '');
INSERT INTO `sys_menu` VALUES ('1009', '角色修改', '101', '3', '#', '', 'F', '0', 'system:role:edit', '#', 'admin', '2018-03-16 11:33:00', 'ry', '2018-03-16 11:33:00', '');
INSERT INTO `sys_menu` VALUES ('1010', '角色删除', '101', '4', '#', '', 'F', '0', 'system:role:remove', '#', 'admin', '2018-03-16 11:33:00', 'ry', '2018-03-16 11:33:00', '');
INSERT INTO `sys_menu` VALUES ('1011', '角色导出', '101', '5', '#', '', 'F', '0', 'system:role:export', '#', 'admin', '2018-03-16 11:33:00', 'ry', '2018-03-16 11:33:00', '');
INSERT INTO `sys_menu` VALUES ('1012', '菜单查询', '102', '1', '#', '', 'F', '0', 'system:menu:list', '#', 'admin', '2018-03-16 11:33:00', 'ry', '2018-03-16 11:33:00', '');
INSERT INTO `sys_menu` VALUES ('1013', '菜单新增', '102', '2', '#', '', 'F', '0', 'system:menu:add', '#', 'admin', '2018-03-16 11:33:00', 'ry', '2018-03-16 11:33:00', '');
INSERT INTO `sys_menu` VALUES ('1014', '菜单修改', '102', '3', '#', '', 'F', '0', 'system:menu:edit', '#', 'admin', '2018-03-16 11:33:00', 'ry', '2018-03-16 11:33:00', '');
INSERT INTO `sys_menu` VALUES ('1015', '菜单删除', '102', '4', '#', '', 'F', '0', 'system:menu:remove', '#', 'admin', '2018-03-16 11:33:00', 'ry', '2018-03-16 11:33:00', '');
INSERT INTO `sys_menu` VALUES ('1016', '部门查询', '103', '1', '#', '', 'F', '0', 'system:dept:list', '#', 'admin', '2018-03-16 11:33:00', 'ry', '2018-03-16 11:33:00', '');
INSERT INTO `sys_menu` VALUES ('1017', '部门新增', '103', '2', '#', '', 'F', '0', 'system:dept:add', '#', 'admin', '2018-03-16 11:33:00', 'ry', '2018-03-16 11:33:00', '');
INSERT INTO `sys_menu` VALUES ('1018', '部门修改', '103', '3', '#', '', 'F', '0', 'system:dept:edit', '#', 'admin', '2018-03-16 11:33:00', 'ry', '2018-03-16 11:33:00', '');
INSERT INTO `sys_menu` VALUES ('1019', '部门删除', '103', '4', '#', '', 'F', '0', 'system:dept:remove', '#', 'admin', '2018-03-16 11:33:00', 'ry', '2018-03-16 11:33:00', '');
INSERT INTO `sys_menu` VALUES ('1020', '岗位查询', '104', '1', '#', '', 'F', '0', 'system:post:list', '#', 'admin', '2018-03-16 11:33:00', 'ry', '2018-03-16 11:33:00', '');
INSERT INTO `sys_menu` VALUES ('1021', '岗位新增', '104', '2', '#', '', 'F', '0', 'system:post:add', '#', 'admin', '2018-03-16 11:33:00', 'ry', '2018-03-16 11:33:00', '');
INSERT INTO `sys_menu` VALUES ('1022', '岗位修改', '104', '3', '#', '', 'F', '0', 'system:post:edit', '#', 'admin', '2018-03-16 11:33:00', 'ry', '2018-03-16 11:33:00', '');
INSERT INTO `sys_menu` VALUES ('1023', '岗位删除', '104', '4', '#', '', 'F', '0', 'system:post:remove', '#', 'admin', '2018-03-16 11:33:00', 'ry', '2018-03-16 11:33:00', '');
INSERT INTO `sys_menu` VALUES ('1024', '岗位导出', '104', '5', '#', '', 'F', '0', 'system:post:export', '#', 'admin', '2018-03-16 11:33:00', 'ry', '2018-03-16 11:33:00', '');
INSERT INTO `sys_menu` VALUES ('1025', '字典查询', '105', '1', '#', '', 'F', '0', 'system:dict:list', '#', 'admin', '2018-03-16 11:33:00', 'ry', '2018-03-16 11:33:00', '');
INSERT INTO `sys_menu` VALUES ('1026', '字典新增', '105', '2', '#', '', 'F', '0', 'system:dict:add', '#', 'admin', '2018-03-16 11:33:00', 'ry', '2018-03-16 11:33:00', '');
INSERT INTO `sys_menu` VALUES ('1027', '字典修改', '105', '3', '#', '', 'F', '0', 'system:dict:edit', '#', 'admin', '2018-03-16 11:33:00', 'ry', '2018-03-16 11:33:00', '');
INSERT INTO `sys_menu` VALUES ('1028', '字典删除', '105', '4', '#', '', 'F', '0', 'system:dict:remove', '#', 'admin', '2018-03-16 11:33:00', 'ry', '2018-03-16 11:33:00', '');
INSERT INTO `sys_menu` VALUES ('1029', '字典导出', '105', '5', '#', '', 'F', '0', 'system:dict:export', '#', 'admin', '2018-03-16 11:33:00', 'ry', '2018-03-16 11:33:00', '');
INSERT INTO `sys_menu` VALUES ('1030', '参数查询', '106', '1', '#', '', 'F', '0', 'system:config:list', '#', 'admin', '2018-03-16 11:33:00', 'ry', '2018-03-16 11:33:00', '');
INSERT INTO `sys_menu` VALUES ('1031', '参数新增', '106', '2', '#', '', 'F', '0', 'system:config:add', '#', 'admin', '2018-03-16 11:33:00', 'ry', '2018-03-16 11:33:00', '');
INSERT INTO `sys_menu` VALUES ('1032', '参数修改', '106', '3', '#', '', 'F', '0', 'system:config:edit', '#', 'admin', '2018-03-16 11:33:00', 'ry', '2018-03-16 11:33:00', '');
INSERT INTO `sys_menu` VALUES ('1033', '参数删除', '106', '4', '#', '', 'F', '0', 'system:config:remove', '#', 'admin', '2018-03-16 11:33:00', 'ry', '2018-03-16 11:33:00', '');
INSERT INTO `sys_menu` VALUES ('1034', '参数导出', '106', '5', '#', '', 'F', '0', 'system:config:export', '#', 'admin', '2018-03-16 11:33:00', 'ry', '2018-03-16 11:33:00', '');
INSERT INTO `sys_menu` VALUES ('1035', '公告查询', '107', '1', '#', '', 'F', '0', 'system:notice:list', '#', 'admin', '2018-03-16 11:33:00', 'ry', '2018-03-16 11:33:00', '');
INSERT INTO `sys_menu` VALUES ('1036', '公告新增', '107', '2', '#', '', 'F', '0', 'system:notice:add', '#', 'admin', '2018-03-16 11:33:00', 'ry', '2018-03-16 11:33:00', '');
INSERT INTO `sys_menu` VALUES ('1037', '公告修改', '107', '3', '#', '', 'F', '0', 'system:notice:edit', '#', 'admin', '2018-03-16 11:33:00', 'ry', '2018-03-16 11:33:00', '');
INSERT INTO `sys_menu` VALUES ('1038', '公告删除', '107', '4', '#', '', 'F', '0', 'system:notice:remove', '#', 'admin', '2018-03-16 11:33:00', 'ry', '2018-03-16 11:33:00', '');
INSERT INTO `sys_menu` VALUES ('1039', '操作查询', '500', '1', '#', '', 'F', '0', 'monitor:operlog:list', '#', 'admin', '2018-03-16 11:33:00', 'ry', '2018-03-16 11:33:00', '');
INSERT INTO `sys_menu` VALUES ('1040', '操作删除', '500', '2', '#', '', 'F', '0', 'monitor:operlog:remove', '#', 'admin', '2018-03-16 11:33:00', 'ry', '2018-03-16 11:33:00', '');
INSERT INTO `sys_menu` VALUES ('1041', '详细信息', '500', '3', '#', '', 'F', '0', 'monitor:operlog:detail', '#', 'admin', '2018-03-16 11:33:00', 'ry', '2018-03-16 11:33:00', '');
INSERT INTO `sys_menu` VALUES ('1042', '日志导出', '500', '4', '#', '', 'F', '0', 'monitor:operlog:export', '#', 'admin', '2018-03-16 11:33:00', 'ry', '2018-03-16 11:33:00', '');
INSERT INTO `sys_menu` VALUES ('1043', '登录查询', '501', '1', '#', '', 'F', '0', 'monitor:logininfor:list', '#', 'admin', '2018-03-16 11:33:00', 'ry', '2018-03-16 11:33:00', '');
INSERT INTO `sys_menu` VALUES ('1044', '登录删除', '501', '2', '#', '', 'F', '0', 'monitor:logininfor:remove', '#', 'admin', '2018-03-16 11:33:00', 'ry', '2018-03-16 11:33:00', '');
INSERT INTO `sys_menu` VALUES ('1045', '日志导出', '501', '3', '#', '', 'F', '0', 'monitor:logininfor:export', '#', 'admin', '2018-03-16 11:33:00', 'ry', '2018-03-16 11:33:00', '');
INSERT INTO `sys_menu` VALUES ('1046', '在线查询', '109', '1', '#', '', 'F', '0', 'monitor:online:list', '#', 'admin', '2018-03-16 11:33:00', 'ry', '2018-03-16 11:33:00', '');
INSERT INTO `sys_menu` VALUES ('1047', '批量强退', '109', '2', '#', '', 'F', '0', 'monitor:online:batchForceLogout', '#', 'admin', '2018-03-16 11:33:00', 'ry', '2018-03-16 11:33:00', '');
INSERT INTO `sys_menu` VALUES ('1048', '单条强退', '109', '3', '#', '', 'F', '0', 'monitor:online:forceLogout', '#', 'admin', '2018-03-16 11:33:00', 'ry', '2018-03-16 11:33:00', '');
INSERT INTO `sys_menu` VALUES ('1049', '任务查询', '110', '1', '#', '', 'F', '0', 'monitor:job:list', '#', 'admin', '2018-03-16 11:33:00', 'ry', '2018-03-16 11:33:00', '');
INSERT INTO `sys_menu` VALUES ('1050', '任务新增', '110', '2', '#', '', 'F', '0', 'monitor:job:add', '#', 'admin', '2018-03-16 11:33:00', 'ry', '2018-03-16 11:33:00', '');
INSERT INTO `sys_menu` VALUES ('1051', '任务修改', '110', '3', '#', '', 'F', '0', 'monitor:job:edit', '#', 'admin', '2018-03-16 11:33:00', 'ry', '2018-03-16 11:33:00', '');
INSERT INTO `sys_menu` VALUES ('1052', '任务删除', '110', '4', '#', '', 'F', '0', 'monitor:job:remove', '#', 'admin', '2018-03-16 11:33:00', 'ry', '2018-03-16 11:33:00', '');
INSERT INTO `sys_menu` VALUES ('1053', '状态修改', '110', '5', '#', '', 'F', '0', 'monitor:job:changeStatus', '#', 'admin', '2018-03-16 11:33:00', 'ry', '2018-03-16 11:33:00', '');
INSERT INTO `sys_menu` VALUES ('1054', '任务详细', '110', '6', '#', '', 'F', '0', 'monitor:job:detail', '#', 'admin', '2018-03-16 11:33:00', 'ry', '2018-03-16 11:33:00', '');
INSERT INTO `sys_menu` VALUES ('1055', '任务导出', '110', '7', '#', '', 'F', '0', 'monitor:job:export', '#', 'admin', '2018-03-16 11:33:00', 'ry', '2018-03-16 11:33:00', '');
INSERT INTO `sys_menu` VALUES ('1056', '生成查询', '114', '1', '#', '', 'F', '0', 'tool:gen:list', '#', 'admin', '2018-03-16 11:33:00', 'ry', '2018-03-16 11:33:00', '');
INSERT INTO `sys_menu` VALUES ('1057', '生成修改', '114', '2', '#', '', 'F', '0', 'tool:gen:edit', '#', 'admin', '2018-03-16 11:33:00', 'ry', '2018-03-16 11:33:00', '');
INSERT INTO `sys_menu` VALUES ('1058', '生成删除', '114', '3', '#', '', 'F', '0', 'tool:gen:remove', '#', 'admin', '2018-03-16 11:33:00', 'ry', '2018-03-16 11:33:00', '');
INSERT INTO `sys_menu` VALUES ('1059', '预览代码', '114', '4', '#', '', 'F', '0', 'tool:gen:preview', '#', 'admin', '2018-03-16 11:33:00', 'ry', '2018-03-16 11:33:00', '');
INSERT INTO `sys_menu` VALUES ('1060', '生成代码', '114', '5', '#', '', 'F', '0', 'tool:gen:code', '#', 'admin', '2018-03-16 11:33:00', 'ry', '2018-03-16 11:33:00', '');
INSERT INTO `sys_menu` VALUES ('2000', '流程菜单', '0', '2', '#', 'menuItem', 'M', '0', '', 'fa fa-gears', 'admin', '2019-09-29 21:32:17', 'admin', '2020-03-11 23:29:40', '');
INSERT INTO `sys_menu` VALUES ('2001', '在线绘图(弃)', '2000', '1', '/bpmn/index.html', 'menuItem', 'C', '1', '', '#', 'admin', '2019-09-29 21:34:38', 'admin', '2019-11-19 17:28:16', '');
INSERT INTO `sys_menu` VALUES ('2002', '流程定义', '2000', '2', '/process/definition', 'menuItem', 'C', '0', 'process:definition:view', '#', 'admin', '2019-09-30 20:13:03', 'admin', '2020-03-14 21:01:04', '');
INSERT INTO `sys_menu` VALUES ('2017', '业务菜单', '0', '5', '#', 'menuItem', 'M', '0', null, 'fa fa-paper-plane', 'admin', '2019-10-09 10:31:41', '', null, '');
INSERT INTO `sys_menu` VALUES ('2049', '流程模型', '2000', '1', '/process/modeler/modelList', 'menuItem', 'C', '0', '', '#', 'admin', '2019-11-18 20:49:12', 'admin', '2019-11-19 16:06:21', '');
INSERT INTO `sys_menu` VALUES ('2050', '部署新模型', '2002', '1', '#', 'menuItem', 'F', '0', 'process:definition:upload', '#', 'admin', '2020-03-14 20:44:35', 'admin', '2020-03-14 20:53:30', '');
INSERT INTO `sys_menu` VALUES ('2051', '流程删除', '2002', '2', '#', 'menuItem', 'F', '0', 'process:definition:remove', '#', 'admin', '2020-03-14 20:46:20', '', null, '');
INSERT INTO `sys_menu` VALUES ('2052', '流程导出', '2002', '3', '#', 'menuItem', 'F', '0', 'process:definition:export', '#', 'admin', '2020-03-14 20:47:26', '', null, '');
INSERT INTO `sys_menu` VALUES ('2053', '流程挂起/激活', '2002', '4', '#', 'menuItem', 'F', '0', 'process:definition:processup', '#', 'admin', '2020-03-14 20:48:33', '', null, '');
INSERT INTO `sys_menu` VALUES ('2054', '流程设置', '2002', '5', '#', 'menuItem', 'F', '0', 'process:definition:processView', '#', 'admin', '2020-03-15 19:09:34', '', null, '');
INSERT INTO `sys_menu` VALUES ('2061', '请假demo', '2017', '1', '/leavedemo/leavedemo', 'menuItem', 'C', '0', 'leavedemo:leavedemo:view', '#', 'admin', '2018-03-01 00:00:00', 'admin', '2020-03-22 16:45:55', '请假demo菜单');
INSERT INTO `sys_menu` VALUES ('2062', '请假demo查询', '2061', '1', '#', '', 'F', '0', 'leavedemo:leavedemo:list', '#', 'admin', '2018-03-01 00:00:00', 'ry', '2018-03-01 00:00:00', '');
INSERT INTO `sys_menu` VALUES ('2063', '请假demo新增', '2061', '2', '#', '', 'F', '0', 'leavedemo:leavedemo:add', '#', 'admin', '2018-03-01 00:00:00', 'ry', '2018-03-01 00:00:00', '');
INSERT INTO `sys_menu` VALUES ('2064', '请假demo修改', '2061', '3', '#', '', 'F', '0', 'leavedemo:leavedemo:edit', '#', 'admin', '2018-03-01 00:00:00', 'ry', '2018-03-01 00:00:00', '');
INSERT INTO `sys_menu` VALUES ('2065', '请假demo删除', '2061', '4', '#', '', 'F', '0', 'leavedemo:leavedemo:remove', '#', 'admin', '2018-03-01 00:00:00', 'ry', '2018-03-01 00:00:00', '');
INSERT INTO `sys_menu` VALUES ('2066', '请假demo导出', '2061', '5', '#', '', 'F', '0', 'leavedemo:leavedemo:export', '#', 'admin', '2018-03-01 00:00:00', 'ry', '2018-03-01 00:00:00', '');
INSERT INTO `sys_menu` VALUES ('2067', '请假待办', '2017', '2', '/leavedemo/leavedemo/waitview', 'menuItem', 'C', '0', 'leavedemo:leavedemo:waitview', 'fa fa-anchor', 'admin', '2020-03-21 22:07:30', 'admin', '2020-03-22 16:46:04', '');

-- ----------------------------
-- Table structure for sys_notice
-- ----------------------------
DROP TABLE IF EXISTS `sys_notice`;
CREATE TABLE `sys_notice` (
  `notice_id` int(4) NOT NULL AUTO_INCREMENT COMMENT '公告ID',
  `notice_title` varchar(50) NOT NULL COMMENT '公告标题',
  `notice_type` char(1) NOT NULL COMMENT '公告类型（1通知 2公告）',
  `notice_content` varchar(2000) DEFAULT NULL COMMENT '公告内容',
  `status` char(1) DEFAULT '0' COMMENT '公告状态（0正常 1关闭）',
  `create_by` varchar(64) DEFAULT '' COMMENT '创建者',
  `create_time` datetime DEFAULT NULL COMMENT '创建时间',
  `update_by` varchar(64) DEFAULT '' COMMENT '更新者',
  `update_time` datetime DEFAULT NULL COMMENT '更新时间',
  `remark` varchar(255) DEFAULT NULL COMMENT '备注',
  PRIMARY KEY (`notice_id`)
) ENGINE=InnoDB AUTO_INCREMENT=3 DEFAULT CHARSET=utf8 COMMENT='通知公告表';

-- ----------------------------
-- Records of sys_notice
-- ----------------------------
INSERT INTO `sys_notice` VALUES ('1', '温馨提醒：2018-07-01 若依新版本发布啦', '2', '新版本内容', '0', 'admin', '2018-03-16 11:33:00', 'ry', '2018-03-16 11:33:00', '管理员');
INSERT INTO `sys_notice` VALUES ('2', '维护通知：2018-07-01 若依系统凌晨维护', '1', '<p>维护内容<img src=\"http://localhost/profile/upload/2020/03/22/1048275c605eafc6905dcb27d8aef9e5.jpg\" data-filename=\"/profile/upload/2020/03/22/1048275c605eafc6905dcb27d8aef9e5.jpg\" style=\"width: 507px;\"></p>', '0', 'admin', '2018-03-16 11:33:00', 'admin', '2020-03-22 15:38:45', '管理员');

-- ----------------------------
-- Table structure for sys_oper_log
-- ----------------------------
DROP TABLE IF EXISTS `sys_oper_log`;
CREATE TABLE `sys_oper_log` (
  `oper_id` bigint(20) NOT NULL AUTO_INCREMENT COMMENT '日志主键',
  `title` varchar(50) DEFAULT '' COMMENT '模块标题',
  `business_type` int(2) DEFAULT '0' COMMENT '业务类型（0其它 1新增 2修改 3删除）',
  `method` varchar(100) DEFAULT '' COMMENT '方法名称',
  `request_method` varchar(10) DEFAULT '' COMMENT '请求方式',
  `operator_type` int(1) DEFAULT '0' COMMENT '操作类别（0其它 1后台用户 2手机端用户）',
  `oper_name` varchar(50) DEFAULT '' COMMENT '操作人员',
  `dept_name` varchar(50) DEFAULT '' COMMENT '部门名称',
  `oper_url` varchar(255) DEFAULT '' COMMENT '请求URL',
  `oper_ip` varchar(50) DEFAULT '' COMMENT '主机地址',
  `oper_location` varchar(255) DEFAULT '' COMMENT '操作地点',
  `oper_param` varchar(2000) DEFAULT '' COMMENT '请求参数',
  `json_result` varchar(2000) DEFAULT '' COMMENT '返回参数',
  `status` int(1) DEFAULT '0' COMMENT '操作状态（0正常 1异常）',
  `error_msg` varchar(2000) DEFAULT '' COMMENT '错误消息',
  `oper_time` datetime DEFAULT NULL COMMENT '操作时间',
  PRIMARY KEY (`oper_id`)
) ENGINE=InnoDB AUTO_INCREMENT=542 DEFAULT CHARSET=utf8 COMMENT='操作日志记录';

-- ----------------------------
-- Records of sys_oper_log
-- ----------------------------
INSERT INTO `sys_oper_log` VALUES ('100', '菜单管理', '1', 'com.ruoyi.web.controller.system.SysMenuController.addSave()', 'POST', '1', 'admin', '研发部门', '/system/menu/add', '127.0.0.1', '内网IP', '{\r\n  \"parentId\" : [ \"0\" ],\r\n  \"menuType\" : [ \"M\" ],\r\n  \"menuName\" : [ \"流程菜单\" ],\r\n  \"url\" : [ \"\" ],\r\n  \"target\" : [ \"menuItem\" ],\r\n  \"perms\" : [ \"\" ],\r\n  \"orderNum\" : [ \"4\" ],\r\n  \"icon\" : [ \"fa fa-cogs\" ],\r\n  \"visible\" : [ \"0\" ]\r\n}', '{\r\n  \"msg\" : \"操作成功\",\r\n  \"code\" : 0\r\n}', '0', null, '2020-02-25 21:00:54');
INSERT INTO `sys_oper_log` VALUES ('101', '菜单管理', '1', 'com.ruoyi.web.controller.system.SysMenuController.addSave()', 'POST', '1', 'admin', '研发部门', '/system/menu/add', '127.0.0.1', '内网IP', '{\r\n  \"parentId\" : [ \"2000\" ],\r\n  \"menuType\" : [ \"C\" ],\r\n  \"menuName\" : [ \"流程模型\" ],\r\n  \"url\" : [ \"/modeler/model\" ],\r\n  \"target\" : [ \"menuItem\" ],\r\n  \"perms\" : [ \"\" ],\r\n  \"orderNum\" : [ \"1\" ],\r\n  \"icon\" : [ \"#\" ],\r\n  \"visible\" : [ \"0\" ]\r\n}', '{\r\n  \"msg\" : \"操作成功\",\r\n  \"code\" : 0\r\n}', '0', null, '2020-02-25 21:04:53');
INSERT INTO `sys_oper_log` VALUES ('102', '菜单管理', '2', 'com.ruoyi.web.controller.system.SysMenuController.editSave()', 'POST', '1', 'admin', '研发部门', '/system/menu/edit', '127.0.0.1', '内网IP', '{\r\n  \"menuId\" : [ \"2001\" ],\r\n  \"parentId\" : [ \"2000\" ],\r\n  \"menuType\" : [ \"C\" ],\r\n  \"menuName\" : [ \"流程模型\" ],\r\n  \"url\" : [ \"/modeler/modelList\" ],\r\n  \"target\" : [ \"menuItem\" ],\r\n  \"perms\" : [ \"\" ],\r\n  \"orderNum\" : [ \"1\" ],\r\n  \"icon\" : [ \"#\" ],\r\n  \"visible\" : [ \"0\" ]\r\n}', '{\r\n  \"msg\" : \"操作成功\",\r\n  \"code\" : 0\r\n}', '0', null, '2020-02-25 21:40:37');
INSERT INTO `sys_oper_log` VALUES ('103', '流程模型', '3', 'com.ruoyi.activiti.modeler.ModelerController.remove()', 'POST', '1', 'admin', '研发部门', '/modeler/remove', '127.0.0.1', '内网IP', '{\r\n  \"ids\" : [ \"10006\" ]\r\n}', '{\r\n  \"msg\" : \"操作成功\",\r\n  \"code\" : 0\r\n}', '0', null, '2020-02-26 19:53:56');
INSERT INTO `sys_oper_log` VALUES ('104', '菜单管理', '1', 'com.ruoyi.web.controller.system.SysMenuController.addSave()', 'POST', '1', 'admin', '研发部门', '/system/menu/add', '127.0.0.1', '内网IP', '{\r\n  \"parentId\" : [ \"2000\" ],\r\n  \"menuType\" : [ \"C\" ],\r\n  \"menuName\" : [ \"流程定义\" ],\r\n  \"url\" : [ \"/definition\" ],\r\n  \"target\" : [ \"menuItem\" ],\r\n  \"perms\" : [ \"\" ],\r\n  \"orderNum\" : [ \"2\" ],\r\n  \"icon\" : [ \"#\" ],\r\n  \"visible\" : [ \"0\" ]\r\n}', '{\r\n  \"msg\" : \"操作成功\",\r\n  \"code\" : 0\r\n}', '0', null, '2020-02-26 22:00:43');
INSERT INTO `sys_oper_log` VALUES ('105', '流程定义', '3', 'com.ruoyi.activiti.controller.ProcessDefinitionController.remove()', 'POST', '1', 'admin', '研发部门', '/definition/remove', '127.0.0.1', '内网IP', '{\r\n  \"ids\" : [ \"1\" ]\r\n}', '{\r\n  \"msg\" : \"操作失败\",\r\n  \"code\" : 500\r\n}', '0', null, '2020-02-26 22:15:16');
INSERT INTO `sys_oper_log` VALUES ('106', '流程定义', '3', 'com.ruoyi.activiti.controller.ProcessDefinitionController.remove()', 'POST', '1', 'admin', '研发部门', '/definition/remove', '127.0.0.1', '内网IP', '{\r\n  \"ids\" : [ \"1\" ]\r\n}', '{\r\n  \"msg\" : \"操作失败\",\r\n  \"code\" : 500\r\n}', '0', null, '2020-02-26 22:15:49');
INSERT INTO `sys_oper_log` VALUES ('107', '流程定义', '3', 'com.ruoyi.activiti.controller.ProcessDefinitionController.remove()', 'POST', '1', 'admin', '研发部门', '/definition/remove', '127.0.0.1', '内网IP', '{\r\n  \"ids\" : [ \"1\" ]\r\n}', '{\r\n  \"msg\" : \"操作失败\",\r\n  \"code\" : 500\r\n}', '0', null, '2020-02-26 22:19:17');
INSERT INTO `sys_oper_log` VALUES ('108', '流程定义', '3', 'com.ruoyi.activiti.controller.ProcessDefinitionController.remove()', 'POST', '1', 'admin', '研发部门', '/definition/remove', '127.0.0.1', '内网IP', '{\r\n  \"ids\" : [ \"1\" ]\r\n}', '{\r\n  \"msg\" : \"操作失败\",\r\n  \"code\" : 500\r\n}', '0', null, '2020-02-26 22:19:46');
INSERT INTO `sys_oper_log` VALUES ('109', '流程定义', '3', 'com.ruoyi.activiti.controller.ProcessDefinitionController.remove()', 'POST', '1', 'admin', '研发部门', '/definition/remove', '127.0.0.1', '内网IP', '{\r\n  \"ids\" : [ \"1\" ]\r\n}', '{\r\n  \"msg\" : \"操作失败\",\r\n  \"code\" : 500\r\n}', '0', null, '2020-02-26 22:22:18');
INSERT INTO `sys_oper_log` VALUES ('110', '流程定义', '3', 'com.ruoyi.activiti.controller.ProcessDefinitionController.remove()', 'POST', '1', 'admin', '研发部门', '/definition/remove', '127.0.0.1', '内网IP', '{\r\n  \"ids\" : [ \"1\" ]\r\n}', '{\r\n  \"msg\" : \"操作失败\",\r\n  \"code\" : 500\r\n}', '0', null, '2020-02-26 22:23:12');
INSERT INTO `sys_oper_log` VALUES ('111', '流程定义', '3', 'com.ruoyi.activiti.controller.ProcessDefinitionController.remove()', 'POST', '1', 'admin', '研发部门', '/definition/remove', '127.0.0.1', '内网IP', '{\r\n  \"ids\" : [ \"1\" ]\r\n}', '{\r\n  \"msg\" : \"操作成功\",\r\n  \"code\" : 0\r\n}', '0', null, '2020-02-26 22:25:12');
INSERT INTO `sys_oper_log` VALUES ('112', '流程定义', '1', 'com.ruoyi.activiti.controller.ProcessDefinitionController.upload()', 'POST', '1', 'admin', '研发部门', '/definition/upload', '127.0.0.1', '内网IP', '{ }', '{\r\n  \"msg\" : \"filename : [leave.bpmn], extension : [bpmn], allowed extension : [[bmp, gif, jpg, jpeg, png, doc, docx, xls, xlsx, ppt, pptx, html, htm, txt, rar, zip, gz, bz2, pdf]]\",\r\n  \"code\" : 500\r\n}', '0', null, '2020-02-26 22:27:37');
INSERT INTO `sys_oper_log` VALUES ('113', '流程定义', '1', 'com.ruoyi.activiti.controller.ProcessDefinitionController.upload()', 'POST', '1', 'admin', '研发部门', '/definition/upload', '127.0.0.1', '内网IP', '{ }', '{\r\n  \"msg\" : \"系统找不到指定的路径。\",\r\n  \"code\" : 500\r\n}', '0', null, '2020-02-26 22:33:33');
INSERT INTO `sys_oper_log` VALUES ('114', '流程定义', '1', 'com.ruoyi.activiti.controller.ProcessDefinitionController.upload()', 'POST', '1', 'admin', '研发部门', '/definition/upload', '127.0.0.1', '内网IP', '{ }', '{\r\n  \"msg\" : \"系统找不到指定的路径。\",\r\n  \"code\" : 500\r\n}', '0', null, '2020-02-26 22:37:34');
INSERT INTO `sys_oper_log` VALUES ('115', '流程定义', '1', 'com.ruoyi.activiti.controller.ProcessDefinitionController.upload()', 'POST', '1', 'admin', '研发部门', '/definition/upload', '127.0.0.1', '内网IP', '{ }', '{\r\n  \"msg\" : \"操作成功\",\r\n  \"code\" : 0\r\n}', '0', null, '2020-02-26 22:38:03');
INSERT INTO `sys_oper_log` VALUES ('116', '角色管理', '1', 'com.ruoyi.web.controller.system.SysRoleController.addSave()', 'POST', '1', 'admin', '研发部门', '/system/role/add', '127.0.0.1', '内网IP', '{\r\n  \"roleName\" : [ \"部门领导\" ],\r\n  \"roleKey\" : [ \"deptLeader\" ],\r\n  \"roleSort\" : [ \"3\" ],\r\n  \"status\" : [ \"0\" ],\r\n  \"remark\" : [ \"请假流程测试角色 -> 流程用户组\" ],\r\n  \"menuIds\" : [ \"\" ]\r\n}', '{\r\n  \"msg\" : \"操作成功\",\r\n  \"code\" : 0\r\n}', '0', null, '2020-02-27 19:37:37');
INSERT INTO `sys_oper_log` VALUES ('117', '角色管理', '1', 'com.ruoyi.web.controller.system.SysRoleController.addSave()', 'POST', '1', 'admin', '研发部门', '/system/role/add', '127.0.0.1', '内网IP', '{\r\n  \"roleName\" : [ \"人事\" ],\r\n  \"roleKey\" : [ \"hr\" ],\r\n  \"roleSort\" : [ \"4\" ],\r\n  \"status\" : [ \"0\" ],\r\n  \"remark\" : [ \"请假流程测试角色 -> 流程用户组\" ],\r\n  \"menuIds\" : [ \"\" ]\r\n}', '{\r\n  \"msg\" : \"操作成功\",\r\n  \"code\" : 0\r\n}', '0', null, '2020-02-27 19:38:41');
INSERT INTO `sys_oper_log` VALUES ('118', '用户管理', '1', 'com.ruoyi.web.controller.system.SysUserController.addSave()', 'POST', '1', 'admin', '研发部门', '/system/user/add', '127.0.0.1', '内网IP', '{\r\n  \"deptId\" : [ \"105\" ],\r\n  \"userName\" : [ \"程序猿\" ],\r\n  \"deptName\" : [ \"测试部门\" ],\r\n  \"phonenumber\" : [ \"13000000000\" ],\r\n  \"email\" : [ \"110@gmail.com\" ],\r\n  \"loginName\" : [ \"chengxy\" ],\r\n  \"password\" : [ \"123456\" ],\r\n  \"sex\" : [ \"0\" ],\r\n  \"remark\" : [ \"注意该用户暂时没有分配角色（即没有分配到流程用户组）\" ],\r\n  \"status\" : [ \"0\" ],\r\n  \"roleIds\" : [ \"\" ],\r\n  \"postIds\" : [ \"\" ]\r\n}', '{\r\n  \"msg\" : \"操作成功\",\r\n  \"code\" : 0\r\n}', '0', null, '2020-02-27 19:43:45');
INSERT INTO `sys_oper_log` VALUES ('119', '用户管理', '1', 'com.ruoyi.web.controller.system.SysUserController.addSave()', 'POST', '1', 'admin', '研发部门', '/system/user/add', '127.0.0.1', '内网IP', '{\r\n  \"deptId\" : [ \"105\" ],\r\n  \"userName\" : [ \"一只闲鹿\" ],\r\n  \"deptName\" : [ \"测试部门\" ],\r\n  \"phonenumber\" : [ \"13000000001\" ],\r\n  \"email\" : [ \"114@gmail.com\" ],\r\n  \"loginName\" : [ \"axianlu\" ],\r\n  \"password\" : [ \"123456\" ],\r\n  \"sex\" : [ \"0\" ],\r\n  \"role\" : [ \"100\" ],\r\n  \"remark\" : [ \"\" ],\r\n  \"status\" : [ \"0\" ],\r\n  \"roleIds\" : [ \"100\" ],\r\n  \"postIds\" : [ \"\" ]\r\n}', '{\r\n  \"msg\" : \"操作成功\",\r\n  \"code\" : 0\r\n}', '0', null, '2020-02-27 19:45:15');
INSERT INTO `sys_oper_log` VALUES ('120', '用户管理', '1', 'com.ruoyi.web.controller.system.SysUserController.addSave()', 'POST', '1', 'admin', '研发部门', '/system/user/add', '127.0.0.1', '内网IP', '{\r\n  \"deptId\" : [ \"105\" ],\r\n  \"userName\" : [ \"人事喵\" ],\r\n  \"deptName\" : [ \"测试部门\" ],\r\n  \"phonenumber\" : [ \"13000000002\" ],\r\n  \"email\" : [ \"115@gmail.com\" ],\r\n  \"loginName\" : [ \"rensm\" ],\r\n  \"password\" : [ \"123456\" ],\r\n  \"sex\" : [ \"1\" ],\r\n  \"role\" : [ \"101\" ],\r\n  \"remark\" : [ \"\" ],\r\n  \"status\" : [ \"0\" ],\r\n  \"roleIds\" : [ \"101\" ],\r\n  \"postIds\" : [ \"\" ]\r\n}', '{\r\n  \"msg\" : \"操作成功\",\r\n  \"code\" : 0\r\n}', '0', null, '2020-02-27 19:46:20');
INSERT INTO `sys_oper_log` VALUES ('121', '菜单管理', '1', 'com.ruoyi.web.controller.system.SysMenuController.addSave()', 'POST', '1', 'admin', '研发部门', '/system/menu/add', '127.0.0.1', '内网IP', '{\r\n  \"parentId\" : [ \"2000\" ],\r\n  \"menuType\" : [ \"C\" ],\r\n  \"menuName\" : [ \"流程用户\" ],\r\n  \"url\" : [ \"/user\" ],\r\n  \"target\" : [ \"menuItem\" ],\r\n  \"perms\" : [ \"\" ],\r\n  \"orderNum\" : [ \"3\" ],\r\n  \"icon\" : [ \"#\" ],\r\n  \"visible\" : [ \"0\" ]\r\n}', '{\r\n  \"msg\" : \"操作成功\",\r\n  \"code\" : 0\r\n}', '0', null, '2020-02-27 20:21:42');
INSERT INTO `sys_oper_log` VALUES ('122', '菜单管理', '1', 'com.ruoyi.web.controller.system.SysMenuController.addSave()', 'POST', '1', 'admin', '研发部门', '/system/menu/add', '127.0.0.1', '内网IP', '{\r\n  \"parentId\" : [ \"2000\" ],\r\n  \"menuType\" : [ \"C\" ],\r\n  \"menuName\" : [ \"流程用户组\" ],\r\n  \"url\" : [ \"/group\" ],\r\n  \"target\" : [ \"menuItem\" ],\r\n  \"perms\" : [ \"\" ],\r\n  \"orderNum\" : [ \"4\" ],\r\n  \"icon\" : [ \"#\" ],\r\n  \"visible\" : [ \"0\" ]\r\n}', '{\r\n  \"msg\" : \"操作成功\",\r\n  \"code\" : 0\r\n}', '0', null, '2020-02-27 20:22:58');
INSERT INTO `sys_oper_log` VALUES ('123', '菜单管理', '1', 'com.ruoyi.web.controller.system.SysMenuController.addSave()', 'POST', '1', 'admin', '研发部门', '/system/menu/add', '127.0.0.1', '内网IP', '{\r\n  \"parentId\" : [ \"0\" ],\r\n  \"menuType\" : [ \"M\" ],\r\n  \"menuName\" : [ \"业务菜单\" ],\r\n  \"url\" : [ \"\" ],\r\n  \"target\" : [ \"menuItem\" ],\r\n  \"perms\" : [ \"\" ],\r\n  \"orderNum\" : [ \"5\" ],\r\n  \"icon\" : [ \"fa fa-send\" ],\r\n  \"visible\" : [ \"0\" ]\r\n}', '{\r\n  \"msg\" : \"操作成功\",\r\n  \"code\" : 0\r\n}', '0', null, '2020-02-28 20:34:58');
INSERT INTO `sys_oper_log` VALUES ('124', '菜单管理', '1', 'com.ruoyi.web.controller.system.SysMenuController.addSave()', 'POST', '1', 'admin', '研发部门', '/system/menu/add', '127.0.0.1', '内网IP', '{\r\n  \"parentId\" : [ \"2005\" ],\r\n  \"menuType\" : [ \"C\" ],\r\n  \"menuName\" : [ \"请假流程\" ],\r\n  \"url\" : [ \"/leave\" ],\r\n  \"target\" : [ \"menuItem\" ],\r\n  \"perms\" : [ \"\" ],\r\n  \"orderNum\" : [ \"1\" ],\r\n  \"icon\" : [ \"#\" ],\r\n  \"visible\" : [ \"0\" ]\r\n}', '{\r\n  \"msg\" : \"操作成功\",\r\n  \"code\" : 0\r\n}', '0', null, '2020-02-28 20:36:16');
INSERT INTO `sys_oper_log` VALUES ('125', '菜单管理', '1', 'com.ruoyi.web.controller.system.SysMenuController.addSave()', 'POST', '1', 'admin', '研发部门', '/system/menu/add', '127.0.0.1', '内网IP', '{\r\n  \"parentId\" : [ \"2005\" ],\r\n  \"menuType\" : [ \"C\" ],\r\n  \"menuName\" : [ \"我的待办\" ],\r\n  \"url\" : [ \"/leaveTodo\" ],\r\n  \"target\" : [ \"menuItem\" ],\r\n  \"perms\" : [ \"\" ],\r\n  \"orderNum\" : [ \"2\" ],\r\n  \"icon\" : [ \"#\" ],\r\n  \"visible\" : [ \"0\" ]\r\n}', '{\r\n  \"msg\" : \"操作成功\",\r\n  \"code\" : 0\r\n}', '0', null, '2020-02-28 20:42:26');
INSERT INTO `sys_oper_log` VALUES ('126', '菜单管理', '1', 'com.ruoyi.web.controller.system.SysMenuController.addSave()', 'POST', '1', 'admin', '研发部门', '/system/menu/add', '127.0.0.1', '内网IP', '{\r\n  \"parentId\" : [ \"2005\" ],\r\n  \"menuType\" : [ \"C\" ],\r\n  \"menuName\" : [ \"我的已办\" ],\r\n  \"url\" : [ \"/leaveDone\" ],\r\n  \"target\" : [ \"menuItem\" ],\r\n  \"perms\" : [ \"\" ],\r\n  \"orderNum\" : [ \"3\" ],\r\n  \"icon\" : [ \"#\" ],\r\n  \"visible\" : [ \"0\" ]\r\n}', '{\r\n  \"msg\" : \"操作成功\",\r\n  \"code\" : 0\r\n}', '0', null, '2020-02-28 20:43:18');
INSERT INTO `sys_oper_log` VALUES ('127', '字典类型', '1', 'com.ruoyi.web.controller.system.SysDictTypeController.addSave()', 'POST', '1', 'admin', '研发部门', '/system/dict/add', '127.0.0.1', '内网IP', '{\r\n  \"dictName\" : [ \"请假类型\" ],\r\n  \"dictType\" : [ \"biz_leave_type\" ],\r\n  \"status\" : [ \"0\" ],\r\n  \"remark\" : [ \"\" ]\r\n}', '{\r\n  \"msg\" : \"操作成功\",\r\n  \"code\" : 0\r\n}', '0', null, '2020-02-28 21:25:16');
INSERT INTO `sys_oper_log` VALUES ('128', '字典数据', '1', 'com.ruoyi.web.controller.system.SysDictDataController.addSave()', 'POST', '1', 'admin', '研发部门', '/system/dict/data/add', '127.0.0.1', '内网IP', '{\r\n  \"dictLabel\" : [ \"事假\" ],\r\n  \"dictValue\" : [ \"1\" ],\r\n  \"dictType\" : [ \"biz_leave_type\" ],\r\n  \"cssClass\" : [ \"\" ],\r\n  \"dictSort\" : [ \"1\" ],\r\n  \"listClass\" : [ \"success\" ],\r\n  \"isDefault\" : [ \"Y\" ],\r\n  \"status\" : [ \"0\" ],\r\n  \"remark\" : [ \"\" ]\r\n}', '{\r\n  \"msg\" : \"操作成功\",\r\n  \"code\" : 0\r\n}', '0', null, '2020-02-28 21:27:30');
INSERT INTO `sys_oper_log` VALUES ('129', '字典数据', '1', 'com.ruoyi.web.controller.system.SysDictDataController.addSave()', 'POST', '1', 'admin', '研发部门', '/system/dict/data/add', '127.0.0.1', '内网IP', '{\r\n  \"dictLabel\" : [ \"年假\" ],\r\n  \"dictValue\" : [ \"2\" ],\r\n  \"dictType\" : [ \"biz_leave_type\" ],\r\n  \"cssClass\" : [ \"\" ],\r\n  \"dictSort\" : [ \"2\" ],\r\n  \"listClass\" : [ \"warning\" ],\r\n  \"isDefault\" : [ \"Y\" ],\r\n  \"status\" : [ \"0\" ],\r\n  \"remark\" : [ \"\" ]\r\n}', '{\r\n  \"msg\" : \"操作成功\",\r\n  \"code\" : 0\r\n}', '0', null, '2020-02-28 21:27:58');
INSERT INTO `sys_oper_log` VALUES ('130', '角色管理', '1', 'com.ruoyi.web.controller.system.SysRoleController.addSave()', 'POST', '1', 'admin', '研发部门', '/system/role/add', '127.0.0.1', '内网IP', '{\r\n  \"roleName\" : [ \"流程角色\" ],\r\n  \"roleKey\" : [ \"processRole\" ],\r\n  \"roleSort\" : [ \"5\" ],\r\n  \"status\" : [ \"0\" ],\r\n  \"remark\" : [ \"\" ],\r\n  \"menuIds\" : [ \"2005,2006,2007,2008\" ]\r\n}', '{\r\n  \"msg\" : \"操作成功\",\r\n  \"code\" : 0\r\n}', '0', null, '2020-02-28 21:31:15');
INSERT INTO `sys_oper_log` VALUES ('131', '角色管理', '4', 'com.ruoyi.web.controller.system.SysRoleController.selectAuthUserAll()', 'POST', '1', 'admin', '研发部门', '/system/role/authUser/selectAll', '127.0.0.1', '内网IP', '{\r\n  \"roleId\" : [ \"102\" ],\r\n  \"userIds\" : [ \"102,101,100\" ]\r\n}', '{\r\n  \"msg\" : \"操作成功\",\r\n  \"code\" : 0\r\n}', '0', null, '2020-02-28 21:32:37');
INSERT INTO `sys_oper_log` VALUES ('132', '请假业务', '1', 'com.ruoyi.activiti.controller.BizLeaveController.addSave()', 'POST', '1', 'chengxy', '测试部门', '/leave/add', '127.0.0.1', '内网IP', '{\r\n  \"type\" : [ \"1\" ],\r\n  \"title\" : [ \"我想请假\" ],\r\n  \"reason\" : [ \"没想好理由\" ],\r\n  \"startTime\" : [ \"2020-02-28 22:00\" ],\r\n  \"endTime\" : [ \"2020-02-29 00:00\" ],\r\n  \"totalTime\" : [ \"7200\" ],\r\n  \"totalTimeText\" : [ \"0 天 2 时 0 分 0 秒\" ]\r\n}', '{\r\n  \"msg\" : \"操作成功\",\r\n  \"code\" : 0\r\n}', '0', null, '2020-02-28 21:41:59');
INSERT INTO `sys_oper_log` VALUES ('133', '请假业务', '2', 'com.ruoyi.activiti.controller.BizLeaveController.editSave()', 'POST', '1', 'chengxy', '测试部门', '/leave/edit', '127.0.0.1', '内网IP', '{\r\n  \"id\" : [ \"20\" ],\r\n  \"applyUserName\" : [ \"\" ],\r\n  \"applyTime\" : [ \"\" ],\r\n  \"type\" : [ \"1\" ],\r\n  \"title\" : [ \"我想请假\" ],\r\n  \"reason\" : [ \"但我没想好理由\" ],\r\n  \"startTime\" : [ \"2020-02-28 22:00\" ],\r\n  \"endTime\" : [ \"2020-02-29 00:00\" ],\r\n  \"totalTime\" : [ \"7200\" ],\r\n  \"totalTimeText\" : [ \"0 天 2 时 0 分 0 秒\" ]\r\n}', '{\r\n  \"msg\" : \"操作成功\",\r\n  \"code\" : 0\r\n}', '0', null, '2020-02-28 21:46:15');
INSERT INTO `sys_oper_log` VALUES ('134', '请假业务', '2', 'com.ruoyi.activiti.controller.BizLeaveController.submitApply()', 'POST', '1', 'chengxy', '测试部门', '/leave/submitApply', '127.0.0.1', '内网IP', '{\r\n  \"id\" : [ \"20\" ]\r\n}', '{\r\n  \"msg\" : \"操作成功\",\r\n  \"code\" : 0\r\n}', '0', null, '2020-02-28 21:46:23');
INSERT INTO `sys_oper_log` VALUES ('135', '菜单管理', '2', 'com.ruoyi.web.controller.system.SysMenuController.editSave()', 'POST', '1', 'admin', '研发部门', '/system/menu/edit', '127.0.0.1', '内网IP', '{\r\n  \"menuId\" : [ \"2007\" ],\r\n  \"parentId\" : [ \"2005\" ],\r\n  \"menuType\" : [ \"C\" ],\r\n  \"menuName\" : [ \"我的待办\" ],\r\n  \"url\" : [ \"/leave/leaveTodo\" ],\r\n  \"target\" : [ \"menuItem\" ],\r\n  \"perms\" : [ \"\" ],\r\n  \"orderNum\" : [ \"2\" ],\r\n  \"icon\" : [ \"#\" ],\r\n  \"visible\" : [ \"0\" ]\r\n}', '{\r\n  \"msg\" : \"操作成功\",\r\n  \"code\" : 0\r\n}', '0', null, '2020-02-28 21:50:48');
INSERT INTO `sys_oper_log` VALUES ('136', '菜单管理', '2', 'com.ruoyi.web.controller.system.SysMenuController.editSave()', 'POST', '1', 'admin', '研发部门', '/system/menu/edit', '127.0.0.1', '内网IP', '{\r\n  \"menuId\" : [ \"2008\" ],\r\n  \"parentId\" : [ \"2005\" ],\r\n  \"menuType\" : [ \"C\" ],\r\n  \"menuName\" : [ \"我的已办\" ],\r\n  \"url\" : [ \"/leave/leaveDone\" ],\r\n  \"target\" : [ \"menuItem\" ],\r\n  \"perms\" : [ \"\" ],\r\n  \"orderNum\" : [ \"3\" ],\r\n  \"icon\" : [ \"#\" ],\r\n  \"visible\" : [ \"0\" ]\r\n}', '{\r\n  \"msg\" : \"操作成功\",\r\n  \"code\" : 0\r\n}', '0', null, '2020-02-28 21:50:58');
INSERT INTO `sys_oper_log` VALUES ('137', '请假业务', '1', 'com.ruoyi.activiti.controller.BizLeaveController.addSave()', 'POST', '1', 'admin', '研发部门', '/leave/add', '127.0.0.1', '内网IP', '{\r\n  \"type\" : [ \"1\" ],\r\n  \"title\" : [ \"我想请假\" ],\r\n  \"reason\" : [ \"想请就请\" ],\r\n  \"startTime\" : [ \"2020-02-29 20:30\" ],\r\n  \"endTime\" : [ \"2020-02-29 22:00\" ],\r\n  \"totalTime\" : [ \"5400\" ],\r\n  \"totalTimeText\" : [ \"0 天 1 时 30 分 0 秒\" ]\r\n}', '{\r\n  \"msg\" : \"提交申请失败：不允许管理员提交申请！\",\r\n  \"code\" : 500\r\n}', '0', null, '2020-02-29 20:24:07');
INSERT INTO `sys_oper_log` VALUES ('138', '请假业务', '1', 'com.ruoyi.activiti.controller.BizLeaveController.addSave()', 'POST', '1', 'chengxy', '测试部门', '/leave/add', '127.0.0.1', '内网IP', '{\r\n  \"type\" : [ \"1\" ],\r\n  \"title\" : [ \"我想请假\" ],\r\n  \"reason\" : [ \"想请就请\" ],\r\n  \"startTime\" : [ \"2020-02-29 20:30\" ],\r\n  \"endTime\" : [ \"2020-02-29 22:00\" ],\r\n  \"totalTime\" : [ \"5400\" ],\r\n  \"totalTimeText\" : [ \"0 天 1 时 30 分 0 秒\" ]\r\n}', '{\r\n  \"msg\" : \"操作成功\",\r\n  \"code\" : 0\r\n}', '0', null, '2020-02-29 20:24:49');
INSERT INTO `sys_oper_log` VALUES ('139', '请假业务', '2', 'com.ruoyi.activiti.controller.BizLeaveController.submitApply()', 'POST', '1', 'chengxy', '测试部门', '/leave/submitApply', '127.0.0.1', '内网IP', '{\r\n  \"id\" : [ \"21\" ]\r\n}', '{\r\n  \"msg\" : \"操作成功\",\r\n  \"code\" : 0\r\n}', '0', null, '2020-02-29 20:24:53');
INSERT INTO `sys_oper_log` VALUES ('140', '请假业务', '1', 'com.ruoyi.activiti.controller.BizLeaveController.addSave()', 'POST', '1', 'chengxy', '测试部门', '/leave/add', '127.0.0.1', '内网IP', '{\r\n  \"type\" : [ \"1\" ],\r\n  \"title\" : [ \"我想请假\" ],\r\n  \"reason\" : [ \"又想请假了\" ],\r\n  \"startTime\" : [ \"2020-02-29 20:55\" ],\r\n  \"endTime\" : [ \"2020-02-29 22:00\" ],\r\n  \"totalTime\" : [ \"3900\" ],\r\n  \"totalTimeText\" : [ \"0 天 1 时 5 分 0 秒\" ]\r\n}', '{\r\n  \"msg\" : \"操作成功\",\r\n  \"code\" : 0\r\n}', '0', null, '2020-02-29 20:33:36');
INSERT INTO `sys_oper_log` VALUES ('141', '请假业务', '2', 'com.ruoyi.activiti.controller.BizLeaveController.submitApply()', 'POST', '1', 'chengxy', '测试部门', '/leave/submitApply', '127.0.0.1', '内网IP', '{\r\n  \"id\" : [ \"22\" ]\r\n}', '{\r\n  \"msg\" : \"操作成功\",\r\n  \"code\" : 0\r\n}', '0', null, '2020-02-29 20:33:39');
INSERT INTO `sys_oper_log` VALUES ('142', '角色管理', '2', 'com.ruoyi.web.controller.system.SysRoleController.editSave()', 'POST', '1', 'admin', '研发部门', '/system/role/edit', '127.0.0.1', '内网IP', '{\r\n  \"roleId\" : [ \"102\" ],\r\n  \"roleName\" : [ \"流程角色\" ],\r\n  \"roleKey\" : [ \"processRole\" ],\r\n  \"roleSort\" : [ \"5\" ],\r\n  \"status\" : [ \"0\" ],\r\n  \"remark\" : [ \"\" ],\r\n  \"menuIds\" : [ \"2005,2006,2007,2008,2017,2024,2018,2019,2020,2021,2022,2023,2025,2026,2027,2028,2029,2030,2031,2032,2033,2034,2035,2036,2037,2038,2045,2039,2040,2044,2046,2047,2048\" ]\r\n}', '{\r\n  \"msg\" : \"操作成功\",\r\n  \"code\" : 0\r\n}', '0', null, '2020-03-08 20:03:34');
INSERT INTO `sys_oper_log` VALUES ('143', '流程模型', '3', 'com.ruoyi.process.modeler.controller.ModelEditorJsonRestResource.remove()', 'POST', '1', 'admin', '研发部门', '/process/modeler/remove', '127.0.0.1', '内网IP', '{\r\n  \"ids\" : [ \"60001\" ]\r\n}', '{\r\n  \"msg\" : \"操作成功\",\r\n  \"code\" : 0\r\n}', '0', null, '2020-03-11 23:24:10');
INSERT INTO `sys_oper_log` VALUES ('144', '流程模型', '3', 'com.ruoyi.process.modeler.controller.ModelEditorJsonRestResource.remove()', 'POST', '1', 'admin', '研发部门', '/process/modeler/remove', '127.0.0.1', '内网IP', '{\r\n  \"ids\" : [ \"60003\" ]\r\n}', '{\r\n  \"msg\" : \"操作成功\",\r\n  \"code\" : 0\r\n}', '0', null, '2020-03-11 23:24:12');
INSERT INTO `sys_oper_log` VALUES ('145', '流程模型', '3', 'com.ruoyi.process.modeler.controller.ModelEditorJsonRestResource.remove()', 'POST', '1', 'admin', '研发部门', '/process/modeler/remove', '127.0.0.1', '内网IP', '{\r\n  \"ids\" : [ \"60005\" ]\r\n}', '{\r\n  \"msg\" : \"操作成功\",\r\n  \"code\" : 0\r\n}', '0', null, '2020-03-11 23:24:15');
INSERT INTO `sys_oper_log` VALUES ('146', '菜单管理', '2', 'com.ruoyi.web.controller.system.SysMenuController.editSave()', 'POST', '1', 'admin', '研发部门', '/system/menu/edit', '127.0.0.1', '内网IP', '{\r\n  \"menuId\" : [ \"2\" ],\r\n  \"parentId\" : [ \"0\" ],\r\n  \"menuType\" : [ \"M\" ],\r\n  \"menuName\" : [ \"系统监控\" ],\r\n  \"url\" : [ \"#\" ],\r\n  \"target\" : [ \"menuItem\" ],\r\n  \"perms\" : [ \"\" ],\r\n  \"orderNum\" : [ \"6\" ],\r\n  \"icon\" : [ \"fa fa-video-camera\" ],\r\n  \"visible\" : [ \"0\" ]\r\n}', '{\r\n  \"msg\" : \"操作成功\",\r\n  \"code\" : 0\r\n}', '0', null, '2020-03-11 23:29:19');
INSERT INTO `sys_oper_log` VALUES ('147', '菜单管理', '2', 'com.ruoyi.web.controller.system.SysMenuController.editSave()', 'POST', '1', 'admin', '研发部门', '/system/menu/edit', '127.0.0.1', '内网IP', '{\r\n  \"menuId\" : [ \"2000\" ],\r\n  \"parentId\" : [ \"0\" ],\r\n  \"menuType\" : [ \"M\" ],\r\n  \"menuName\" : [ \"流程菜单\" ],\r\n  \"url\" : [ \"#\" ],\r\n  \"target\" : [ \"menuItem\" ],\r\n  \"perms\" : [ \"\" ],\r\n  \"orderNum\" : [ \"2\" ],\r\n  \"icon\" : [ \"fa fa-gears\" ],\r\n  \"visible\" : [ \"0\" ]\r\n}', '{\r\n  \"msg\" : \"操作成功\",\r\n  \"code\" : 0\r\n}', '0', null, '2020-03-11 23:29:40');
INSERT INTO `sys_oper_log` VALUES ('148', '菜单管理', '2', 'com.ruoyi.web.controller.system.SysMenuController.editSave()', 'POST', '1', 'admin', '研发部门', '/system/menu/edit', '127.0.0.1', '内网IP', '{\r\n  \"menuId\" : [ \"3\" ],\r\n  \"parentId\" : [ \"0\" ],\r\n  \"menuType\" : [ \"M\" ],\r\n  \"menuName\" : [ \"系统工具\" ],\r\n  \"url\" : [ \"#\" ],\r\n  \"target\" : [ \"menuItem\" ],\r\n  \"perms\" : [ \"\" ],\r\n  \"orderNum\" : [ \"7\" ],\r\n  \"icon\" : [ \"fa fa-bars\" ],\r\n  \"visible\" : [ \"0\" ]\r\n}', '{\r\n  \"msg\" : \"操作成功\",\r\n  \"code\" : 0\r\n}', '0', null, '2020-03-11 23:30:20');
INSERT INTO `sys_oper_log` VALUES ('149', '菜单管理', '2', 'com.ruoyi.web.controller.system.SysMenuController.editSave()', 'POST', '1', 'admin', '研发部门', '/system/menu/edit', '127.0.0.1', '内网IP', '{\r\n  \"menuId\" : [ \"2\" ],\r\n  \"parentId\" : [ \"0\" ],\r\n  \"menuType\" : [ \"M\" ],\r\n  \"menuName\" : [ \"系统监控\" ],\r\n  \"url\" : [ \"#\" ],\r\n  \"target\" : [ \"menuItem\" ],\r\n  \"perms\" : [ \"\" ],\r\n  \"orderNum\" : [ \"3\" ],\r\n  \"icon\" : [ \"fa fa-video-camera\" ],\r\n  \"visible\" : [ \"0\" ]\r\n}', '{\r\n  \"msg\" : \"操作成功\",\r\n  \"code\" : 0\r\n}', '0', null, '2020-03-11 23:31:25');
INSERT INTO `sys_oper_log` VALUES ('150', '菜单管理', '2', 'com.ruoyi.web.controller.system.SysMenuController.editSave()', 'POST', '1', 'admin', '研发部门', '/system/menu/edit', '127.0.0.1', '内网IP', '{\r\n  \"menuId\" : [ \"3\" ],\r\n  \"parentId\" : [ \"0\" ],\r\n  \"menuType\" : [ \"M\" ],\r\n  \"menuName\" : [ \"系统工具\" ],\r\n  \"url\" : [ \"#\" ],\r\n  \"target\" : [ \"menuItem\" ],\r\n  \"perms\" : [ \"\" ],\r\n  \"orderNum\" : [ \"4\" ],\r\n  \"icon\" : [ \"fa fa-bars\" ],\r\n  \"visible\" : [ \"0\" ]\r\n}', '{\r\n  \"msg\" : \"操作成功\",\r\n  \"code\" : 0\r\n}', '0', null, '2020-03-11 23:31:43');
INSERT INTO `sys_oper_log` VALUES ('151', '角色管理', '2', 'com.ruoyi.web.controller.system.SysRoleController.editSave()', 'POST', '1', 'admin', '研发部门', '/system/role/edit', '127.0.0.1', '内网IP', '{\r\n  \"roleId\" : [ \"1\" ],\r\n  \"roleName\" : [ \"管理员\" ],\r\n  \"roleKey\" : [ \"admin\" ],\r\n  \"roleSort\" : [ \"1\" ],\r\n  \"status\" : [ \"0\" ],\r\n  \"remark\" : [ \"管理员\" ],\r\n  \"menuIds\" : [ \"1,100,1000,1001,1002,1003,1004,1005,1006,101,1007,1008,1009,1010,1011,102,1012,1013,1014,1015,103,1016,1017,1018,1019,104,1020,1021,1022,1023,1024,105,1025,1026,1027,1028,1029,106,1030,1031,1032,1033,1034,107,1035,1036,1037,1038,108,500,1039,1040,1041,1042,501,1043,1044,1045,2000,2049,2001,2002,2005,2006,2007,2008,2009,2010,2011,2012,2013,2014,2015,2016,2,109,1046,1047,1048,110,1049,1050,1051,1052,1053,1054,1055,111,112,3,113,114,1056,1057,1058,1059,1060,115,2017,2024,2018,2019,2020,2021,2022,2023,2025,2026,2027,2028,2029,2030,2031,2032,2033,2034,2035,2036,2037,2038,2045,2039,2040,2044,2046,2047,2048\" ]\r\n}', '{\r\n  \"msg\" : \"操作成功\",\r\n  \"code\" : 0\r\n}', '0', null, '2020-03-11 23:33:06');
INSERT INTO `sys_oper_log` VALUES ('152', '角色管理', '2', 'com.ruoyi.web.controller.system.SysRoleController.editSave()', 'POST', '1', 'admin', '研发部门', '/system/role/edit', '127.0.0.1', '内网IP', '{\r\n  \"roleId\" : [ \"2\" ],\r\n  \"roleName\" : [ \"普通角色\" ],\r\n  \"roleKey\" : [ \"common\" ],\r\n  \"roleSort\" : [ \"2\" ],\r\n  \"status\" : [ \"0\" ],\r\n  \"remark\" : [ \"普通角色\" ],\r\n  \"menuIds\" : [ \"2017,2024,2018,2019,2020,2021,2022,2023,2025,2026,2027,2028,2029,2030,2031,2032,2033,2034,2035,2036,2037,2038,2045,2039,2040,2044,2046,2047,2048\" ]\r\n}', '{\r\n  \"msg\" : \"操作成功\",\r\n  \"code\" : 0\r\n}', '0', null, '2020-03-11 23:33:22');
INSERT INTO `sys_oper_log` VALUES ('153', '角色管理', '2', 'com.ruoyi.web.controller.system.SysRoleController.editSave()', 'POST', '1', 'admin', '研发部门', '/system/role/edit', '127.0.0.1', '内网IP', '{\r\n  \"roleId\" : [ \"2\" ],\r\n  \"roleName\" : [ \"普通角色\" ],\r\n  \"roleKey\" : [ \"common\" ],\r\n  \"roleSort\" : [ \"2\" ],\r\n  \"status\" : [ \"0\" ],\r\n  \"remark\" : [ \"普通角色\" ],\r\n  \"menuIds\" : [ \"1,100,1000,1001,1002,1003,1004,1005,1006,101,1007,1008,1009,1010,1011,102,1012,1013,1014,1015,103,1016,1017,1018,1019,104,1020,1021,1022,1023,1024,105,1025,1026,1027,1028,1029,106,1030,1031,1032,1033,1034,107,1035,1036,1037,1038,108,500,1039,1040,1041,1042,501,1043,1044,1045,2,109,1046,1047,1048,110,1049,1050,1051,1052,1053,1054,1055,111,112,2017,2024,2018,2019,2020,2021,2022,2023,2025,2026,2027,2028,2029,2030,2031,2032,2033,2034,2035,2036,2037,2038,2045,2039,2040,2044,2046,2047,2048\" ]\r\n}', '{\r\n  \"msg\" : \"操作成功\",\r\n  \"code\" : 0\r\n}', '0', null, '2020-03-12 19:08:01');
INSERT INTO `sys_oper_log` VALUES ('154', '角色管理', '4', 'com.ruoyi.web.controller.system.SysRoleController.selectAuthUserAll()', 'POST', '1', 'admin', '研发部门', '/system/role/authUser/selectAll', '127.0.0.1', '内网IP', '{\r\n  \"roleId\" : [ \"100\" ],\r\n  \"userIds\" : [ \"2,1,100,102\" ]\r\n}', '{\r\n  \"msg\" : \"操作成功\",\r\n  \"code\" : 0\r\n}', '0', null, '2020-03-12 19:08:51');
INSERT INTO `sys_oper_log` VALUES ('155', '角色管理', '5', 'com.ruoyi.web.controller.system.SysRoleController.export()', 'POST', '1', 'admin', '研发部门', '/system/role/export', '127.0.0.1', '内网IP', '{\r\n  \"roleName\" : [ \"\" ],\r\n  \"roleKey\" : [ \"\" ],\r\n  \"status\" : [ \"\" ],\r\n  \"params[beginTime]\" : [ \"\" ],\r\n  \"params[endTime]\" : [ \"\" ],\r\n  \"orderByColumn\" : [ \"roleSort\" ],\r\n  \"isAsc\" : [ \"asc\" ]\r\n}', '{\r\n  \"msg\" : \"74ef06d1-bcdf-4ba6-bac7-2371f7bdada8_角色数据.xlsx\",\r\n  \"code\" : 0\r\n}', '0', null, '2020-03-12 19:09:06');
INSERT INTO `sys_oper_log` VALUES ('156', '流程模型', '3', 'com.ruoyi.process.modeler.controller.ModelEditorJsonRestResource.remove()', 'POST', '1', 'admin', '研发部门', '/process/modeler/remove', '127.0.0.1', '内网IP', '{\r\n  \"ids\" : [ \"40006\" ]\r\n}', '{\r\n  \"msg\" : \"操作成功\",\r\n  \"code\" : 0\r\n}', '0', null, '2020-03-12 19:37:57');
INSERT INTO `sys_oper_log` VALUES ('157', '流程定义', '3', 'com.ruoyi.process.definition.controller.ProcessDefinitionController.remove()', 'POST', '1', 'admin', '研发部门', '/process/definition/remove', '127.0.0.1', '内网IP', '{\r\n  \"ids\" : [ \"47501\" ]\r\n}', '{\r\n  \"msg\" : \"操作成功\",\r\n  \"code\" : 0\r\n}', '0', null, '2020-03-12 19:38:05');
INSERT INTO `sys_oper_log` VALUES ('158', '流程定义', '3', 'com.ruoyi.process.definition.controller.ProcessDefinitionController.remove()', 'POST', '1', 'admin', '研发部门', '/process/definition/remove', '127.0.0.1', '内网IP', '{\r\n  \"ids\" : [ \"47505\" ]\r\n}', '{\r\n  \"msg\" : \"操作成功\",\r\n  \"code\" : 0\r\n}', '0', null, '2020-03-12 19:38:08');
INSERT INTO `sys_oper_log` VALUES ('159', '流程定义', '3', 'com.ruoyi.process.definition.controller.ProcessDefinitionController.remove()', 'POST', '1', 'admin', '研发部门', '/process/definition/remove', '127.0.0.1', '内网IP', '{\r\n  \"ids\" : [ \"55001\" ]\r\n}', '{\r\n  \"msg\" : \"操作成功\",\r\n  \"code\" : 0\r\n}', '0', null, '2020-03-12 19:38:11');
INSERT INTO `sys_oper_log` VALUES ('160', '流程用户', '3', 'com.ruoyi.process.user.controller.ActIdUserController.remove()', 'POST', '1', 'admin', '研发部门', '/process/user/remove', '127.0.0.1', '内网IP', '{\r\n  \"ids\" : [ \"ry\" ]\r\n}', 'null', '1', '\r\n### Error updating database.  Cause: java.sql.SQLIntegrityConstraintViolationException: Cannot delete or update a parent row: a foreign key constraint fails (`ry2`.`act_id_membership`, CONSTRAINT `ACT_FK_MEMB_USER` FOREIGN KEY (`USER_ID_`) REFERENCES `act_id_user` (`ID_`))\r\n### The error may involve com.ruoyi.process.user.mapper.ActIdUserMapper.deleteActIdUserByIds-Inline\r\n### The error occurred while setting parameters\r\n### SQL: delete from act_id_user where ID_ in          (               ?          )\r\n### Cause: java.sql.SQLIntegrityConstraintViolationException: Cannot delete or update a parent row: a foreign key constraint fails (`ry2`.`act_id_membership`, CONSTRAINT `ACT_FK_MEMB_USER` FOREIGN KEY (`USER_ID_`) REFERENCES `act_id_user` (`ID_`))\n; Cannot delete or update a parent row: a foreign key constraint fails (`ry2`.`act_id_membership`, CONSTRAINT `ACT_FK_MEMB_USER` FOREIGN KEY (`USER_ID_`) REFERENCES `act_id_user` (`ID_`)); nested exception is java.sql.SQLIntegrityConstraintViolationException: Cannot delete or update a parent row: a foreign key constraint fails (`ry2`.`act_id_membership`, CONSTRAINT `ACT_FK_MEMB_USER` FOREIGN KEY (`USER_ID_`) REFERENCES `act_id_user` (`ID_`))', '2020-03-12 19:38:21');
INSERT INTO `sys_oper_log` VALUES ('161', '流程用户', '3', 'com.ruoyi.process.user.controller.ActIdUserController.remove()', 'POST', '1', 'admin', '研发部门', '/process/user/remove', '127.0.0.1', '内网IP', '{\r\n  \"ids\" : [ \"rensm\" ]\r\n}', 'null', '1', '\r\n### Error updating database.  Cause: java.sql.SQLIntegrityConstraintViolationException: Cannot delete or update a parent row: a foreign key constraint fails (`ry2`.`act_id_membership`, CONSTRAINT `ACT_FK_MEMB_USER` FOREIGN KEY (`USER_ID_`) REFERENCES `act_id_user` (`ID_`))\r\n### The error may involve com.ruoyi.process.user.mapper.ActIdUserMapper.deleteActIdUserByIds-Inline\r\n### The error occurred while setting parameters\r\n### SQL: delete from act_id_user where ID_ in          (               ?          )\r\n### Cause: java.sql.SQLIntegrityConstraintViolationException: Cannot delete or update a parent row: a foreign key constraint fails (`ry2`.`act_id_membership`, CONSTRAINT `ACT_FK_MEMB_USER` FOREIGN KEY (`USER_ID_`) REFERENCES `act_id_user` (`ID_`))\n; Cannot delete or update a parent row: a foreign key constraint fails (`ry2`.`act_id_membership`, CONSTRAINT `ACT_FK_MEMB_USER` FOREIGN KEY (`USER_ID_`) REFERENCES `act_id_user` (`ID_`)); nested exception is java.sql.SQLIntegrityConstraintViolationException: Cannot delete or update a parent row: a foreign key constraint fails (`ry2`.`act_id_membership`, CONSTRAINT `ACT_FK_MEMB_USER` FOREIGN KEY (`USER_ID_`) REFERENCES `act_id_user` (`ID_`))', '2020-03-12 19:38:29');
INSERT INTO `sys_oper_log` VALUES ('162', '请假业务', '1', 'com.ruoyi.process.leave.controller.BizLeaveController.addSave()', 'POST', '1', 'admin', '研发部门', '/process/leave/add', '127.0.0.1', '内网IP', '{\r\n  \"type\" : [ \"1\" ],\r\n  \"title\" : [ \" d\" ],\r\n  \"reason\" : [ \"d\" ],\r\n  \"startTime\" : [ \"2020-03-27 07:55\" ],\r\n  \"endTime\" : [ \"2020-03-28 09:45\" ],\r\n  \"totalTime\" : [ \"\" ],\r\n  \"totalTimeText\" : [ \"\" ]\r\n}', '{\r\n  \"msg\" : \"提交申请失败：不允许管理员提交申请！\",\r\n  \"code\" : 500\r\n}', '0', null, '2020-03-12 19:55:40');
INSERT INTO `sys_oper_log` VALUES ('163', '流程定义', '1', 'com.ruoyi.process.definition.controller.ProcessDefinitionController.upload()', 'POST', '1', 'admin', '研发部门', '/process/definition/upload', '127.0.0.1', '内网IP', '{ }', '{\r\n  \"msg\" : \"filename : [QJLC.bpmn], extension : [bpmn], allowed extension : [[bmp, gif, jpg, jpeg, png, doc, docx, xls, xlsx, ppt, pptx, html, htm, txt, rar, zip, gz, bz2, pdf]]\",\r\n  \"code\" : 500\r\n}', '0', null, '2020-03-12 21:03:45');
INSERT INTO `sys_oper_log` VALUES ('164', '流程定义', '1', 'com.ruoyi.process.definition.controller.ProcessDefinitionController.upload()', 'POST', '1', 'admin', '研发部门', '/process/definition/upload', '127.0.0.1', '内网IP', '{ }', '{\r\n  \"msg\" : \"操作成功\",\r\n  \"code\" : 0\r\n}', '0', null, '2020-03-12 21:04:16');
INSERT INTO `sys_oper_log` VALUES ('165', '流程定义', '3', 'com.ruoyi.process.definition.controller.ProcessDefinitionController.remove()', 'POST', '1', 'admin', '研发部门', '/process/definition/remove', '127.0.0.1', '内网IP', '{\r\n  \"ids\" : [ \"62504\" ]\r\n}', '{\r\n  \"msg\" : \"操作成功\",\r\n  \"code\" : 0\r\n}', '0', null, '2020-03-12 21:04:47');
INSERT INTO `sys_oper_log` VALUES ('166', '流程定义', '1', 'com.ruoyi.process.definition.controller.ProcessDefinitionController.upload()', 'POST', '1', 'admin', '研发部门', '/process/definition/upload', '127.0.0.1', '内网IP', '{ }', '{\r\n  \"msg\" : \"filename : [ZHZDPG.bpmn], extension : [bpmn], allowed extension : [[bmp, gif, jpg, jpeg, png, doc, docx, xls, xlsx, ppt, pptx, html, htm, txt, rar, zip, gz, bz2, pdf]]\",\r\n  \"code\" : 500\r\n}', '0', null, '2020-03-12 22:18:07');
INSERT INTO `sys_oper_log` VALUES ('167', '流程定义', '3', 'com.ruoyi.process.definition.controller.ProcessDefinitionController.remove()', 'POST', '1', 'admin', '研发部门', '/process/definition/remove', '127.0.0.1', '内网IP', '{\r\n  \"ids\" : [ \"65001\" ]\r\n}', '{\r\n  \"msg\" : \"操作成功\",\r\n  \"code\" : 0\r\n}', '0', null, '2020-03-12 23:19:56');
INSERT INTO `sys_oper_log` VALUES ('168', '流程定义', '3', 'com.ruoyi.process.definition.controller.ProcessDefinitionController.remove()', 'POST', '1', 'admin', '研发部门', '/process/definition/remove', '127.0.0.1', '内网IP', '{\r\n  \"ids\" : [ \"67501\" ]\r\n}', '{\r\n  \"msg\" : \"操作成功\",\r\n  \"code\" : 0\r\n}', '0', null, '2020-03-13 23:41:53');
INSERT INTO `sys_oper_log` VALUES ('169', '流程定义', '5', 'com.ruoyi.process.definition.controller.ProcessDefinitionController.export()', 'POST', '1', 'admin', '研发部门', '/process/definition/export', '127.0.0.1', '内网IP', '{\r\n  \"key\" : [ \"\" ],\r\n  \"name\" : [ \"\" ],\r\n  \"category\" : [ \"\" ],\r\n  \"orderByColumn\" : [ \"\" ],\r\n  \"isAsc\" : [ \"asc\" ]\r\n}', '{\r\n  \"msg\" : \"1fd11bde-a68f-4e2d-b7ff-948a14b41e09_流程定义数据.xlsx\",\r\n  \"code\" : 0\r\n}', '0', null, '2020-03-13 23:42:42');
INSERT INTO `sys_oper_log` VALUES ('170', '流程用户', '3', 'com.ruoyi.process.user.controller.ActIdUserController.remove()', 'POST', '1', 'admin', '研发部门', '/process/user/remove', '127.0.0.1', '内网IP', '{\r\n  \"ids\" : [ \"ry\" ]\r\n}', 'null', '1', '\r\n### Error updating database.  Cause: java.sql.SQLIntegrityConstraintViolationException: Cannot delete or update a parent row: a foreign key constraint fails (`ry2`.`act_id_membership`, CONSTRAINT `ACT_FK_MEMB_USER` FOREIGN KEY (`USER_ID_`) REFERENCES `act_id_user` (`ID_`))\r\n### The error may involve com.ruoyi.process.user.mapper.ActIdUserMapper.deleteActIdUserByIds-Inline\r\n### The error occurred while setting parameters\r\n### SQL: delete from act_id_user where ID_ in          (               ?          )\r\n### Cause: java.sql.SQLIntegrityConstraintViolationException: Cannot delete or update a parent row: a foreign key constraint fails (`ry2`.`act_id_membership`, CONSTRAINT `ACT_FK_MEMB_USER` FOREIGN KEY (`USER_ID_`) REFERENCES `act_id_user` (`ID_`))\n; Cannot delete or update a parent row: a foreign key constraint fails (`ry2`.`act_id_membership`, CONSTRAINT `ACT_FK_MEMB_USER` FOREIGN KEY (`USER_ID_`) REFERENCES `act_id_user` (`ID_`)); nested exception is java.sql.SQLIntegrityConstraintViolationException: Cannot delete or update a parent row: a foreign key constraint fails (`ry2`.`act_id_membership`, CONSTRAINT `ACT_FK_MEMB_USER` FOREIGN KEY (`USER_ID_`) REFERENCES `act_id_user` (`ID_`))', '2020-03-14 13:10:43');
INSERT INTO `sys_oper_log` VALUES ('171', '流程用户', '3', 'com.ruoyi.process.user.controller.ActIdUserController.remove()', 'POST', '1', 'admin', '研发部门', '/process/user/remove', '127.0.0.1', '内网IP', '{\r\n  \"ids\" : [ \"rensm\" ]\r\n}', 'null', '1', '\r\n### Error updating database.  Cause: java.sql.SQLIntegrityConstraintViolationException: Cannot delete or update a parent row: a foreign key constraint fails (`ry2`.`act_id_membership`, CONSTRAINT `ACT_FK_MEMB_USER` FOREIGN KEY (`USER_ID_`) REFERENCES `act_id_user` (`ID_`))\r\n### The error may involve com.ruoyi.process.user.mapper.ActIdUserMapper.deleteActIdUserByIds-Inline\r\n### The error occurred while setting parameters\r\n### SQL: delete from act_id_user where ID_ in          (               ?          )\r\n### Cause: java.sql.SQLIntegrityConstraintViolationException: Cannot delete or update a parent row: a foreign key constraint fails (`ry2`.`act_id_membership`, CONSTRAINT `ACT_FK_MEMB_USER` FOREIGN KEY (`USER_ID_`) REFERENCES `act_id_user` (`ID_`))\n; Cannot delete or update a parent row: a foreign key constraint fails (`ry2`.`act_id_membership`, CONSTRAINT `ACT_FK_MEMB_USER` FOREIGN KEY (`USER_ID_`) REFERENCES `act_id_user` (`ID_`)); nested exception is java.sql.SQLIntegrityConstraintViolationException: Cannot delete or update a parent row: a foreign key constraint fails (`ry2`.`act_id_membership`, CONSTRAINT `ACT_FK_MEMB_USER` FOREIGN KEY (`USER_ID_`) REFERENCES `act_id_user` (`ID_`))', '2020-03-14 13:10:50');
INSERT INTO `sys_oper_log` VALUES ('172', '流程用户', '3', 'com.ruoyi.process.user.controller.ActIdUserController.remove()', 'POST', '1', 'admin', '研发部门', '/process/user/remove', '127.0.0.1', '内网IP', '{\r\n  \"ids\" : [ \"axianlu\" ]\r\n}', 'null', '1', '\r\n### Error updating database.  Cause: java.sql.SQLIntegrityConstraintViolationException: Cannot delete or update a parent row: a foreign key constraint fails (`ry2`.`act_id_membership`, CONSTRAINT `ACT_FK_MEMB_USER` FOREIGN KEY (`USER_ID_`) REFERENCES `act_id_user` (`ID_`))\r\n### The error may involve com.ruoyi.process.user.mapper.ActIdUserMapper.deleteActIdUserByIds-Inline\r\n### The error occurred while setting parameters\r\n### SQL: delete from act_id_user where ID_ in          (               ?          )\r\n### Cause: java.sql.SQLIntegrityConstraintViolationException: Cannot delete or update a parent row: a foreign key constraint fails (`ry2`.`act_id_membership`, CONSTRAINT `ACT_FK_MEMB_USER` FOREIGN KEY (`USER_ID_`) REFERENCES `act_id_user` (`ID_`))\n; Cannot delete or update a parent row: a foreign key constraint fails (`ry2`.`act_id_membership`, CONSTRAINT `ACT_FK_MEMB_USER` FOREIGN KEY (`USER_ID_`) REFERENCES `act_id_user` (`ID_`)); nested exception is java.sql.SQLIntegrityConstraintViolationException: Cannot delete or update a parent row: a foreign key constraint fails (`ry2`.`act_id_membership`, CONSTRAINT `ACT_FK_MEMB_USER` FOREIGN KEY (`USER_ID_`) REFERENCES `act_id_user` (`ID_`))', '2020-03-14 13:11:02');
INSERT INTO `sys_oper_log` VALUES ('173', '流程用户组', '3', 'com.ruoyi.process.group.controller.ActIdGroupController.remove()', 'POST', '1', 'admin', '研发部门', '/process/group/remove', '127.0.0.1', '内网IP', '{\r\n  \"ids\" : [ \"hr\" ]\r\n}', 'null', '1', '\r\n### Error updating database.  Cause: java.sql.SQLIntegrityConstraintViolationException: Cannot delete or update a parent row: a foreign key constraint fails (`ry2`.`act_id_membership`, CONSTRAINT `ACT_FK_MEMB_GROUP` FOREIGN KEY (`GROUP_ID_`) REFERENCES `act_id_group` (`ID_`))\r\n### The error may involve com.ruoyi.process.group.mapper.ActIdGroupMapper.deleteActIdGroupByIds-Inline\r\n### The error occurred while setting parameters\r\n### SQL: delete from act_id_group where ID_ in          (               ?          )\r\n### Cause: java.sql.SQLIntegrityConstraintViolationException: Cannot delete or update a parent row: a foreign key constraint fails (`ry2`.`act_id_membership`, CONSTRAINT `ACT_FK_MEMB_GROUP` FOREIGN KEY (`GROUP_ID_`) REFERENCES `act_id_group` (`ID_`))\n; Cannot delete or update a parent row: a foreign key constraint fails (`ry2`.`act_id_membership`, CONSTRAINT `ACT_FK_MEMB_GROUP` FOREIGN KEY (`GROUP_ID_`) REFERENCES `act_id_group` (`ID_`)); nested exception is java.sql.SQLIntegrityConstraintViolationException: Cannot delete or update a parent row: a foreign key constraint fails (`ry2`.`act_id_membership`, CONSTRAINT `ACT_FK_MEMB_GROUP` FOREIGN KEY (`GROUP_ID_`) REFERENCES `act_id_group` (`ID_`))', '2020-03-14 13:11:08');
INSERT INTO `sys_oper_log` VALUES ('174', '流程定义', '3', 'com.ruoyi.process.definition.controller.ProcessDefinitionController.remove()', 'POST', '1', 'admin', '研发部门', '/process/definition/remove', '127.0.0.1', '内网IP', '{\r\n  \"ids\" : [ \"70001\" ]\r\n}', '{\r\n  \"msg\" : \"操作成功\",\r\n  \"code\" : 0\r\n}', '0', null, '2020-03-14 13:33:27');
INSERT INTO `sys_oper_log` VALUES ('175', '菜单管理', '1', 'com.ruoyi.web.controller.system.SysMenuController.addSave()', 'POST', '1', 'admin', '研发部门', '/system/menu/add', '127.0.0.1', '内网IP', '{\r\n  \"parentId\" : [ \"2002\" ],\r\n  \"menuType\" : [ \"F\" ],\r\n  \"menuName\" : [ \"创建新模型\" ],\r\n  \"url\" : [ \"\" ],\r\n  \"target\" : [ \"menuItem\" ],\r\n  \"perms\" : [ \"process:definition:upload\" ],\r\n  \"orderNum\" : [ \"1\" ],\r\n  \"icon\" : [ \"\" ],\r\n  \"visible\" : [ \"0\" ]\r\n}', '{\r\n  \"msg\" : \"操作成功\",\r\n  \"code\" : 0\r\n}', '0', null, '2020-03-14 20:44:36');
INSERT INTO `sys_oper_log` VALUES ('176', '菜单管理', '1', 'com.ruoyi.web.controller.system.SysMenuController.addSave()', 'POST', '1', 'admin', '研发部门', '/system/menu/add', '127.0.0.1', '内网IP', '{\r\n  \"parentId\" : [ \"2002\" ],\r\n  \"menuType\" : [ \"F\" ],\r\n  \"menuName\" : [ \"流程删除\" ],\r\n  \"url\" : [ \"\" ],\r\n  \"target\" : [ \"menuItem\" ],\r\n  \"perms\" : [ \"process:definition:remove\" ],\r\n  \"orderNum\" : [ \"2\" ],\r\n  \"icon\" : [ \"\" ],\r\n  \"visible\" : [ \"0\" ]\r\n}', '{\r\n  \"msg\" : \"操作成功\",\r\n  \"code\" : 0\r\n}', '0', null, '2020-03-14 20:46:20');
INSERT INTO `sys_oper_log` VALUES ('177', '菜单管理', '1', 'com.ruoyi.web.controller.system.SysMenuController.addSave()', 'POST', '1', 'admin', '研发部门', '/system/menu/add', '127.0.0.1', '内网IP', '{\r\n  \"parentId\" : [ \"2002\" ],\r\n  \"menuType\" : [ \"F\" ],\r\n  \"menuName\" : [ \"流程导出\" ],\r\n  \"url\" : [ \"\" ],\r\n  \"target\" : [ \"menuItem\" ],\r\n  \"perms\" : [ \"process:definition:export\" ],\r\n  \"orderNum\" : [ \"3\" ],\r\n  \"icon\" : [ \"\" ],\r\n  \"visible\" : [ \"0\" ]\r\n}', '{\r\n  \"msg\" : \"操作成功\",\r\n  \"code\" : 0\r\n}', '0', null, '2020-03-14 20:47:27');
INSERT INTO `sys_oper_log` VALUES ('178', '菜单管理', '1', 'com.ruoyi.web.controller.system.SysMenuController.addSave()', 'POST', '1', 'admin', '研发部门', '/system/menu/add', '127.0.0.1', '内网IP', '{\r\n  \"parentId\" : [ \"2002\" ],\r\n  \"menuType\" : [ \"F\" ],\r\n  \"menuName\" : [ \"流程挂起/激活\" ],\r\n  \"url\" : [ \"\" ],\r\n  \"target\" : [ \"menuItem\" ],\r\n  \"perms\" : [ \"process:definition:processup\" ],\r\n  \"orderNum\" : [ \"4\" ],\r\n  \"icon\" : [ \"\" ],\r\n  \"visible\" : [ \"0\" ]\r\n}', '{\r\n  \"msg\" : \"操作成功\",\r\n  \"code\" : 0\r\n}', '0', null, '2020-03-14 20:48:33');
INSERT INTO `sys_oper_log` VALUES ('179', '用户管理', '2', 'com.ruoyi.web.controller.system.SysUserController.editSave()', 'POST', '1', 'admin', '研发部门', '/system/user/edit', '127.0.0.1', '内网IP', '{\r\n  \"userId\" : [ \"2\" ],\r\n  \"deptId\" : [ \"105\" ],\r\n  \"userName\" : [ \"若依\" ],\r\n  \"dept.deptName\" : [ \"测试部门\" ],\r\n  \"phonenumber\" : [ \"15666666666\" ],\r\n  \"email\" : [ \"ry@qq.com\" ],\r\n  \"loginName\" : [ \"ry\" ],\r\n  \"sex\" : [ \"1\" ],\r\n  \"role\" : [ \"2\" ],\r\n  \"remark\" : [ \"测试员\" ],\r\n  \"status\" : [ \"0\" ],\r\n  \"roleIds\" : [ \"2\" ],\r\n  \"postIds\" : [ \"2\" ]\r\n}', '{\r\n  \"msg\" : \"操作成功\",\r\n  \"code\" : 0\r\n}', '0', null, '2020-03-14 20:51:50');
INSERT INTO `sys_oper_log` VALUES ('180', '角色管理', '2', 'com.ruoyi.web.controller.system.SysRoleController.editSave()', 'POST', '1', 'admin', '研发部门', '/system/role/edit', '127.0.0.1', '内网IP', '{\r\n  \"roleId\" : [ \"2\" ],\r\n  \"roleName\" : [ \"普通角色\" ],\r\n  \"roleKey\" : [ \"common\" ],\r\n  \"roleSort\" : [ \"2\" ],\r\n  \"status\" : [ \"0\" ],\r\n  \"remark\" : [ \"普通角色\" ],\r\n  \"menuIds\" : [ \"1,100,1000,1001,1002,1003,1004,1005,1006,101,1007,1008,1009,1010,1011,102,1012,1013,1014,1015,103,1016,1017,1018,1019,104,1020,1021,1022,1023,1024,105,1025,1026,1027,1028,1029,106,1030,1031,1032,1033,1034,107,1035,1036,1037,1038,108,500,1039,1040,1041,1042,501,1043,1044,1045,2000,2002,2050,2051,2052,2,109,1046,1047,1048,110,1049,1050,1051,1052,1053,1054,1055,111,112,2017,2024,2018,2019,2020,2021,2022,2023,2025,2026,2027,2028,2029,2030,2031,2032,2033,2034,2035,2036,2037,2038,2045,2039,2040,2044,2046,2047,2048\" ]\r\n}', '{\r\n  \"msg\" : \"操作成功\",\r\n  \"code\" : 0\r\n}', '0', null, '2020-03-14 20:52:16');
INSERT INTO `sys_oper_log` VALUES ('181', '菜单管理', '2', 'com.ruoyi.web.controller.system.SysMenuController.editSave()', 'POST', '1', 'admin', '研发部门', '/system/menu/edit', '127.0.0.1', '内网IP', '{\r\n  \"menuId\" : [ \"2050\" ],\r\n  \"parentId\" : [ \"2002\" ],\r\n  \"menuType\" : [ \"F\" ],\r\n  \"menuName\" : [ \"部署新模型\" ],\r\n  \"url\" : [ \"#\" ],\r\n  \"target\" : [ \"menuItem\" ],\r\n  \"perms\" : [ \"process:definition:upload\" ],\r\n  \"orderNum\" : [ \"1\" ],\r\n  \"icon\" : [ \"#\" ],\r\n  \"visible\" : [ \"0\" ]\r\n}', '{\r\n  \"msg\" : \"操作成功\",\r\n  \"code\" : 0\r\n}', '0', null, '2020-03-14 20:53:30');
INSERT INTO `sys_oper_log` VALUES ('182', '角色管理', '2', 'com.ruoyi.web.controller.system.SysRoleController.editSave()', 'POST', '1', 'admin', '研发部门', '/system/role/edit', '127.0.0.1', '内网IP', '{\r\n  \"roleId\" : [ \"2\" ],\r\n  \"roleName\" : [ \"普通角色\" ],\r\n  \"roleKey\" : [ \"common\" ],\r\n  \"roleSort\" : [ \"2\" ],\r\n  \"status\" : [ \"0\" ],\r\n  \"remark\" : [ \"普通角色\" ],\r\n  \"menuIds\" : [ \"1,100,1000,1001,1002,1003,1004,1005,1006,101,1007,1008,1009,1010,1011,102,1012,1013,1014,1015,103,1016,1017,1018,1019,104,1020,1021,1022,1023,1024,105,1025,1026,1027,1028,1029,106,1030,1031,1032,1033,1034,107,1035,1036,1037,1038,108,500,1039,1040,1041,1042,501,1043,1044,1045,2000,2002,2052,2053,2005,2006,2007,2008,2009,2010,2,109,1046,1047,1048,110,1049,1050,1051,1052,1053,1054,1055,111,112,2017,2024,2018,2019,2020,2021,2022,2023,2025,2026,2027,2028,2029,2030,2031,2032,2033,2034,2035,2036,2037,2038,2045,2039,2040,2044,2046,2047,2048\" ]\r\n}', '{\r\n  \"msg\" : \"操作成功\",\r\n  \"code\" : 0\r\n}', '0', null, '2020-03-14 20:53:56');
INSERT INTO `sys_oper_log` VALUES ('183', '用户管理', '2', 'com.ruoyi.web.controller.system.SysUserController.editSave()', 'POST', '1', 'admin', '研发部门', '/system/user/edit', '127.0.0.1', '内网IP', '{\r\n  \"userId\" : [ \"2\" ],\r\n  \"deptId\" : [ \"105\" ],\r\n  \"userName\" : [ \"若依\" ],\r\n  \"dept.deptName\" : [ \"测试部门\" ],\r\n  \"phonenumber\" : [ \"15666666666\" ],\r\n  \"email\" : [ \"ry@qq.com\" ],\r\n  \"loginName\" : [ \"ry\" ],\r\n  \"sex\" : [ \"1\" ],\r\n  \"role\" : [ \"2\" ],\r\n  \"remark\" : [ \"测试员\" ],\r\n  \"status\" : [ \"0\" ],\r\n  \"roleIds\" : [ \"2\" ],\r\n  \"postIds\" : [ \"2\" ]\r\n}', '{\r\n  \"msg\" : \"操作成功\",\r\n  \"code\" : 0\r\n}', '0', null, '2020-03-14 20:54:05');
INSERT INTO `sys_oper_log` VALUES ('184', '角色管理', '2', 'com.ruoyi.web.controller.system.SysRoleController.editSave()', 'POST', '1', 'ry', '测试部门', '/system/role/edit', '127.0.0.1', '内网IP', '{\r\n  \"roleId\" : [ \"2\" ],\r\n  \"roleName\" : [ \"普通角色\" ],\r\n  \"roleKey\" : [ \"common\" ],\r\n  \"roleSort\" : [ \"2\" ],\r\n  \"status\" : [ \"0\" ],\r\n  \"remark\" : [ \"普通角色\" ],\r\n  \"menuIds\" : [ \"1,100,1000,1001,1002,1003,1004,1005,1006,101,1007,1008,1009,1010,1011,102,1012,1013,1014,1015,103,1016,1017,1018,1019,104,1020,1021,1022,1023,1024,105,1025,1026,1027,1028,1029,106,1030,1031,1032,1033,1034,107,1035,1036,1037,1038,108,500,1039,1040,1041,1042,501,1043,1044,1045,2000,2002,2052,2053,2005,2006,2007,2008,2009,2010,2,109,1046,1047,1048,110,1049,1050,1051,1052,1053,1054,1055,111,112\" ]\r\n}', '{\r\n  \"msg\" : \"操作成功\",\r\n  \"code\" : 0\r\n}', '0', null, '2020-03-14 20:55:28');
INSERT INTO `sys_oper_log` VALUES ('185', '角色管理', '2', 'com.ruoyi.web.controller.system.SysRoleController.editSave()', 'POST', '1', 'admin', '研发部门', '/system/role/edit', '127.0.0.1', '内网IP', '{\r\n  \"roleId\" : [ \"2\" ],\r\n  \"roleName\" : [ \"普通角色\" ],\r\n  \"roleKey\" : [ \"common\" ],\r\n  \"roleSort\" : [ \"2\" ],\r\n  \"status\" : [ \"0\" ],\r\n  \"remark\" : [ \"普通角色\" ],\r\n  \"menuIds\" : [ \"2000,2002,2052,2053,2005,2006,2007,2008,2009,2010\" ]\r\n}', '{\r\n  \"msg\" : \"操作成功\",\r\n  \"code\" : 0\r\n}', '0', null, '2020-03-14 20:57:40');
INSERT INTO `sys_oper_log` VALUES ('186', '用户管理', '2', 'com.ruoyi.web.controller.system.SysUserController.editSave()', 'POST', '1', 'admin', '研发部门', '/system/user/edit', '127.0.0.1', '内网IP', '{\r\n  \"userId\" : [ \"102\" ],\r\n  \"deptId\" : [ \"105\" ],\r\n  \"userName\" : [ \"人事喵\" ],\r\n  \"dept.deptName\" : [ \"测试部门\" ],\r\n  \"phonenumber\" : [ \"13000000002\" ],\r\n  \"email\" : [ \"115@gmail.com\" ],\r\n  \"loginName\" : [ \"rensm\" ],\r\n  \"sex\" : [ \"1\" ],\r\n  \"role\" : [ \"2\" ],\r\n  \"remark\" : [ \"\" ],\r\n  \"status\" : [ \"0\" ],\r\n  \"roleIds\" : [ \"2\" ],\r\n  \"postIds\" : [ \"\" ]\r\n}', '{\r\n  \"msg\" : \"操作成功\",\r\n  \"code\" : 0\r\n}', '0', null, '2020-03-14 20:57:54');
INSERT INTO `sys_oper_log` VALUES ('187', '用户管理', '2', 'com.ruoyi.web.controller.system.SysUserController.editSave()', 'POST', '1', 'admin', '研发部门', '/system/user/edit', '127.0.0.1', '内网IP', '{\r\n  \"userId\" : [ \"102\" ],\r\n  \"deptId\" : [ \"105\" ],\r\n  \"userName\" : [ \"人事喵\" ],\r\n  \"dept.deptName\" : [ \"测试部门\" ],\r\n  \"phonenumber\" : [ \"13000000002\" ],\r\n  \"email\" : [ \"115@gmail.com\" ],\r\n  \"loginName\" : [ \"rensm\" ],\r\n  \"sex\" : [ \"1\" ],\r\n  \"role\" : [ \"2\" ],\r\n  \"remark\" : [ \"\" ],\r\n  \"status\" : [ \"0\" ],\r\n  \"roleIds\" : [ \"2\" ],\r\n  \"postIds\" : [ \"\" ]\r\n}', '{\r\n  \"msg\" : \"操作成功\",\r\n  \"code\" : 0\r\n}', '0', null, '2020-03-14 20:58:10');
INSERT INTO `sys_oper_log` VALUES ('188', '菜单管理', '2', 'com.ruoyi.web.controller.system.SysMenuController.editSave()', 'POST', '1', 'admin', '研发部门', '/system/menu/edit', '127.0.0.1', '内网IP', '{\r\n  \"menuId\" : [ \"2002\" ],\r\n  \"parentId\" : [ \"2000\" ],\r\n  \"menuType\" : [ \"C\" ],\r\n  \"menuName\" : [ \"流程定义\" ],\r\n  \"url\" : [ \"/process/definition\" ],\r\n  \"target\" : [ \"menuItem\" ],\r\n  \"perms\" : [ \"process:definition:list\" ],\r\n  \"orderNum\" : [ \"2\" ],\r\n  \"icon\" : [ \"#\" ],\r\n  \"visible\" : [ \"0\" ]\r\n}', '{\r\n  \"msg\" : \"操作成功\",\r\n  \"code\" : 0\r\n}', '0', null, '2020-03-14 21:00:12');
INSERT INTO `sys_oper_log` VALUES ('189', '菜单管理', '2', 'com.ruoyi.web.controller.system.SysMenuController.editSave()', 'POST', '1', 'admin', '研发部门', '/system/menu/edit', '127.0.0.1', '内网IP', '{\r\n  \"menuId\" : [ \"2002\" ],\r\n  \"parentId\" : [ \"2000\" ],\r\n  \"menuType\" : [ \"C\" ],\r\n  \"menuName\" : [ \"流程定义\" ],\r\n  \"url\" : [ \"/process/definition\" ],\r\n  \"target\" : [ \"menuItem\" ],\r\n  \"perms\" : [ \"process:definition:view\" ],\r\n  \"orderNum\" : [ \"2\" ],\r\n  \"icon\" : [ \"#\" ],\r\n  \"visible\" : [ \"0\" ]\r\n}', '{\r\n  \"msg\" : \"操作成功\",\r\n  \"code\" : 0\r\n}', '0', null, '2020-03-14 21:01:04');
INSERT INTO `sys_oper_log` VALUES ('190', '流程挂起/激活', '0', 'com.ruoyi.process.definition.controller.ProcessDefinitionController.updateState()', 'GET', '1', 'admin', '研发部门', '/process/definition/processUp/QJLC:1:72504/2', '127.0.0.1', '内网IP', '{ }', '{\r\n  \"msg\" : \"操作成功\",\r\n  \"code\" : 0\r\n}', '0', null, '2020-03-14 21:50:06');
INSERT INTO `sys_oper_log` VALUES ('191', '流程挂起/激活', '0', 'com.ruoyi.process.definition.controller.ProcessDefinitionController.updateState()', 'GET', '1', 'admin', '研发部门', '/process/definition/processUp/QJLC:1:72504/1', '127.0.0.1', '内网IP', '{ }', '{\r\n  \"msg\" : \"操作成功\",\r\n  \"code\" : 0\r\n}', '0', null, '2020-03-14 21:50:10');
INSERT INTO `sys_oper_log` VALUES ('192', '流程挂起/激活', '0', 'com.ruoyi.process.definition.controller.ProcessDefinitionController.updateState()', 'GET', '1', 'admin', '研发部门', '/process/definition/processUp/QJLC:1:72504/2', '127.0.0.1', '内网IP', '{ }', '{\r\n  \"msg\" : \"操作成功\",\r\n  \"code\" : 0\r\n}', '0', null, '2020-03-14 22:14:34');
INSERT INTO `sys_oper_log` VALUES ('193', '流程挂起/激活', '0', 'com.ruoyi.process.definition.controller.ProcessDefinitionController.updateState()', 'GET', '1', 'admin', '研发部门', '/process/definition/processUp/QJLC:1:72504/1', '127.0.0.1', '内网IP', '{ }', '{\r\n  \"msg\" : \"操作成功\",\r\n  \"code\" : 0\r\n}', '0', null, '2020-03-14 22:28:34');
INSERT INTO `sys_oper_log` VALUES ('194', '流程挂起/激活', '0', 'com.ruoyi.process.definition.controller.ProcessDefinitionController.updateState()', 'GET', '1', 'admin', '研发部门', '/process/definition/processUp/QJLC:1:72504/2', '127.0.0.1', '内网IP', '{ }', '{\r\n  \"msg\" : \"操作成功\",\r\n  \"code\" : 0\r\n}', '0', null, '2020-03-14 22:28:38');
INSERT INTO `sys_oper_log` VALUES ('195', '流程定义', '3', 'com.ruoyi.process.definition.controller.ProcessDefinitionController.remove()', 'POST', '1', 'admin', '研发部门', '/process/definition/remove', '127.0.0.1', '内网IP', '{\r\n  \"ids\" : [ \"72501\" ]\r\n}', '{\r\n  \"msg\" : \"操作成功\",\r\n  \"code\" : 0\r\n}', '0', null, '2020-03-15 18:05:28');
INSERT INTO `sys_oper_log` VALUES ('196', '流程定义', '3', 'com.ruoyi.process.definition.controller.ProcessDefinitionController.remove()', 'POST', '1', 'admin', '研发部门', '/process/definition/remove', '127.0.0.1', '内网IP', '{\r\n  \"ids\" : [ \"75001\" ]\r\n}', '{\r\n  \"msg\" : \"操作成功\",\r\n  \"code\" : 0\r\n}', '0', null, '2020-03-15 18:25:56');
INSERT INTO `sys_oper_log` VALUES ('197', '流程定义', '3', 'com.ruoyi.process.definition.controller.ProcessDefinitionController.remove()', 'POST', '1', 'admin', '研发部门', '/process/definition/remove', '127.0.0.1', '内网IP', '{\r\n  \"ids\" : [ \"77501\" ]\r\n}', '{\r\n  \"msg\" : \"操作成功\",\r\n  \"code\" : 0\r\n}', '0', null, '2020-03-15 18:59:42');
INSERT INTO `sys_oper_log` VALUES ('198', '流程定义', '1', 'com.ruoyi.process.definition.controller.ProcessDefinitionController.upload()', 'POST', '1', 'admin', '研发部门', '/process/definition/upload', '127.0.0.1', '内网IP', '{ }', '{\r\n  \"msg\" : \"操作成功\",\r\n  \"code\" : 0\r\n}', '0', null, '2020-03-15 18:59:57');
INSERT INTO `sys_oper_log` VALUES ('199', '流程挂起/激活', '0', 'com.ruoyi.process.definition.controller.ProcessDefinitionController.updateState()', 'GET', '1', 'admin', '研发部门', '/process/definition/processUp/QJLC:1:80005/1', '127.0.0.1', '内网IP', '{ }', '{\r\n  \"msg\" : \"操作成功\",\r\n  \"code\" : 0\r\n}', '0', null, '2020-03-15 19:08:05');
INSERT INTO `sys_oper_log` VALUES ('200', '流程挂起/激活', '0', 'com.ruoyi.process.definition.controller.ProcessDefinitionController.updateState()', 'GET', '1', 'admin', '研发部门', '/process/definition/processUp/QJLC:1:80005/2', '127.0.0.1', '内网IP', '{ }', '{\r\n  \"msg\" : \"操作成功\",\r\n  \"code\" : 0\r\n}', '0', null, '2020-03-15 19:08:11');
INSERT INTO `sys_oper_log` VALUES ('201', '菜单管理', '1', 'com.ruoyi.web.controller.system.SysMenuController.addSave()', 'POST', '1', 'admin', '研发部门', '/system/menu/add', '127.0.0.1', '内网IP', '{\r\n  \"parentId\" : [ \"2002\" ],\r\n  \"menuType\" : [ \"F\" ],\r\n  \"menuName\" : [ \"流程设置\" ],\r\n  \"url\" : [ \"\" ],\r\n  \"target\" : [ \"menuItem\" ],\r\n  \"perms\" : [ \"process:definition:processView\" ],\r\n  \"orderNum\" : [ \"5\" ],\r\n  \"icon\" : [ \"\" ],\r\n  \"visible\" : [ \"0\" ]\r\n}', '{\r\n  \"msg\" : \"操作成功\",\r\n  \"code\" : 0\r\n}', '0', null, '2020-03-15 19:09:34');
INSERT INTO `sys_oper_log` VALUES ('202', '流程设置', '4', 'com.ruoyi.process.definition.controller.ProcessDefinitionController.modelList()', 'GET', '1', 'admin', '研发部门', '/process/definition/processView/QJLC:1:80005', '127.0.0.1', '内网IP', '{ }', '\"process/definition/processView\"', '0', null, '2020-03-15 22:28:25');
INSERT INTO `sys_oper_log` VALUES ('203', '流程设置', '4', 'com.ruoyi.process.definition.controller.ProcessDefinitionController.modelList()', 'GET', '1', 'admin', '研发部门', '/process/definition/processView/QJLC:1:80005', '127.0.0.1', '内网IP', '{ }', '\"process/definition/processView\"', '0', null, '2020-03-15 22:28:55');
INSERT INTO `sys_oper_log` VALUES ('204', '流程设置', '4', 'com.ruoyi.process.definition.controller.ProcessDefinitionController.modelList()', 'GET', '1', 'admin', '研发部门', '/process/definition/processView/QJLC:1:80005', '127.0.0.1', '内网IP', '{ }', '\"process/definition/processView\"', '0', null, '2020-03-15 22:40:16');
INSERT INTO `sys_oper_log` VALUES ('205', '流程设置', '4', 'com.ruoyi.process.definition.controller.ProcessDefinitionController.modelList()', 'GET', '1', 'admin', '研发部门', '/process/definition/processView/QJLC:1:80005', '127.0.0.1', '内网IP', '{ }', '\"process/definition/processView\"', '0', null, '2020-03-15 22:58:50');
INSERT INTO `sys_oper_log` VALUES ('206', '流程设置', '4', 'com.ruoyi.process.definition.controller.ProcessDefinitionController.modelList()', 'GET', '1', 'admin', '研发部门', '/process/definition/processView/QJLC:1:80005', '127.0.0.1', '内网IP', '{ }', '\"process/definition/processView\"', '0', null, '2020-03-15 22:59:02');
INSERT INTO `sys_oper_log` VALUES ('207', '流程设置', '4', 'com.ruoyi.process.definition.controller.ProcessDefinitionController.modelList()', 'GET', '1', 'admin', '研发部门', '/process/definition/processView/QJLC:1:80005', '127.0.0.1', '内网IP', '{ }', '\"process/definition/processView\"', '0', null, '2020-03-15 23:16:45');
INSERT INTO `sys_oper_log` VALUES ('208', '流程设置', '4', 'com.ruoyi.process.definition.controller.ProcessDefinitionController.modelList()', 'GET', '1', 'admin', '研发部门', '/process/definition/processView/QJLC:1:80005', '127.0.0.1', '内网IP', '{ }', '\"process/definition/processView\"', '0', null, '2020-03-15 23:17:04');
INSERT INTO `sys_oper_log` VALUES ('209', '流程设置', '4', 'com.ruoyi.process.definition.controller.ProcessDefinitionController.modelList()', 'GET', '1', 'admin', '研发部门', '/process/definition/processView/QJLC:1:80005', '127.0.0.1', '内网IP', '{ }', '\"process/definition/processView\"', '0', null, '2020-03-15 23:17:07');
INSERT INTO `sys_oper_log` VALUES ('210', '流程设置', '4', 'com.ruoyi.process.definition.controller.ProcessDefinitionController.modelList()', 'GET', '1', 'admin', '研发部门', '/process/definition/processView/QJLC:1:80005', '127.0.0.1', '内网IP', '{ }', '\"process/definition/processView\"', '0', null, '2020-03-15 23:17:11');
INSERT INTO `sys_oper_log` VALUES ('211', '流程设置', '4', 'com.ruoyi.process.definition.controller.ProcessDefinitionController.modelList()', 'GET', '1', 'admin', '研发部门', '/process/definition/processView/QJLC:1:80005', '127.0.0.1', '内网IP', '{ }', '\"process/definition/processView\"', '0', null, '2020-03-15 23:18:13');
INSERT INTO `sys_oper_log` VALUES ('212', '流程设置', '4', 'com.ruoyi.process.definition.controller.ProcessDefinitionController.modelList()', 'GET', '1', 'admin', '研发部门', '/process/definition/processView/QJLC:1:80005', '127.0.0.1', '内网IP', '{ }', '\"process/definition/processView\"', '0', null, '2020-03-15 23:18:15');
INSERT INTO `sys_oper_log` VALUES ('213', '流程设置', '4', 'com.ruoyi.process.definition.controller.ProcessDefinitionController.modelList()', 'GET', '1', 'admin', '研发部门', '/process/definition/processView/QJLC:1:80005', '127.0.0.1', '内网IP', '{ }', '\"process/definition/processView\"', '0', null, '2020-03-15 23:18:17');
INSERT INTO `sys_oper_log` VALUES ('214', '流程设置', '4', 'com.ruoyi.process.definition.controller.ProcessDefinitionController.modelList()', 'GET', '1', 'admin', '研发部门', '/process/definition/processView/QJLC:1:80005', '127.0.0.1', '内网IP', '{ }', '\"process/definition/processView\"', '0', null, '2020-03-15 23:18:20');
INSERT INTO `sys_oper_log` VALUES ('215', '流程设置', '4', 'com.ruoyi.process.definition.controller.ProcessDefinitionController.modelList()', 'GET', '1', 'admin', '研发部门', '/process/definition/processView/QJLC:1:80005', '127.0.0.1', '内网IP', '{ }', '\"process/definition/processView\"', '0', null, '2020-03-15 23:18:28');
INSERT INTO `sys_oper_log` VALUES ('216', '流程设置', '4', 'com.ruoyi.process.definition.controller.ProcessDefinitionController.modelList()', 'GET', '1', 'admin', '研发部门', '/process/definition/processView/QJLC:1:80005', '127.0.0.1', '内网IP', '{ }', '\"process/definition/processView\"', '0', null, '2020-03-15 23:19:04');
INSERT INTO `sys_oper_log` VALUES ('217', '流程设置', '4', 'com.ruoyi.process.definition.controller.ProcessDefinitionController.modelList()', 'GET', '1', 'admin', '研发部门', '/process/definition/processView/QJLC:1:80005', '127.0.0.1', '内网IP', '{ }', '\"process/definition/processView\"', '0', null, '2020-03-15 23:20:35');
INSERT INTO `sys_oper_log` VALUES ('218', '流程设置', '4', 'com.ruoyi.process.definition.controller.ProcessDefinitionController.modelList()', 'GET', '1', 'admin', '研发部门', '/process/definition/processView/QJLC:1:80005', '127.0.0.1', '内网IP', '{ }', '\"process/definition/processView\"', '0', null, '2020-03-15 23:20:49');
INSERT INTO `sys_oper_log` VALUES ('219', '流程设置', '4', 'com.ruoyi.process.definition.controller.ProcessDefinitionController.modelList()', 'GET', '1', 'admin', '研发部门', '/process/definition/processView/QJLC:1:80005', '127.0.0.1', '内网IP', '{ }', '\"process/definition/processView\"', '0', null, '2020-03-15 23:22:20');
INSERT INTO `sys_oper_log` VALUES ('220', '流程设置', '4', 'com.ruoyi.process.definition.controller.ProcessDefinitionController.modelList()', 'GET', '1', 'admin', '研发部门', '/process/definition/processView/QJLC:1:80005', '127.0.0.1', '内网IP', '{ }', '\"process/definition/processView\"', '0', null, '2020-03-15 23:23:12');
INSERT INTO `sys_oper_log` VALUES ('221', '流程设置', '4', 'com.ruoyi.process.definition.controller.ProcessDefinitionController.modelList()', 'GET', '1', 'admin', '研发部门', '/process/definition/processView/QJLC:1:80005', '127.0.0.1', '内网IP', '{ }', '\"process/definition/processView\"', '0', null, '2020-03-15 23:41:40');
INSERT INTO `sys_oper_log` VALUES ('222', '流程设置', '4', 'com.ruoyi.process.definition.controller.ProcessDefinitionController.modelList()', 'GET', '1', 'admin', '研发部门', '/process/definition/processView/QJLC:1:80005', '127.0.0.1', '内网IP', '{ }', '\"process/definition/processView\"', '0', null, '2020-03-15 23:43:09');
INSERT INTO `sys_oper_log` VALUES ('223', '流程设置', '4', 'com.ruoyi.process.definition.controller.ProcessDefinitionController.modelList()', 'GET', '1', 'admin', '研发部门', '/process/definition/processView/QJLC:1:80005', '127.0.0.1', '内网IP', '{ }', '\"process/definition/processView\"', '0', null, '2020-03-15 23:44:33');
INSERT INTO `sys_oper_log` VALUES ('224', '流程设置', '4', 'com.ruoyi.process.definition.controller.ProcessDefinitionController.modelList()', 'GET', '1', 'admin', '研发部门', '/process/definition/processView/QJLC:1:80005', '127.0.0.1', '内网IP', '{ }', '\"process/definition/processView\"', '0', null, '2020-03-15 23:44:36');
INSERT INTO `sys_oper_log` VALUES ('225', '流程设置', '4', 'com.ruoyi.process.definition.controller.ProcessDefinitionController.modelList()', 'GET', '1', 'admin', '研发部门', '/process/definition/processView/QJLC:1:80005', '127.0.0.1', '内网IP', '{ }', '\"process/definition/processView\"', '0', null, '2020-03-15 23:46:18');
INSERT INTO `sys_oper_log` VALUES ('226', '流程设置', '4', 'com.ruoyi.process.definition.controller.ProcessDefinitionController.modelList()', 'GET', '1', 'admin', '研发部门', '/process/definition/processView/QJLC:1:80005', '127.0.0.1', '内网IP', '{ }', '\"process/definition/processView\"', '0', null, '2020-03-15 23:46:20');
INSERT INTO `sys_oper_log` VALUES ('227', '流程设置', '4', 'com.ruoyi.process.definition.controller.ProcessDefinitionController.modelList()', 'GET', '1', 'admin', '研发部门', '/process/definition/processView/QJLC:1:80005', '127.0.0.1', '内网IP', '{ }', '\"process/definition/processView\"', '0', null, '2020-03-15 23:46:23');
INSERT INTO `sys_oper_log` VALUES ('228', '流程设置', '4', 'com.ruoyi.process.definition.controller.ProcessDefinitionController.modelList()', 'GET', '1', 'admin', '研发部门', '/process/definition/processView/QJLC:1:80005', '127.0.0.1', '内网IP', '{ }', '\"process/definition/processView\"', '0', null, '2020-03-15 23:46:26');
INSERT INTO `sys_oper_log` VALUES ('229', '流程设置', '4', 'com.ruoyi.process.definition.controller.ProcessDefinitionController.modelList()', 'GET', '1', 'admin', '研发部门', '/process/definition/processView/QJLC:1:80005', '127.0.0.1', '内网IP', '{ }', '\"process/definition/processView\"', '0', null, '2020-03-15 23:53:55');
INSERT INTO `sys_oper_log` VALUES ('230', '流程设置', '4', 'com.ruoyi.process.definition.controller.ProcessDefinitionController.modelList()', 'GET', '1', 'admin', '研发部门', '/process/definition/processView/QJLC:1:80005', '127.0.0.1', '内网IP', '{ }', '\"process/definition/processView\"', '0', null, '2020-03-15 23:53:59');
INSERT INTO `sys_oper_log` VALUES ('231', '流程设置', '4', 'com.ruoyi.process.definition.controller.ProcessDefinitionController.modelList()', 'GET', '1', 'admin', '研发部门', '/process/definition/processView/QJLC:1:80005', '127.0.0.1', '内网IP', '{ }', '\"process/definition/processView\"', '0', null, '2020-03-15 23:54:23');
INSERT INTO `sys_oper_log` VALUES ('232', '流程设置', '4', 'com.ruoyi.process.definition.controller.ProcessDefinitionController.modelList()', 'GET', '1', 'admin', '研发部门', '/process/definition/processView/QJLC:1:80005', '127.0.0.1', '内网IP', '{ }', '\"process/definition/processView\"', '0', null, '2020-03-15 23:54:25');
INSERT INTO `sys_oper_log` VALUES ('233', '流程设置', '4', 'com.ruoyi.process.definition.controller.ProcessDefinitionController.modelList()', 'GET', '1', 'admin', '研发部门', '/process/definition/processView/QJLC:1:80005', '127.0.0.1', '内网IP', '{ }', '\"process/definition/processView\"', '0', null, '2020-03-15 23:54:26');
INSERT INTO `sys_oper_log` VALUES ('234', '流程设置', '4', 'com.ruoyi.process.definition.controller.ProcessDefinitionController.modelList()', 'GET', '1', 'admin', '研发部门', '/process/definition/processView/QJLC:1:80005', '127.0.0.1', '内网IP', '{ }', '\"process/definition/processView\"', '0', null, '2020-03-15 23:55:06');
INSERT INTO `sys_oper_log` VALUES ('235', '流程设置', '4', 'com.ruoyi.process.definition.controller.ProcessDefinitionController.modelList()', 'GET', '1', 'admin', '研发部门', '/process/definition/processView/QJLC:1:80005', '127.0.0.1', '内网IP', '{ }', '\"process/definition/processView\"', '0', null, '2020-03-15 23:56:09');
INSERT INTO `sys_oper_log` VALUES ('236', '流程设置', '4', 'com.ruoyi.process.definition.controller.ProcessDefinitionController.modelList()', 'GET', '1', 'admin', '研发部门', '/process/definition/processView/QJLC:1:80005', '127.0.0.1', '内网IP', '{ }', '\"process/definition/processView\"', '0', null, '2020-03-15 23:56:14');
INSERT INTO `sys_oper_log` VALUES ('237', '流程设置', '4', 'com.ruoyi.process.definition.controller.ProcessDefinitionController.modelList()', 'GET', '1', 'admin', '研发部门', '/process/definition/processView/QJLC:1:80005', '127.0.0.1', '内网IP', '{ }', '\"process/definition/processView\"', '0', null, '2020-03-15 23:56:32');
INSERT INTO `sys_oper_log` VALUES ('238', '流程设置', '4', 'com.ruoyi.process.definition.controller.ProcessDefinitionController.modelList()', 'GET', '1', 'admin', '研发部门', '/process/definition/processView/QJLC:1:80005', '127.0.0.1', '内网IP', '{ }', '\"process/definition/processView\"', '0', null, '2020-03-15 23:56:35');
INSERT INTO `sys_oper_log` VALUES ('239', '流程设置', '4', 'com.ruoyi.process.definition.controller.ProcessDefinitionController.modelList()', 'GET', '1', 'admin', '研发部门', '/process/definition/processView/QJLC:1:80005', '127.0.0.1', '内网IP', '{ }', '\"process/definition/processView\"', '0', null, '2020-03-15 23:56:37');
INSERT INTO `sys_oper_log` VALUES ('240', '流程设置', '4', 'com.ruoyi.process.definition.controller.ProcessDefinitionController.modelList()', 'GET', '1', 'admin', '研发部门', '/process/definition/processView/QJLC:1:80005', '127.0.0.1', '内网IP', '{ }', '\"process/definition/processView\"', '0', null, '2020-03-15 23:56:40');
INSERT INTO `sys_oper_log` VALUES ('241', '流程设置', '4', 'com.ruoyi.process.definition.controller.ProcessDefinitionController.modelList()', 'GET', '1', 'admin', '研发部门', '/process/definition/processView/QJLC:1:80005', '127.0.0.1', '内网IP', '{ }', '\"process/definition/processView\"', '0', null, '2020-03-15 23:56:43');
INSERT INTO `sys_oper_log` VALUES ('242', '流程设置', '4', 'com.ruoyi.process.definition.controller.ProcessDefinitionController.modelList()', 'GET', '1', 'admin', '研发部门', '/process/definition/processView/QJLC:1:80005', '127.0.0.1', '内网IP', '{ }', '\"process/definition/processView\"', '0', null, '2020-03-15 23:58:04');
INSERT INTO `sys_oper_log` VALUES ('243', '流程设置', '4', 'com.ruoyi.process.definition.controller.ProcessDefinitionController.modelList()', 'GET', '1', 'admin', '研发部门', '/process/definition/processView/QJLC:1:80005', '127.0.0.1', '内网IP', '{ }', '\"process/definition/processView\"', '0', null, '2020-03-16 20:12:56');
INSERT INTO `sys_oper_log` VALUES ('244', '流程设置', '4', 'com.ruoyi.process.definition.controller.ProcessDefinitionController.modelList()', 'GET', '1', 'admin', '研发部门', '/process/definition/processView/QJLC:1:80005', '127.0.0.1', '内网IP', '{ }', '\"process/definition/processView\"', '0', null, '2020-03-16 20:14:14');
INSERT INTO `sys_oper_log` VALUES ('245', '流程设置', '4', 'com.ruoyi.process.definition.controller.ProcessDefinitionController.modelList()', 'GET', '1', 'admin', '研发部门', '/process/definition/processView/QJLC:1:80005', '127.0.0.1', '内网IP', '{ }', '\"process/definition/processView\"', '0', null, '2020-03-16 20:21:20');
INSERT INTO `sys_oper_log` VALUES ('246', '流程设置', '4', 'com.ruoyi.process.definition.controller.ProcessDefinitionController.modelList()', 'GET', '1', 'admin', '研发部门', '/process/definition/processView/QJLC:1:80005', '127.0.0.1', '内网IP', '{ }', '\"process/definition/processView\"', '0', null, '2020-03-16 20:21:23');
INSERT INTO `sys_oper_log` VALUES ('247', '流程设置', '4', 'com.ruoyi.process.definition.controller.ProcessDefinitionController.modelList()', 'GET', '1', 'admin', '研发部门', '/process/definition/processView/QJLC:1:80005', '127.0.0.1', '内网IP', '{ }', '\"process/definition/processView\"', '0', null, '2020-03-16 20:21:25');
INSERT INTO `sys_oper_log` VALUES ('248', '流程设置', '4', 'com.ruoyi.process.definition.controller.ProcessDefinitionController.modelList()', 'GET', '1', 'admin', '研发部门', '/process/definition/processView/QJLC:1:80005', '127.0.0.1', '内网IP', '{ }', '\"process/definition/processView\"', '0', null, '2020-03-16 20:21:27');
INSERT INTO `sys_oper_log` VALUES ('249', '流程设置', '4', 'com.ruoyi.process.definition.controller.ProcessDefinitionController.modelList()', 'GET', '1', 'admin', '研发部门', '/process/definition/processView/QJLC:1:80005', '127.0.0.1', '内网IP', '{ }', '\"process/definition/processView\"', '0', null, '2020-03-16 20:21:47');
INSERT INTO `sys_oper_log` VALUES ('250', '流程设置', '4', 'com.ruoyi.process.definition.controller.ProcessDefinitionController.modelList()', 'GET', '1', 'admin', '研发部门', '/process/definition/processView/QJLC:1:80005', '127.0.0.1', '内网IP', '{ }', '\"process/definition/processView\"', '0', null, '2020-03-16 20:22:43');
INSERT INTO `sys_oper_log` VALUES ('251', '流程设置', '4', 'com.ruoyi.process.definition.controller.ProcessDefinitionController.modelList()', 'GET', '1', 'admin', '研发部门', '/process/definition/processView/QJLC:1:80005', '127.0.0.1', '内网IP', '{ }', '\"process/definition/processView\"', '0', null, '2020-03-16 20:23:19');
INSERT INTO `sys_oper_log` VALUES ('252', '流程设置', '4', 'com.ruoyi.process.definition.controller.ProcessDefinitionController.modelList()', 'GET', '1', 'admin', '研发部门', '/process/definition/processView/QJLC:1:80005', '127.0.0.1', '内网IP', '{ }', '\"process/definition/processView\"', '0', null, '2020-03-16 20:23:21');
INSERT INTO `sys_oper_log` VALUES ('253', '流程设置', '4', 'com.ruoyi.process.definition.controller.ProcessDefinitionController.modelList()', 'GET', '1', 'admin', '研发部门', '/process/definition/processView/QJLC:1:80005', '127.0.0.1', '内网IP', '{ }', '\"process/definition/processView\"', '0', null, '2020-03-16 20:23:22');
INSERT INTO `sys_oper_log` VALUES ('254', '流程设置', '4', 'com.ruoyi.process.definition.controller.ProcessDefinitionController.modelList()', 'GET', '1', 'admin', '研发部门', '/process/definition/processView/QJLC:1:80005', '127.0.0.1', '内网IP', '{ }', '\"process/definition/processView\"', '0', null, '2020-03-16 20:23:25');
INSERT INTO `sys_oper_log` VALUES ('255', '流程设置', '4', 'com.ruoyi.process.definition.controller.ProcessDefinitionController.modelList()', 'GET', '1', 'admin', '研发部门', '/process/definition/processView/QJLC:1:80005', '127.0.0.1', '内网IP', '{ }', '\"process/definition/processView\"', '0', null, '2020-03-16 20:27:40');
INSERT INTO `sys_oper_log` VALUES ('256', '流程定义', '3', 'com.ruoyi.process.definition.controller.ProcessDefinitionController.remove()', 'POST', '1', 'admin', '研发部门', '/process/definition/remove', '127.0.0.1', '内网IP', '{\r\n  \"ids\" : [ \"80001\" ]\r\n}', '{\r\n  \"msg\" : \"操作成功\",\r\n  \"code\" : 0\r\n}', '0', null, '2020-03-16 20:27:57');
INSERT INTO `sys_oper_log` VALUES ('257', '流程设置', '4', 'com.ruoyi.process.definition.controller.ProcessDefinitionController.modelList()', 'GET', '1', 'admin', '研发部门', '/process/definition/processView/QJLC:1:82504', '127.0.0.1', '内网IP', '{ }', '\"process/definition/processView\"', '0', null, '2020-03-16 20:28:57');
INSERT INTO `sys_oper_log` VALUES ('258', '流程设置', '4', 'com.ruoyi.process.definition.controller.ProcessDefinitionController.modelList()', 'GET', '1', 'admin', '研发部门', '/process/definition/processView/QJLC:1:82504', '127.0.0.1', '内网IP', '{ }', '\"process/definition/processView\"', '0', null, '2020-03-16 20:29:41');
INSERT INTO `sys_oper_log` VALUES ('259', '流程设置', '4', 'com.ruoyi.process.definition.controller.ProcessDefinitionController.modelList()', 'GET', '1', 'admin', '研发部门', '/process/definition/processView/QJLC:1:82504', '127.0.0.1', '内网IP', '{ }', '\"process/definition/processView\"', '0', null, '2020-03-16 20:30:17');
INSERT INTO `sys_oper_log` VALUES ('260', '流程设置', '4', 'com.ruoyi.process.definition.controller.ProcessDefinitionController.modelList()', 'GET', '1', 'admin', '研发部门', '/process/definition/processView/QJLC:1:82504', '127.0.0.1', '内网IP', '{ }', '\"process/definition/processView\"', '0', null, '2020-03-16 20:32:29');
INSERT INTO `sys_oper_log` VALUES ('261', '流程设置', '4', 'com.ruoyi.process.definition.controller.ProcessDefinitionController.modelList()', 'GET', '1', 'admin', '研发部门', '/process/definition/processView/QJLC:1:82504', '127.0.0.1', '内网IP', '{ }', '\"process/definition/processView\"', '0', null, '2020-03-16 20:32:34');
INSERT INTO `sys_oper_log` VALUES ('262', '流程定义', '3', 'com.ruoyi.process.definition.controller.ProcessDefinitionController.remove()', 'POST', '1', 'admin', '研发部门', '/process/definition/remove', '127.0.0.1', '内网IP', '{\r\n  \"ids\" : [ \"82501\" ]\r\n}', '{\r\n  \"msg\" : \"操作成功\",\r\n  \"code\" : 0\r\n}', '0', null, '2020-03-16 20:32:53');
INSERT INTO `sys_oper_log` VALUES ('263', '流程设置', '4', 'com.ruoyi.process.definition.controller.ProcessDefinitionController.modelList()', 'GET', '1', 'admin', '研发部门', '/process/definition/processView/QJLC:1:82508', '127.0.0.1', '内网IP', '{ }', '\"process/definition/processView\"', '0', null, '2020-03-16 20:33:54');
INSERT INTO `sys_oper_log` VALUES ('264', '流程设置', '4', 'com.ruoyi.process.definition.controller.ProcessDefinitionController.modelList()', 'GET', '1', 'admin', '研发部门', '/process/definition/processView/QJLC:1:82508', '127.0.0.1', '内网IP', '{ }', '\"process/definition/processView\"', '0', null, '2020-03-16 20:46:10');
INSERT INTO `sys_oper_log` VALUES ('265', '流程设置', '4', 'com.ruoyi.process.definition.controller.ProcessDefinitionController.modelList()', 'GET', '1', 'admin', '研发部门', '/process/definition/processView/QJLC:1:82508', '127.0.0.1', '内网IP', '{ }', '\"process/definition/processView\"', '0', null, '2020-03-16 20:46:15');
INSERT INTO `sys_oper_log` VALUES ('266', '流程设置', '4', 'com.ruoyi.process.definition.controller.ProcessDefinitionController.modelList()', 'GET', '1', 'admin', '研发部门', '/process/definition/processView/QJLC:1:82508', '127.0.0.1', '内网IP', '{ }', '\"process/definition/processView\"', '0', null, '2020-03-16 20:47:12');
INSERT INTO `sys_oper_log` VALUES ('267', '流程设置', '4', 'com.ruoyi.process.definition.controller.ProcessDefinitionController.modelList()', 'GET', '1', 'admin', '研发部门', '/process/definition/processView/QJLC:1:82508', '127.0.0.1', '内网IP', '{ }', '\"process/definition/processView\"', '0', null, '2020-03-16 20:50:01');
INSERT INTO `sys_oper_log` VALUES ('268', '流程设置', '4', 'com.ruoyi.process.definition.controller.ProcessDefinitionController.modelList()', 'GET', '1', 'admin', '研发部门', '/process/definition/processView/QJLC:1:82508', '127.0.0.1', '内网IP', '{ }', '\"process/definition/processView\"', '0', null, '2020-03-16 20:50:54');
INSERT INTO `sys_oper_log` VALUES ('269', '流程设置', '4', 'com.ruoyi.process.definition.controller.ProcessDefinitionController.modelList()', 'GET', '1', 'admin', '研发部门', '/process/definition/processView/QJLC:1:82508', '127.0.0.1', '内网IP', '{ }', '\"process/definition/processView\"', '0', null, '2020-03-16 20:58:35');
INSERT INTO `sys_oper_log` VALUES ('270', '流程设置', '4', 'com.ruoyi.process.definition.controller.ProcessDefinitionController.modelList()', 'GET', '1', 'admin', '研发部门', '/process/definition/processView/QJLC:1:82508', '127.0.0.1', '内网IP', '{ }', '\"process/definition/processView\"', '0', null, '2020-03-16 21:00:33');
INSERT INTO `sys_oper_log` VALUES ('271', '流程设置', '4', 'com.ruoyi.process.definition.controller.ProcessDefinitionController.modelList()', 'GET', '1', 'admin', '研发部门', '/process/definition/processView/QJLC:1:82508', '127.0.0.1', '内网IP', '{ }', '\"process/definition/processView\"', '0', null, '2020-03-16 21:05:09');
INSERT INTO `sys_oper_log` VALUES ('272', '流程设置', '4', 'com.ruoyi.process.definition.controller.ProcessDefinitionController.modelList()', 'GET', '1', 'admin', '研发部门', '/process/definition/processView/QJLC:1:82508', '127.0.0.1', '内网IP', '{ }', '\"process/definition/processView\"', '0', null, '2020-03-16 21:07:39');
INSERT INTO `sys_oper_log` VALUES ('273', '流程设置', '4', 'com.ruoyi.process.definition.controller.ProcessDefinitionController.modelList()', 'GET', '1', 'admin', '研发部门', '/process/definition/processView/QJLC:1:82508', '127.0.0.1', '内网IP', '{ }', '\"process/definition/processView\"', '0', null, '2020-03-16 21:08:02');
INSERT INTO `sys_oper_log` VALUES ('274', '流程设置', '4', 'com.ruoyi.process.definition.controller.ProcessDefinitionController.modelList()', 'GET', '1', 'admin', '研发部门', '/process/definition/processView/QJLC:1:82508', '127.0.0.1', '内网IP', '{ }', '\"process/definition/processView\"', '0', null, '2020-03-16 21:08:05');
INSERT INTO `sys_oper_log` VALUES ('275', '流程设置', '4', 'com.ruoyi.process.definition.controller.ProcessDefinitionController.modelList()', 'GET', '1', 'admin', '研发部门', '/process/definition/processView/QJLC:1:82508', '127.0.0.1', '内网IP', '{ }', '\"process/definition/processView\"', '0', null, '2020-03-16 21:08:10');
INSERT INTO `sys_oper_log` VALUES ('276', '流程设置', '4', 'com.ruoyi.process.definition.controller.ProcessDefinitionController.modelList()', 'GET', '1', 'admin', '研发部门', '/process/definition/processView/QJLC:1:82508', '127.0.0.1', '内网IP', '{ }', '\"process/definition/processView\"', '0', null, '2020-03-16 21:31:21');
INSERT INTO `sys_oper_log` VALUES ('277', '流程设置', '4', 'com.ruoyi.process.definition.controller.ProcessDefinitionController.modelList()', 'GET', '1', 'admin', '研发部门', '/process/definition/processView/QJLC:1:82508', '127.0.0.1', '内网IP', '{ }', '\"process/definition/processView\"', '0', null, '2020-03-16 21:32:46');
INSERT INTO `sys_oper_log` VALUES ('278', '流程设置', '4', 'com.ruoyi.process.definition.controller.ProcessDefinitionController.modelList()', 'GET', '1', 'admin', '研发部门', '/process/definition/processView/QJLC:1:82508', '127.0.0.1', '内网IP', '{ }', '\"process/definition/processView\"', '0', null, '2020-03-16 21:34:58');
INSERT INTO `sys_oper_log` VALUES ('279', '流程设置', '4', 'com.ruoyi.process.definition.controller.ProcessDefinitionController.modelList()', 'GET', '1', 'admin', '研发部门', '/process/definition/processView/QJLC:1:82508', '127.0.0.1', '内网IP', '{ }', '\"process/definition/processView\"', '0', null, '2020-03-16 21:40:47');
INSERT INTO `sys_oper_log` VALUES ('280', '流程设置', '4', 'com.ruoyi.process.definition.controller.ProcessDefinitionController.modelList()', 'GET', '1', 'admin', '研发部门', '/process/definition/processView/QJLC:1:82508', '127.0.0.1', '内网IP', '{ }', '\"process/definition/processView\"', '0', null, '2020-03-16 21:40:50');
INSERT INTO `sys_oper_log` VALUES ('281', '流程设置', '4', 'com.ruoyi.process.definition.controller.ProcessDefinitionController.modelList()', 'GET', '1', 'admin', '研发部门', '/process/definition/processView/QJLC:1:82508', '127.0.0.1', '内网IP', '{ }', '\"process/definition/processView\"', '0', null, '2020-03-16 21:43:00');
INSERT INTO `sys_oper_log` VALUES ('282', '流程设置', '4', 'com.ruoyi.process.definition.controller.ProcessDefinitionController.modelList()', 'GET', '1', 'admin', '研发部门', '/process/definition/processView/QJLC:1:82508', '127.0.0.1', '内网IP', '{ }', '\"process/definition/processView\"', '0', null, '2020-03-16 21:43:03');
INSERT INTO `sys_oper_log` VALUES ('283', '流程设置', '4', 'com.ruoyi.process.definition.controller.ProcessDefinitionController.modelList()', 'GET', '1', 'admin', '研发部门', '/process/definition/processView/QJLC:1:82508', '127.0.0.1', '内网IP', '{ }', '\"process/definition/processView\"', '0', null, '2020-03-16 21:43:05');
INSERT INTO `sys_oper_log` VALUES ('284', '流程设置', '4', 'com.ruoyi.process.definition.controller.ProcessDefinitionController.modelList()', 'GET', '1', 'admin', '研发部门', '/process/definition/processView/QJLC:1:82508', '127.0.0.1', '内网IP', '{ }', '\"process/definition/processView\"', '0', null, '2020-03-16 21:43:12');
INSERT INTO `sys_oper_log` VALUES ('285', '流程设置', '4', 'com.ruoyi.process.definition.controller.ProcessDefinitionController.modelList()', 'GET', '1', 'admin', '研发部门', '/process/definition/processView/QJLC:1:82508', '127.0.0.1', '内网IP', '{ }', '\"process/definition/processView\"', '0', null, '2020-03-16 21:46:01');
INSERT INTO `sys_oper_log` VALUES ('286', '流程设置', '4', 'com.ruoyi.process.definition.controller.ProcessDefinitionController.modelList()', 'GET', '1', 'admin', '研发部门', '/process/definition/processView/QJLC:1:82508', '127.0.0.1', '内网IP', '{ }', '\"process/definition/processView\"', '0', null, '2020-03-16 21:46:54');
INSERT INTO `sys_oper_log` VALUES ('287', '流程设置', '4', 'com.ruoyi.process.definition.controller.ProcessDefinitionController.modelList()', 'GET', '1', 'admin', '研发部门', '/process/definition/processView/QJLC:1:82508', '127.0.0.1', '内网IP', '{ }', '\"process/definition/processView\"', '0', null, '2020-03-16 21:47:40');
INSERT INTO `sys_oper_log` VALUES ('288', '流程设置', '4', 'com.ruoyi.process.definition.controller.ProcessDefinitionController.modelList()', 'GET', '1', 'admin', '研发部门', '/process/definition/processView/QJLC:1:82508', '127.0.0.1', '内网IP', '{ }', '\"process/definition/processView\"', '0', null, '2020-03-16 21:47:46');
INSERT INTO `sys_oper_log` VALUES ('289', '流程设置', '4', 'com.ruoyi.process.definition.controller.ProcessDefinitionController.modelList()', 'GET', '1', 'admin', '研发部门', '/process/definition/processView/QJLC:1:82508', '127.0.0.1', '内网IP', '{ }', '\"process/definition/processView\"', '0', null, '2020-03-16 21:48:59');
INSERT INTO `sys_oper_log` VALUES ('290', '流程设置', '4', 'com.ruoyi.process.definition.controller.ProcessDefinitionController.modelList()', 'GET', '1', 'admin', '研发部门', '/process/definition/processView/QJLC:1:82508', '127.0.0.1', '内网IP', '{ }', '\"process/definition/processView\"', '0', null, '2020-03-16 21:49:07');
INSERT INTO `sys_oper_log` VALUES ('291', '流程设置', '4', 'com.ruoyi.process.definition.controller.ProcessDefinitionController.modelList()', 'GET', '1', 'admin', '研发部门', '/process/definition/processView/QJLC:1:82508', '127.0.0.1', '内网IP', '{ }', '\"process/definition/processView\"', '0', null, '2020-03-16 21:50:35');
INSERT INTO `sys_oper_log` VALUES ('292', '流程设置', '4', 'com.ruoyi.process.definition.controller.ProcessDefinitionController.modelList()', 'GET', '1', 'admin', '研发部门', '/process/definition/processView/QJLC:1:82508', '127.0.0.1', '内网IP', '{ }', '\"process/definition/processView\"', '0', null, '2020-03-16 21:50:38');
INSERT INTO `sys_oper_log` VALUES ('293', '流程设置', '4', 'com.ruoyi.process.definition.controller.ProcessDefinitionController.modelList()', 'GET', '1', 'admin', '研发部门', '/process/definition/processView/QJLC:1:82508', '127.0.0.1', '内网IP', '{ }', '\"process/definition/processView\"', '0', null, '2020-03-16 21:50:44');
INSERT INTO `sys_oper_log` VALUES ('294', '流程设置', '4', 'com.ruoyi.process.definition.controller.ProcessDefinitionController.modelList()', 'GET', '1', 'admin', '研发部门', '/process/definition/processView/QJLC:1:82508', '127.0.0.1', '内网IP', '{ }', '\"process/definition/processView\"', '0', null, '2020-03-16 21:50:46');
INSERT INTO `sys_oper_log` VALUES ('295', '流程设置', '4', 'com.ruoyi.process.definition.controller.ProcessDefinitionController.modelList()', 'GET', '1', 'admin', '研发部门', '/process/definition/processView/QJLC:1:82508', '127.0.0.1', '内网IP', '{ }', '\"process/definition/processView\"', '0', null, '2020-03-16 21:50:50');
INSERT INTO `sys_oper_log` VALUES ('296', '流程设置', '4', 'com.ruoyi.process.definition.controller.ProcessDefinitionController.modelList()', 'GET', '1', 'admin', '研发部门', '/process/definition/processView/QJLC:1:82508', '127.0.0.1', '内网IP', '{ }', '\"process/definition/processView\"', '0', null, '2020-03-16 21:53:25');
INSERT INTO `sys_oper_log` VALUES ('297', '流程设置', '4', 'com.ruoyi.process.definition.controller.ProcessDefinitionController.modelList()', 'GET', '1', 'admin', '研发部门', '/process/definition/processView/QJLC:1:82508', '127.0.0.1', '内网IP', '{ }', '\"process/definition/processView\"', '0', null, '2020-03-16 21:54:15');
INSERT INTO `sys_oper_log` VALUES ('298', '流程设置', '4', 'com.ruoyi.process.definition.controller.ProcessDefinitionController.modelList()', 'GET', '1', 'admin', '研发部门', '/process/definition/processView/QJLC:1:82508', '127.0.0.1', '内网IP', '{ }', '\"process/definition/processView\"', '0', null, '2020-03-16 21:54:25');
INSERT INTO `sys_oper_log` VALUES ('299', '流程设置', '4', 'com.ruoyi.process.definition.controller.ProcessDefinitionController.modelList()', 'GET', '1', 'admin', '研发部门', '/process/definition/processView/QJLC:1:82508', '127.0.0.1', '内网IP', '{ }', '\"process/definition/processView\"', '0', null, '2020-03-16 22:05:22');
INSERT INTO `sys_oper_log` VALUES ('300', '流程设置', '4', 'com.ruoyi.process.definition.controller.ProcessDefinitionController.modelList()', 'GET', '1', 'admin', '研发部门', '/process/definition/processView/QJLC:1:82508', '127.0.0.1', '内网IP', '{ }', '\"process/definition/processView\"', '0', null, '2020-03-16 22:05:28');
INSERT INTO `sys_oper_log` VALUES ('301', '流程设置', '4', 'com.ruoyi.process.definition.controller.ProcessDefinitionController.modelList()', 'GET', '1', 'admin', '研发部门', '/process/definition/processView/QJLC:1:82508', '127.0.0.1', '内网IP', '{ }', '\"process/definition/processView\"', '0', null, '2020-03-16 22:07:02');
INSERT INTO `sys_oper_log` VALUES ('302', '流程设置', '4', 'com.ruoyi.process.definition.controller.ProcessDefinitionController.modelList()', 'GET', '1', 'admin', '研发部门', '/process/definition/processView/QJLC:1:82508', '127.0.0.1', '内网IP', '{ }', '\"process/definition/processView\"', '0', null, '2020-03-16 22:07:07');
INSERT INTO `sys_oper_log` VALUES ('303', '流程设置', '4', 'com.ruoyi.process.definition.controller.ProcessDefinitionController.modelList()', 'GET', '1', 'admin', '研发部门', '/process/definition/processView/QJLC:1:82508', '127.0.0.1', '内网IP', '{ }', '\"process/definition/processView\"', '0', null, '2020-03-16 22:07:45');
INSERT INTO `sys_oper_log` VALUES ('304', '流程设置', '4', 'com.ruoyi.process.definition.controller.ProcessDefinitionController.modelList()', 'GET', '1', 'admin', '研发部门', '/process/definition/processView/QJLC:1:82508', '127.0.0.1', '内网IP', '{ }', '\"process/definition/processView\"', '0', null, '2020-03-16 22:07:47');
INSERT INTO `sys_oper_log` VALUES ('305', '流程设置', '4', 'com.ruoyi.process.definition.controller.ProcessDefinitionController.modelList()', 'GET', '1', 'admin', '研发部门', '/process/definition/processView/QJLC:1:82508', '127.0.0.1', '内网IP', '{ }', '\"process/definition/processView\"', '0', null, '2020-03-16 22:07:55');
INSERT INTO `sys_oper_log` VALUES ('306', '流程设置', '4', 'com.ruoyi.process.definition.controller.ProcessDefinitionController.modelList()', 'GET', '1', 'admin', '研发部门', '/process/definition/processView/QJLC:1:82508', '127.0.0.1', '内网IP', '{ }', '\"process/definition/processView\"', '0', null, '2020-03-16 22:09:34');
INSERT INTO `sys_oper_log` VALUES ('307', '流程设置', '4', 'com.ruoyi.process.definition.controller.ProcessDefinitionController.modelList()', 'GET', '1', 'admin', '研发部门', '/process/definition/processView/QJLC:1:82508', '127.0.0.1', '内网IP', '{ }', '\"process/definition/processView\"', '0', null, '2020-03-16 22:10:38');
INSERT INTO `sys_oper_log` VALUES ('308', '流程设置', '4', 'com.ruoyi.process.definition.controller.ProcessDefinitionController.modelList()', 'GET', '1', 'admin', '研发部门', '/process/definition/processView/QJLC:1:82508', '127.0.0.1', '内网IP', '{ }', '\"process/definition/processView\"', '0', null, '2020-03-16 22:10:44');
INSERT INTO `sys_oper_log` VALUES ('309', '流程设置', '4', 'com.ruoyi.process.definition.controller.ProcessDefinitionController.modelList()', 'GET', '1', 'admin', '研发部门', '/process/definition/processView/QJLC:1:82508', '127.0.0.1', '内网IP', '{ }', '\"process/definition/processView\"', '0', null, '2020-03-16 22:12:25');
INSERT INTO `sys_oper_log` VALUES ('310', '流程设置', '4', 'com.ruoyi.process.definition.controller.ProcessDefinitionController.modelList()', 'GET', '1', 'admin', '研发部门', '/process/definition/processView/QJLC:1:82508', '127.0.0.1', '内网IP', '{ }', '\"process/definition/processView\"', '0', null, '2020-03-16 22:20:23');
INSERT INTO `sys_oper_log` VALUES ('311', '流程设置', '4', 'com.ruoyi.process.definition.controller.ProcessDefinitionController.modelList()', 'GET', '1', 'admin', '研发部门', '/process/definition/processView/QJLC:1:82508', '127.0.0.1', '内网IP', '{ }', '\"process/definition/processView\"', '0', null, '2020-03-16 22:26:24');
INSERT INTO `sys_oper_log` VALUES ('312', '流程设置', '4', 'com.ruoyi.process.definition.controller.ProcessDefinitionController.modelList()', 'GET', '1', 'admin', '研发部门', '/process/definition/processView/QJLC:1:82508', '127.0.0.1', '内网IP', '{ }', '\"process/definition/processView\"', '0', null, '2020-03-16 22:26:33');
INSERT INTO `sys_oper_log` VALUES ('313', '流程设置', '4', 'com.ruoyi.process.definition.controller.ProcessDefinitionController.modelList()', 'GET', '1', 'admin', '研发部门', '/process/definition/processView/QJLC:1:82508', '127.0.0.1', '内网IP', '{ }', '\"process/definition/processView\"', '0', null, '2020-03-16 22:26:44');
INSERT INTO `sys_oper_log` VALUES ('314', '流程设置', '4', 'com.ruoyi.process.definition.controller.ProcessDefinitionController.modelList()', 'GET', '1', 'admin', '研发部门', '/process/definition/processView/QJLC:1:82508', '127.0.0.1', '内网IP', '{ }', '\"process/definition/processView\"', '0', null, '2020-03-16 22:26:53');
INSERT INTO `sys_oper_log` VALUES ('315', '流程设置', '4', 'com.ruoyi.process.definition.controller.ProcessDefinitionController.modelList()', 'GET', '1', 'admin', '研发部门', '/process/definition/processView/QJLC:1:82508', '127.0.0.1', '内网IP', '{ }', '\"process/definition/processView\"', '0', null, '2020-03-16 22:27:15');
INSERT INTO `sys_oper_log` VALUES ('316', '流程设置', '4', 'com.ruoyi.process.definition.controller.ProcessDefinitionController.modelList()', 'GET', '1', 'admin', '研发部门', '/process/definition/processView/QJLC:1:82508', '127.0.0.1', '内网IP', '{ }', '\"process/definition/processView\"', '0', null, '2020-03-16 22:33:32');
INSERT INTO `sys_oper_log` VALUES ('317', '流程设置', '4', 'com.ruoyi.process.definition.controller.ProcessDefinitionController.modelList()', 'GET', '1', 'admin', '研发部门', '/process/definition/processView/QJLC:1:82508', '127.0.0.1', '内网IP', '{ }', '\"process/definition/processView\"', '0', null, '2020-03-16 22:33:37');
INSERT INTO `sys_oper_log` VALUES ('318', '流程设置', '4', 'com.ruoyi.process.definition.controller.ProcessDefinitionController.modelList()', 'GET', '1', 'admin', '研发部门', '/process/definition/processView/QJLC:1:82508', '127.0.0.1', '内网IP', '{ }', '\"process/definition/processView\"', '0', null, '2020-03-16 22:37:49');
INSERT INTO `sys_oper_log` VALUES ('319', '流程设置', '4', 'com.ruoyi.process.definition.controller.ProcessDefinitionController.modelList()', 'GET', '1', 'admin', '研发部门', '/process/definition/processView/QJLC:1:82508', '127.0.0.1', '内网IP', '{ }', '\"process/definition/processView\"', '0', null, '2020-03-16 22:39:31');
INSERT INTO `sys_oper_log` VALUES ('320', '流程设置', '4', 'com.ruoyi.process.definition.controller.ProcessDefinitionController.modelList()', 'GET', '1', 'admin', '研发部门', '/process/definition/processView/QJLC:1:82508', '127.0.0.1', '内网IP', '{ }', '\"process/definition/processView\"', '0', null, '2020-03-16 22:39:33');
INSERT INTO `sys_oper_log` VALUES ('321', '流程设置', '4', 'com.ruoyi.process.definition.controller.ProcessDefinitionController.modelList()', 'GET', '1', 'admin', '研发部门', '/process/definition/processView/QJLC:1:82508', '127.0.0.1', '内网IP', '{ }', '\"process/definition/processView\"', '0', null, '2020-03-16 22:39:35');
INSERT INTO `sys_oper_log` VALUES ('322', '流程设置', '4', 'com.ruoyi.process.definition.controller.ProcessDefinitionController.modelList()', 'GET', '1', 'admin', '研发部门', '/process/definition/processView/QJLC:1:82508', '127.0.0.1', '内网IP', '{ }', '\"process/definition/processView\"', '0', null, '2020-03-16 22:40:02');
INSERT INTO `sys_oper_log` VALUES ('323', '流程设置', '4', 'com.ruoyi.process.definition.controller.ProcessDefinitionController.modelList()', 'GET', '1', 'admin', '研发部门', '/process/definition/processView/QJLC:1:82508', '127.0.0.1', '内网IP', '{ }', '\"process/definition/processView\"', '0', null, '2020-03-16 22:40:04');
INSERT INTO `sys_oper_log` VALUES ('324', '流程设置', '4', 'com.ruoyi.process.definition.controller.ProcessDefinitionController.modelList()', 'GET', '1', 'admin', '研发部门', '/process/definition/processView/QJLC:1:82508', '127.0.0.1', '内网IP', '{ }', '\"process/definition/processView\"', '0', null, '2020-03-16 22:40:07');
INSERT INTO `sys_oper_log` VALUES ('325', '流程设置', '4', 'com.ruoyi.process.definition.controller.ProcessDefinitionController.modelList()', 'GET', '1', 'admin', '研发部门', '/process/definition/processView/QJLC:1:82508', '127.0.0.1', '内网IP', '{ }', '\"process/definition/processView\"', '0', null, '2020-03-16 22:41:17');
INSERT INTO `sys_oper_log` VALUES ('326', '流程设置', '4', 'com.ruoyi.process.definition.controller.ProcessDefinitionController.modelList()', 'GET', '1', 'admin', '研发部门', '/process/definition/processView/QJLC:1:82508', '127.0.0.1', '内网IP', '{ }', '\"process/definition/processView\"', '0', null, '2020-03-16 22:41:51');
INSERT INTO `sys_oper_log` VALUES ('327', '流程设置', '4', 'com.ruoyi.process.definition.controller.ProcessDefinitionController.modelList()', 'GET', '1', 'admin', '研发部门', '/process/definition/processView/QJLC:1:82508', '127.0.0.1', '内网IP', '{ }', '\"process/definition/processView\"', '0', null, '2020-03-16 22:41:59');
INSERT INTO `sys_oper_log` VALUES ('328', '流程设置', '4', 'com.ruoyi.process.definition.controller.ProcessDefinitionController.modelList()', 'GET', '1', 'admin', '研发部门', '/process/definition/processView/QJLC:1:82508', '127.0.0.1', '内网IP', '{ }', '\"process/definition/processView\"', '0', null, '2020-03-16 22:42:44');
INSERT INTO `sys_oper_log` VALUES ('329', '流程设置', '4', 'com.ruoyi.process.definition.controller.ProcessDefinitionController.modelList()', 'GET', '1', 'admin', '研发部门', '/process/definition/processView/QJLC:1:82508', '127.0.0.1', '内网IP', '{ }', '\"process/definition/processView\"', '0', null, '2020-03-16 22:42:48');
INSERT INTO `sys_oper_log` VALUES ('330', '流程设置', '4', 'com.ruoyi.process.definition.controller.ProcessDefinitionController.modelList()', 'GET', '1', 'admin', '研发部门', '/process/definition/processView/QJLC:1:82508', '127.0.0.1', '内网IP', '{ }', '\"process/definition/processView\"', '0', null, '2020-03-16 22:43:23');
INSERT INTO `sys_oper_log` VALUES ('331', '流程设置', '4', 'com.ruoyi.process.definition.controller.ProcessDefinitionController.modelList()', 'GET', '1', 'admin', '研发部门', '/process/definition/processView/QJLC:1:82508', '127.0.0.1', '内网IP', '{ }', '\"process/definition/processView\"', '0', null, '2020-03-16 22:43:40');
INSERT INTO `sys_oper_log` VALUES ('332', '流程设置', '4', 'com.ruoyi.process.definition.controller.ProcessDefinitionController.modelList()', 'GET', '1', 'admin', '研发部门', '/process/definition/processView/QJLC:1:82508', '127.0.0.1', '内网IP', '{ }', '\"process/definition/processView\"', '0', null, '2020-03-16 22:44:43');
INSERT INTO `sys_oper_log` VALUES ('333', '流程设置', '4', 'com.ruoyi.process.definition.controller.ProcessDefinitionController.modelList()', 'GET', '1', 'admin', '研发部门', '/process/definition/processView/QJLC:1:82508', '127.0.0.1', '内网IP', '{ }', '\"process/definition/processView\"', '0', null, '2020-03-16 22:44:46');
INSERT INTO `sys_oper_log` VALUES ('334', '流程设置', '4', 'com.ruoyi.process.definition.controller.ProcessDefinitionController.modelList()', 'GET', '1', 'admin', '研发部门', '/process/definition/processView/QJLC:1:82508', '127.0.0.1', '内网IP', '{ }', '\"process/definition/processView\"', '0', null, '2020-03-16 22:46:04');
INSERT INTO `sys_oper_log` VALUES ('335', '流程设置', '4', 'com.ruoyi.process.definition.controller.ProcessDefinitionController.modelList()', 'GET', '1', 'admin', '研发部门', '/process/definition/processView/QJLC:1:82508', '127.0.0.1', '内网IP', '{ }', '\"process/definition/processView\"', '0', null, '2020-03-16 22:46:08');
INSERT INTO `sys_oper_log` VALUES ('336', '流程设置', '4', 'com.ruoyi.process.definition.controller.ProcessDefinitionController.modelList()', 'GET', '1', 'admin', '研发部门', '/process/definition/processView/QJLC:1:82508', '127.0.0.1', '内网IP', '{ }', '\"process/definition/processView\"', '0', null, '2020-03-16 23:01:12');
INSERT INTO `sys_oper_log` VALUES ('337', '流程设置', '4', 'com.ruoyi.process.definition.controller.ProcessDefinitionController.modelList()', 'GET', '1', 'admin', '研发部门', '/process/definition/processView/QJLC:1:82508', '127.0.0.1', '内网IP', '{ }', '\"process/definition/processView\"', '0', null, '2020-03-16 23:20:34');
INSERT INTO `sys_oper_log` VALUES ('338', '流程设置', '4', 'com.ruoyi.process.definition.controller.ProcessDefinitionController.modelList()', 'GET', '1', 'admin', '研发部门', '/process/definition/processView/QJLC:1:82508', '127.0.0.1', '内网IP', '{ }', '\"process/definition/processView\"', '0', null, '2020-03-16 23:20:59');
INSERT INTO `sys_oper_log` VALUES ('339', '流程设置', '4', 'com.ruoyi.process.definition.controller.ProcessDefinitionController.modelList()', 'GET', '1', 'admin', '研发部门', '/process/definition/processView/QJLC:1:82508', '127.0.0.1', '内网IP', '{ }', '\"process/definition/processView\"', '0', null, '2020-03-16 23:21:45');
INSERT INTO `sys_oper_log` VALUES ('340', '流程设置', '4', 'com.ruoyi.process.definition.controller.ProcessDefinitionController.modelList()', 'GET', '1', 'admin', '研发部门', '/process/definition/processView/QJLC:1:82508', '127.0.0.1', '内网IP', '{ }', '\"process/definition/processView\"', '0', null, '2020-03-16 23:23:01');
INSERT INTO `sys_oper_log` VALUES ('341', '流程设置', '4', 'com.ruoyi.process.definition.controller.ProcessDefinitionController.modelList()', 'GET', '1', 'admin', '研发部门', '/process/definition/processView/QJLC:1:82508', '127.0.0.1', '内网IP', '{ }', '\"process/definition/processView\"', '0', null, '2020-03-16 23:24:09');
INSERT INTO `sys_oper_log` VALUES ('342', '流程设置', '4', 'com.ruoyi.process.definition.controller.ProcessDefinitionController.modelList()', 'GET', '1', 'admin', '研发部门', '/process/definition/processView/QJLC:1:82508', '127.0.0.1', '内网IP', '{ }', '\"process/definition/processView\"', '0', null, '2020-03-16 23:25:24');
INSERT INTO `sys_oper_log` VALUES ('343', '流程设置', '4', 'com.ruoyi.process.definition.controller.ProcessDefinitionController.modelList()', 'GET', '1', 'admin', '研发部门', '/process/definition/processView/QJLC:1:82508', '127.0.0.1', '内网IP', '{ }', '\"process/definition/processView\"', '0', null, '2020-03-16 23:28:29');
INSERT INTO `sys_oper_log` VALUES ('344', '流程设置', '4', 'com.ruoyi.process.definition.controller.ProcessDefinitionController.modelList()', 'GET', '1', 'admin', '研发部门', '/process/definition/processView/QJLC:1:82508', '127.0.0.1', '内网IP', '{ }', '\"process/definition/processView\"', '0', null, '2020-03-16 23:32:51');
INSERT INTO `sys_oper_log` VALUES ('345', '流程设置', '4', 'com.ruoyi.process.definition.controller.ProcessDefinitionController.modelList()', 'GET', '1', 'admin', '研发部门', '/process/definition/processView/QJLC:1:82508', '127.0.0.1', '内网IP', '{ }', '\"process/definition/processView\"', '0', null, '2020-03-16 23:35:54');
INSERT INTO `sys_oper_log` VALUES ('346', '流程设置', '4', 'com.ruoyi.process.definition.controller.ProcessDefinitionController.modelList()', 'GET', '1', 'admin', '研发部门', '/process/definition/processView/QJLC:1:82508', '127.0.0.1', '内网IP', '{ }', '\"process/definition/processView\"', '0', null, '2020-03-16 23:37:24');
INSERT INTO `sys_oper_log` VALUES ('347', '流程设置', '4', 'com.ruoyi.process.definition.controller.ProcessDefinitionController.modelList()', 'GET', '1', 'admin', '研发部门', '/process/definition/processView/QJLC:1:82508', '127.0.0.1', '内网IP', '{ }', '\"process/definition/processView\"', '0', null, '2020-03-16 23:39:21');
INSERT INTO `sys_oper_log` VALUES ('348', '流程设置', '4', 'com.ruoyi.process.definition.controller.ProcessDefinitionController.modelList()', 'GET', '1', 'admin', '研发部门', '/process/definition/processView/QJLC:1:82508', '127.0.0.1', '内网IP', '{ }', '\"process/definition/processView\"', '0', null, '2020-03-16 23:42:33');
INSERT INTO `sys_oper_log` VALUES ('349', '流程设置', '4', 'com.ruoyi.process.definition.controller.ProcessDefinitionController.modelList()', 'GET', '1', 'admin', '研发部门', '/process/definition/processView/QJLC:1:82508', '127.0.0.1', '内网IP', '{ }', '\"process/definition/processView\"', '0', null, '2020-03-16 23:43:33');
INSERT INTO `sys_oper_log` VALUES ('350', '流程设置', '4', 'com.ruoyi.process.definition.controller.ProcessDefinitionController.modelList()', 'GET', '1', 'admin', '研发部门', '/process/definition/processView/QJLC:1:82508', '127.0.0.1', '内网IP', '{ }', '\"process/definition/processView\"', '0', null, '2020-03-16 23:44:18');
INSERT INTO `sys_oper_log` VALUES ('351', '流程设置', '4', 'com.ruoyi.process.definition.controller.ProcessDefinitionController.modelList()', 'GET', '1', 'admin', '研发部门', '/process/definition/processView/QJLC:1:82508', '127.0.0.1', '内网IP', '{ }', '\"process/definition/processView\"', '0', null, '2020-03-16 23:44:49');
INSERT INTO `sys_oper_log` VALUES ('352', '流程设置', '4', 'com.ruoyi.process.definition.controller.ProcessDefinitionController.modelList()', 'GET', '1', 'admin', '研发部门', '/process/definition/processView/QJLC:1:82508', '127.0.0.1', '内网IP', '{ }', '\"process/definition/processView\"', '0', null, '2020-03-16 23:45:48');
INSERT INTO `sys_oper_log` VALUES ('353', '流程设置', '4', 'com.ruoyi.process.definition.controller.ProcessDefinitionController.modelList()', 'GET', '1', 'admin', '研发部门', '/process/definition/processView/QJLC:1:82508', '127.0.0.1', '内网IP', '{ }', '\"process/definition/processView\"', '0', null, '2020-03-16 23:47:00');
INSERT INTO `sys_oper_log` VALUES ('354', '流程设置', '4', 'com.ruoyi.process.definition.controller.ProcessDefinitionController.modelList()', 'GET', '1', 'admin', '研发部门', '/process/definition/processView/QJLC:1:82508', '127.0.0.1', '内网IP', '{ }', '\"process/definition/processView\"', '0', null, '2020-03-16 23:47:43');
INSERT INTO `sys_oper_log` VALUES ('355', '流程设置', '4', 'com.ruoyi.process.definition.controller.ProcessDefinitionController.modelList()', 'GET', '1', 'admin', '研发部门', '/process/definition/processView/QJLC:1:82508', '127.0.0.1', '内网IP', '{ }', '\"process/definition/processView\"', '0', null, '2020-03-16 23:48:33');
INSERT INTO `sys_oper_log` VALUES ('356', '流程设置', '4', 'com.ruoyi.process.definition.controller.ProcessDefinitionController.modelList()', 'GET', '1', 'admin', '研发部门', '/process/definition/processView/QJLC:1:82508', '127.0.0.1', '内网IP', '{ }', '\"process/definition/processView\"', '0', null, '2020-03-17 20:26:22');
INSERT INTO `sys_oper_log` VALUES ('357', '流程设置', '4', 'com.ruoyi.process.definition.controller.ProcessDefinitionController.modelList()', 'GET', '1', 'admin', '研发部门', '/process/definition/processView/QJLC:1:82508', '127.0.0.1', '内网IP', '{ }', '\"process/definition/processView\"', '0', null, '2020-03-17 20:35:36');
INSERT INTO `sys_oper_log` VALUES ('358', '菜单管理', '3', 'com.ruoyi.web.controller.system.SysMenuController.remove()', 'GET', '1', 'admin', '研发部门', '/system/menu/remove/2010', '127.0.0.1', '内网IP', '{ }', '{\r\n  \"msg\" : \"菜单已分配,不允许删除\",\r\n  \"code\" : 301\r\n}', '0', null, '2020-03-17 20:55:41');
INSERT INTO `sys_oper_log` VALUES ('359', '用户管理', '2', 'com.ruoyi.web.controller.system.SysUserController.editSave()', 'POST', '1', 'admin', '研发部门', '/system/user/edit', '127.0.0.1', '内网IP', '{\r\n  \"userId\" : [ \"2\" ],\r\n  \"deptId\" : [ \"105\" ],\r\n  \"userName\" : [ \"若依\" ],\r\n  \"dept.deptName\" : [ \"测试部门\" ],\r\n  \"phonenumber\" : [ \"15666666666\" ],\r\n  \"email\" : [ \"ry@qq.com\" ],\r\n  \"loginName\" : [ \"ry\" ],\r\n  \"sex\" : [ \"1\" ],\r\n  \"remark\" : [ \"测试员\" ],\r\n  \"status\" : [ \"0\" ],\r\n  \"roleIds\" : [ \"\" ],\r\n  \"postIds\" : [ \"2\" ]\r\n}', '{\r\n  \"msg\" : \"操作成功\",\r\n  \"code\" : 0\r\n}', '0', null, '2020-03-17 20:55:57');
INSERT INTO `sys_oper_log` VALUES ('360', '用户管理', '2', 'com.ruoyi.web.controller.system.SysUserController.editSave()', 'POST', '1', 'admin', '研发部门', '/system/user/edit', '127.0.0.1', '内网IP', '{\r\n  \"userId\" : [ \"1\" ],\r\n  \"deptId\" : [ \"103\" ],\r\n  \"userName\" : [ \"若依\" ],\r\n  \"dept.deptName\" : [ \"研发部门\" ],\r\n  \"phonenumber\" : [ \"15888888888\" ],\r\n  \"email\" : [ \"ry@163.com\" ],\r\n  \"loginName\" : [ \"admin\" ],\r\n  \"sex\" : [ \"1\" ],\r\n  \"remark\" : [ \"管理员\" ],\r\n  \"status\" : [ \"0\" ],\r\n  \"roleIds\" : [ \"\" ],\r\n  \"postIds\" : [ \"1\" ]\r\n}', 'null', '1', '不允许操作超级管理员用户', '2020-03-17 20:56:05');
INSERT INTO `sys_oper_log` VALUES ('361', '角色管理', '2', 'com.ruoyi.web.controller.system.SysRoleController.authDataScopeSave()', 'POST', '1', 'admin', '研发部门', '/system/role/authDataScope', '127.0.0.1', '内网IP', '{\r\n  \"roleId\" : [ \"102\" ],\r\n  \"roleName\" : [ \"流程角色\" ],\r\n  \"roleKey\" : [ \"processRole\" ],\r\n  \"dataScope\" : [ \"2\" ],\r\n  \"deptIds\" : [ \"\" ]\r\n}', '{\r\n  \"msg\" : \"操作成功\",\r\n  \"code\" : 0\r\n}', '0', null, '2020-03-17 20:56:27');
INSERT INTO `sys_oper_log` VALUES ('362', '角色管理', '2', 'com.ruoyi.web.controller.system.SysRoleController.authDataScopeSave()', 'POST', '1', 'admin', '研发部门', '/system/role/authDataScope', '127.0.0.1', '内网IP', '{\r\n  \"roleId\" : [ \"102\" ],\r\n  \"roleName\" : [ \"流程角色\" ],\r\n  \"roleKey\" : [ \"processRole\" ],\r\n  \"dataScope\" : [ \"2\" ],\r\n  \"deptIds\" : [ \"\" ]\r\n}', '{\r\n  \"msg\" : \"操作成功\",\r\n  \"code\" : 0\r\n}', '0', null, '2020-03-17 20:56:32');
INSERT INTO `sys_oper_log` VALUES ('363', '角色管理', '2', 'com.ruoyi.web.controller.system.SysRoleController.authDataScopeSave()', 'POST', '1', 'admin', '研发部门', '/system/role/authDataScope', '127.0.0.1', '内网IP', '{\r\n  \"roleId\" : [ \"100\" ],\r\n  \"roleName\" : [ \"部门领导\" ],\r\n  \"roleKey\" : [ \"deptLeader\" ],\r\n  \"dataScope\" : [ \"2\" ],\r\n  \"deptIds\" : [ \"\" ]\r\n}', '{\r\n  \"msg\" : \"操作成功\",\r\n  \"code\" : 0\r\n}', '0', null, '2020-03-17 20:56:39');
INSERT INTO `sys_oper_log` VALUES ('364', '角色管理', '2', 'com.ruoyi.web.controller.system.SysRoleController.authDataScopeSave()', 'POST', '1', 'admin', '研发部门', '/system/role/authDataScope', '127.0.0.1', '内网IP', '{\r\n  \"roleId\" : [ \"2\" ],\r\n  \"roleName\" : [ \"普通角色\" ],\r\n  \"roleKey\" : [ \"common\" ],\r\n  \"dataScope\" : [ \"2\" ],\r\n  \"deptIds\" : [ \"\" ]\r\n}', '{\r\n  \"msg\" : \"操作成功\",\r\n  \"code\" : 0\r\n}', '0', null, '2020-03-17 20:56:47');
INSERT INTO `sys_oper_log` VALUES ('365', '角色管理', '2', 'com.ruoyi.web.controller.system.SysRoleController.authDataScopeSave()', 'POST', '1', 'admin', '研发部门', '/system/role/authDataScope', '127.0.0.1', '内网IP', '{\r\n  \"roleId\" : [ \"1\" ],\r\n  \"roleName\" : [ \"管理员\" ],\r\n  \"roleKey\" : [ \"admin\" ],\r\n  \"dataScope\" : [ \"2\" ],\r\n  \"deptIds\" : [ \"\" ]\r\n}', 'null', '1', '不允许操作超级管理员角色', '2020-03-17 20:56:54');
INSERT INTO `sys_oper_log` VALUES ('366', '菜单管理', '3', 'com.ruoyi.web.controller.system.SysMenuController.remove()', 'GET', '1', 'admin', '研发部门', '/system/menu/remove/2010', '127.0.0.1', '内网IP', '{ }', '{\r\n  \"msg\" : \"菜单已分配,不允许删除\",\r\n  \"code\" : 301\r\n}', '0', null, '2020-03-17 20:57:06');
INSERT INTO `sys_oper_log` VALUES ('367', '角色管理', '3', 'com.ruoyi.web.controller.system.SysRoleController.remove()', 'POST', '1', 'admin', '研发部门', '/system/role/remove', '127.0.0.1', '内网IP', '{\r\n  \"ids\" : [ \"102\" ]\r\n}', '{\r\n  \"msg\" : \"流程角色已分配,不能删除\",\r\n  \"code\" : 500\r\n}', '0', null, '2020-03-17 20:57:33');
INSERT INTO `sys_oper_log` VALUES ('368', '角色管理', '4', 'com.ruoyi.web.controller.system.SysRoleController.cancelAuthUser()', 'POST', '1', 'admin', '研发部门', '/system/role/authUser/cancel', '127.0.0.1', '内网IP', '{\r\n  \"roleId\" : [ \"102\" ],\r\n  \"userId\" : [ \"100\" ]\r\n}', '{\r\n  \"msg\" : \"操作成功\",\r\n  \"code\" : 0\r\n}', '0', null, '2020-03-17 20:57:40');
INSERT INTO `sys_oper_log` VALUES ('369', '角色管理', '4', 'com.ruoyi.web.controller.system.SysRoleController.cancelAuthUser()', 'POST', '1', 'admin', '研发部门', '/system/role/authUser/cancel', '127.0.0.1', '内网IP', '{\r\n  \"roleId\" : [ \"102\" ],\r\n  \"userId\" : [ \"101\" ]\r\n}', '{\r\n  \"msg\" : \"操作成功\",\r\n  \"code\" : 0\r\n}', '0', null, '2020-03-17 20:57:43');
INSERT INTO `sys_oper_log` VALUES ('370', '角色管理', '3', 'com.ruoyi.web.controller.system.SysRoleController.remove()', 'POST', '1', 'admin', '研发部门', '/system/role/remove', '127.0.0.1', '内网IP', '{\r\n  \"ids\" : [ \"102\" ]\r\n}', '{\r\n  \"msg\" : \"操作成功\",\r\n  \"code\" : 0\r\n}', '0', null, '2020-03-17 20:57:48');
INSERT INTO `sys_oper_log` VALUES ('371', '角色管理', '3', 'com.ruoyi.web.controller.system.SysRoleController.remove()', 'POST', '1', 'admin', '研发部门', '/system/role/remove', '127.0.0.1', '内网IP', '{\r\n  \"ids\" : [ \"101\" ]\r\n}', '{\r\n  \"msg\" : \"操作成功\",\r\n  \"code\" : 0\r\n}', '0', null, '2020-03-17 20:57:51');
INSERT INTO `sys_oper_log` VALUES ('372', '角色管理', '3', 'com.ruoyi.web.controller.system.SysRoleController.remove()', 'POST', '1', 'admin', '研发部门', '/system/role/remove', '127.0.0.1', '内网IP', '{\r\n  \"ids\" : [ \"100\" ]\r\n}', '{\r\n  \"msg\" : \"部门领导已分配,不能删除\",\r\n  \"code\" : 500\r\n}', '0', null, '2020-03-17 20:57:55');
INSERT INTO `sys_oper_log` VALUES ('373', '角色管理', '4', 'com.ruoyi.web.controller.system.SysRoleController.cancelAuthUser()', 'POST', '1', 'admin', '研发部门', '/system/role/authUser/cancel', '127.0.0.1', '内网IP', '{\r\n  \"roleId\" : [ \"100\" ],\r\n  \"userId\" : [ \"1\" ]\r\n}', '{\r\n  \"msg\" : \"操作成功\",\r\n  \"code\" : 0\r\n}', '0', null, '2020-03-17 20:58:01');
INSERT INTO `sys_oper_log` VALUES ('374', '角色管理', '4', 'com.ruoyi.web.controller.system.SysRoleController.cancelAuthUser()', 'POST', '1', 'admin', '研发部门', '/system/role/authUser/cancel', '127.0.0.1', '内网IP', '{\r\n  \"roleId\" : [ \"100\" ],\r\n  \"userId\" : [ \"100\" ]\r\n}', '{\r\n  \"msg\" : \"操作成功\",\r\n  \"code\" : 0\r\n}', '0', null, '2020-03-17 20:58:04');
INSERT INTO `sys_oper_log` VALUES ('375', '角色管理', '4', 'com.ruoyi.web.controller.system.SysRoleController.cancelAuthUser()', 'POST', '1', 'admin', '研发部门', '/system/role/authUser/cancel', '127.0.0.1', '内网IP', '{\r\n  \"roleId\" : [ \"100\" ],\r\n  \"userId\" : [ \"101\" ]\r\n}', '{\r\n  \"msg\" : \"操作成功\",\r\n  \"code\" : 0\r\n}', '0', null, '2020-03-17 20:58:07');
INSERT INTO `sys_oper_log` VALUES ('376', '角色管理', '3', 'com.ruoyi.web.controller.system.SysRoleController.remove()', 'POST', '1', 'admin', '研发部门', '/system/role/remove', '127.0.0.1', '内网IP', '{\r\n  \"ids\" : [ \"100\" ]\r\n}', '{\r\n  \"msg\" : \"操作成功\",\r\n  \"code\" : 0\r\n}', '0', null, '2020-03-17 20:58:11');
INSERT INTO `sys_oper_log` VALUES ('377', '角色管理', '2', 'com.ruoyi.web.controller.system.SysRoleController.editSave()', 'POST', '1', 'admin', '研发部门', '/system/role/edit', '127.0.0.1', '内网IP', '{\r\n  \"roleId\" : [ \"2\" ],\r\n  \"roleName\" : [ \"普通角色\" ],\r\n  \"roleKey\" : [ \"common\" ],\r\n  \"roleSort\" : [ \"2\" ],\r\n  \"status\" : [ \"0\" ],\r\n  \"remark\" : [ \"普通角色\" ],\r\n  \"menuIds\" : [ \"\" ]\r\n}', '{\r\n  \"msg\" : \"操作成功\",\r\n  \"code\" : 0\r\n}', '0', null, '2020-03-17 20:58:22');
INSERT INTO `sys_oper_log` VALUES ('378', '菜单管理', '3', 'com.ruoyi.web.controller.system.SysMenuController.remove()', 'GET', '1', 'admin', '研发部门', '/system/menu/remove/2016', '127.0.0.1', '内网IP', '{ }', '{\r\n  \"msg\" : \"菜单已分配,不允许删除\",\r\n  \"code\" : 301\r\n}', '0', null, '2020-03-17 20:58:39');
INSERT INTO `sys_oper_log` VALUES ('379', '角色管理', '2', 'com.ruoyi.web.controller.system.SysRoleController.editSave()', 'POST', '1', 'admin', '研发部门', '/system/role/edit', '127.0.0.1', '内网IP', '{\r\n  \"roleId\" : [ \"1\" ],\r\n  \"roleName\" : [ \"管理员\" ],\r\n  \"roleKey\" : [ \"admin\" ],\r\n  \"roleSort\" : [ \"1\" ],\r\n  \"status\" : [ \"0\" ],\r\n  \"remark\" : [ \"管理员\" ],\r\n  \"menuIds\" : [ \"1,100,1000,1001,1002,1003,1004,1005,1006,101,1007,1008,1009,1010,1011,102,1012,1013,1014,1015,103,1016,1017,1018,1019,104,1020,1021,1022,1023,1024,105,1025,1026,1027,1028,1029,106,1030,1031,1032,1033,1034,107,1035,1036,1037,1038,108,500,1039,1040,1041,1042,501,1043,1044,1045,2,109,1046,1047,1048,110,1049,1050,1051,1052,1053,1054,1055,111,112,3,113,114,1056,1057,1058,1059,1060,115,2017,2024,2018,2019,2020,2021,2022,2023,2025,2026,2027,2028,2029,2030,2031,2032,2033,2034,2035,2036,2037,2038,2045,2039,2040,2044,2046,2047,2048\" ]\r\n}', 'null', '1', '不允许操作超级管理员角色', '2020-03-17 20:59:04');
INSERT INTO `sys_oper_log` VALUES ('380', '角色管理', '2', 'com.ruoyi.web.controller.system.SysRoleController.editSave()', 'POST', '1', 'admin', '研发部门', '/system/role/edit', '127.0.0.1', '内网IP', '{\r\n  \"roleId\" : [ \"1\" ],\r\n  \"roleName\" : [ \"管理员\" ],\r\n  \"roleKey\" : [ \"admin\" ],\r\n  \"roleSort\" : [ \"1\" ],\r\n  \"status\" : [ \"0\" ],\r\n  \"remark\" : [ \"管理员\" ],\r\n  \"menuIds\" : [ \"1,100,1000,1001,1002,1003,1004,1005,1006,101,1007,1008,1009,1010,1011,102,1012,1013,1014,1015,103,1016,1017,1018,1019,104,1020,1021,1022,1023,1024,105,1025,1026,1027,1028,1029,106,1030,1031,1032,1033,1034,107,1035,1036,1037,1038,108,500,1039,1040,1041,1042,501,1043,1044,1045,2000,2049,2001,2002,2050,2051,2052,2053,2054,2,109,1046,1047,1048,110,1049,1050,1051,1052,1053,1054,1055,111,112,3,113,114,1056,1057,1058,1059,1060,115,2017,2024,2018,2019,2020,2021,2022,2023,2025,2026,2027,2028,2029,2030,2031,2032,2033,2034,2035,2036,2037,2038,2045,2039,2040,2044,2046,2047,2048\" ]\r\n}', 'null', '1', '不允许操作超级管理员角色', '2020-03-17 20:59:17');
INSERT INTO `sys_oper_log` VALUES ('381', '角色管理', '2', 'com.ruoyi.web.controller.system.SysRoleController.changeStatus()', 'POST', '1', 'admin', '研发部门', '/system/role/changeStatus', '127.0.0.1', '内网IP', '{\r\n  \"roleId\" : [ \"1\" ],\r\n  \"status\" : [ \"1\" ]\r\n}', 'null', '1', '不允许操作超级管理员角色', '2020-03-17 20:59:50');
INSERT INTO `sys_oper_log` VALUES ('382', '菜单管理', '3', 'com.ruoyi.web.controller.system.SysMenuController.remove()', 'GET', '1', 'admin', '研发部门', '/system/menu/remove/2016', '127.0.0.1', '内网IP', '{ }', '{\r\n  \"msg\" : \"操作成功\",\r\n  \"code\" : 0\r\n}', '0', null, '2020-03-17 21:11:17');
INSERT INTO `sys_oper_log` VALUES ('383', '菜单管理', '3', 'com.ruoyi.web.controller.system.SysMenuController.remove()', 'GET', '1', 'admin', '研发部门', '/system/menu/remove/2015', '127.0.0.1', '内网IP', '{ }', '{\r\n  \"msg\" : \"操作成功\",\r\n  \"code\" : 0\r\n}', '0', null, '2020-03-17 21:11:59');
INSERT INTO `sys_oper_log` VALUES ('384', '菜单管理', '3', 'com.ruoyi.web.controller.system.SysMenuController.remove()', 'GET', '1', 'admin', '研发部门', '/system/menu/remove/2014', '127.0.0.1', '内网IP', '{ }', '{\r\n  \"msg\" : \"操作成功\",\r\n  \"code\" : 0\r\n}', '0', null, '2020-03-17 21:12:08');
INSERT INTO `sys_oper_log` VALUES ('385', '菜单管理', '3', 'com.ruoyi.web.controller.system.SysMenuController.remove()', 'GET', '1', 'admin', '研发部门', '/system/menu/remove/2013', '127.0.0.1', '内网IP', '{ }', '{\r\n  \"msg\" : \"操作成功\",\r\n  \"code\" : 0\r\n}', '0', null, '2020-03-17 21:12:15');
INSERT INTO `sys_oper_log` VALUES ('386', '菜单管理', '3', 'com.ruoyi.web.controller.system.SysMenuController.remove()', 'GET', '1', 'admin', '研发部门', '/system/menu/remove/2012', '127.0.0.1', '内网IP', '{ }', '{\r\n  \"msg\" : \"操作成功\",\r\n  \"code\" : 0\r\n}', '0', null, '2020-03-17 21:12:22');
INSERT INTO `sys_oper_log` VALUES ('387', '菜单管理', '3', 'com.ruoyi.web.controller.system.SysMenuController.remove()', 'GET', '1', 'admin', '研发部门', '/system/menu/remove/2011', '127.0.0.1', '内网IP', '{ }', '{\r\n  \"msg\" : \"操作成功\",\r\n  \"code\" : 0\r\n}', '0', null, '2020-03-17 21:12:29');
INSERT INTO `sys_oper_log` VALUES ('388', '菜单管理', '3', 'com.ruoyi.web.controller.system.SysMenuController.remove()', 'GET', '1', 'admin', '研发部门', '/system/menu/remove/2010', '127.0.0.1', '内网IP', '{ }', '{\r\n  \"msg\" : \"操作成功\",\r\n  \"code\" : 0\r\n}', '0', null, '2020-03-17 21:12:37');
INSERT INTO `sys_oper_log` VALUES ('389', '菜单管理', '3', 'com.ruoyi.web.controller.system.SysMenuController.remove()', 'GET', '1', 'admin', '研发部门', '/system/menu/remove/2006', '127.0.0.1', '内网IP', '{ }', '{\r\n  \"msg\" : \"操作成功\",\r\n  \"code\" : 0\r\n}', '0', null, '2020-03-17 21:12:46');
INSERT INTO `sys_oper_log` VALUES ('390', '菜单管理', '3', 'com.ruoyi.web.controller.system.SysMenuController.remove()', 'GET', '1', 'admin', '研发部门', '/system/menu/remove/2009', '127.0.0.1', '内网IP', '{ }', '{\r\n  \"msg\" : \"操作成功\",\r\n  \"code\" : 0\r\n}', '0', null, '2020-03-17 21:12:54');
INSERT INTO `sys_oper_log` VALUES ('391', '菜单管理', '3', 'com.ruoyi.web.controller.system.SysMenuController.remove()', 'GET', '1', 'admin', '研发部门', '/system/menu/remove/2007', '127.0.0.1', '内网IP', '{ }', '{\r\n  \"msg\" : \"操作成功\",\r\n  \"code\" : 0\r\n}', '0', null, '2020-03-17 21:13:01');
INSERT INTO `sys_oper_log` VALUES ('392', '菜单管理', '3', 'com.ruoyi.web.controller.system.SysMenuController.remove()', 'GET', '1', 'admin', '研发部门', '/system/menu/remove/2008', '127.0.0.1', '内网IP', '{ }', '{\r\n  \"msg\" : \"操作成功\",\r\n  \"code\" : 0\r\n}', '0', null, '2020-03-17 21:13:08');
INSERT INTO `sys_oper_log` VALUES ('393', '菜单管理', '3', 'com.ruoyi.web.controller.system.SysMenuController.remove()', 'GET', '1', 'admin', '研发部门', '/system/menu/remove/2005', '127.0.0.1', '内网IP', '{ }', '{\r\n  \"msg\" : \"操作成功\",\r\n  \"code\" : 0\r\n}', '0', null, '2020-03-17 21:13:14');
INSERT INTO `sys_oper_log` VALUES ('394', '流程设置', '4', 'com.ruoyi.process.definition.controller.ProcessDefinitionController.modelList()', 'GET', '1', 'admin', '研发部门', '/process/definition/processView/QJLC:1:82508', '127.0.0.1', '内网IP', '{ }', '\"process/definition/processView\"', '0', null, '2020-03-17 21:13:44');
INSERT INTO `sys_oper_log` VALUES ('395', '流程设置', '4', 'com.ruoyi.process.definition.controller.ProcessDefinitionController.modelList()', 'GET', '1', 'admin', '研发部门', '/process/definition/processView/QJLC:1:82508', '127.0.0.1', '内网IP', '{ }', '\"process/definition/processView\"', '0', null, '2020-03-17 21:24:24');
INSERT INTO `sys_oper_log` VALUES ('396', '流程设置', '4', 'com.ruoyi.process.definition.controller.ProcessDefinitionController.modelList()', 'GET', '1', 'admin', '研发部门', '/process/definition/processView/QJLC:1:82508', '127.0.0.1', '内网IP', '{ }', '\"process/definition/processView\"', '0', null, '2020-03-17 22:29:03');
INSERT INTO `sys_oper_log` VALUES ('397', '流程设置', '4', 'com.ruoyi.process.definition.controller.ProcessDefinitionController.modelList()', 'GET', '1', 'admin', '研发部门', '/process/definition/processView/QJLC:1:82508', '127.0.0.1', '内网IP', '{ }', '\"process/definition/processView\"', '0', null, '2020-03-17 22:40:22');
INSERT INTO `sys_oper_log` VALUES ('398', '流程设置', '4', 'com.ruoyi.process.definition.controller.ProcessDefinitionController.modelList()', 'GET', '1', 'admin', '研发部门', '/process/definition/processView/QJLC:1:82508', '127.0.0.1', '内网IP', '{ }', '\"process/definition/processView\"', '0', null, '2020-03-17 22:51:37');
INSERT INTO `sys_oper_log` VALUES ('399', '流程设置', '4', 'com.ruoyi.process.definition.controller.ProcessDefinitionController.modelList()', 'GET', '1', 'admin', '研发部门', '/process/definition/processView/QJLC:1:82508', '127.0.0.1', '内网IP', '{ }', '\"process/definition/processView\"', '0', null, '2020-03-17 22:58:36');
INSERT INTO `sys_oper_log` VALUES ('400', '流程设置', '4', 'com.ruoyi.process.definition.controller.ProcessDefinitionController.modelList()', 'GET', '1', 'admin', '研发部门', '/process/definition/processView/QJLC:1:82508', '127.0.0.1', '内网IP', '{ }', '\"process/definition/processView\"', '0', null, '2020-03-17 23:16:18');
INSERT INTO `sys_oper_log` VALUES ('401', '流程设置', '4', 'com.ruoyi.process.definition.controller.ProcessDefinitionController.modelList()', 'GET', '1', 'admin', '研发部门', '/process/definition/processView/QJLC:1:82508', '127.0.0.1', '内网IP', '{ }', '\"process/definition/processView\"', '0', null, '2020-03-17 23:23:09');
INSERT INTO `sys_oper_log` VALUES ('402', '流程设置', '4', 'com.ruoyi.process.definition.controller.ProcessDefinitionController.modelList()', 'GET', '1', 'admin', '研发部门', '/process/definition/processView/QJLC:1:82508', '127.0.0.1', '内网IP', '{ }', '\"process/definition/processView\"', '0', null, '2020-03-17 23:28:35');
INSERT INTO `sys_oper_log` VALUES ('403', '流程设置', '4', 'com.ruoyi.process.definition.controller.ProcessDefinitionController.modelList()', 'GET', '1', 'admin', '研发部门', '/process/definition/processView/QJLC:1:82508', '127.0.0.1', '内网IP', '{ }', '\"process/definition/processView\"', '0', null, '2020-03-18 21:10:01');
INSERT INTO `sys_oper_log` VALUES ('404', '流程设置', '4', 'com.ruoyi.process.definition.controller.ProcessDefinitionController.modelList()', 'GET', '1', 'admin', '研发部门', '/process/definition/processView/QJLC:1:82508', '127.0.0.1', '内网IP', '{ }', '\"process/definition/processView\"', '0', null, '2020-03-18 21:13:11');
INSERT INTO `sys_oper_log` VALUES ('405', '流程设置', '4', 'com.ruoyi.process.definition.controller.ProcessDefinitionController.modelList()', 'GET', '1', 'admin', '研发部门', '/process/definition/processView/QJLC:1:82508', '127.0.0.1', '内网IP', '{ }', '\"process/definition/processView\"', '0', null, '2020-03-18 21:28:01');
INSERT INTO `sys_oper_log` VALUES ('406', '流程设置', '4', 'com.ruoyi.process.definition.controller.ProcessDefinitionController.modelList()', 'GET', '1', 'admin', '研发部门', '/process/definition/processView/QJLC:1:82508', '127.0.0.1', '内网IP', '{ }', '\"process/definition/processView\"', '0', null, '2020-03-18 21:28:59');
INSERT INTO `sys_oper_log` VALUES ('407', '流程设置', '4', 'com.ruoyi.process.definition.controller.ProcessDefinitionController.modelList()', 'GET', '1', 'admin', '研发部门', '/process/definition/processView/QJLC:1:82508', '127.0.0.1', '内网IP', '{ }', '\"process/definition/processView\"', '0', null, '2020-03-18 21:30:57');
INSERT INTO `sys_oper_log` VALUES ('408', '流程挂起/激活', '0', 'com.ruoyi.process.definition.controller.ProcessDefinitionController.updateState()', 'GET', '1', 'admin', '研发部门', '/process/definition/processUp/QJLC:1:82508/1', '127.0.0.1', '内网IP', '{ }', '{\r\n  \"msg\" : \"操作成功\",\r\n  \"code\" : 0\r\n}', '0', null, '2020-03-18 21:32:09');
INSERT INTO `sys_oper_log` VALUES ('409', '流程挂起/激活', '0', 'com.ruoyi.process.definition.controller.ProcessDefinitionController.updateState()', 'GET', '1', 'admin', '研发部门', '/process/definition/processUp/QJLC:1:82508/2', '127.0.0.1', '内网IP', '{ }', '{\r\n  \"msg\" : \"操作成功\",\r\n  \"code\" : 0\r\n}', '0', null, '2020-03-18 21:32:22');
INSERT INTO `sys_oper_log` VALUES ('410', '流程设置', '4', 'com.ruoyi.process.definition.controller.ProcessDefinitionController.modelList()', 'GET', '1', 'admin', '研发部门', '/process/definition/processView/QJLC:1:82508', '127.0.0.1', '内网IP', '{ }', '\"process/definition/processView\"', '0', null, '2020-03-18 21:32:31');
INSERT INTO `sys_oper_log` VALUES ('411', '流程设置', '4', 'com.ruoyi.process.definition.controller.ProcessDefinitionController.modelList()', 'GET', '1', 'admin', '研发部门', '/process/definition/processView/QJLC:1:82508', '127.0.0.1', '内网IP', '{ }', '\"process/definition/processView\"', '0', null, '2020-03-18 21:32:48');
INSERT INTO `sys_oper_log` VALUES ('412', '流程设置', '4', 'com.ruoyi.process.definition.controller.ProcessDefinitionController.modelList()', 'GET', '1', 'admin', '研发部门', '/process/definition/processView/QJLC:1:82508', '127.0.0.1', '内网IP', '{ }', '\"process/definition/processView\"', '0', null, '2020-03-18 21:33:19');
INSERT INTO `sys_oper_log` VALUES ('413', '流程设置', '4', 'com.ruoyi.process.definition.controller.ProcessDefinitionController.modelList()', 'GET', '1', 'admin', '研发部门', '/process/definition/processView/QJLC:1:82508', '127.0.0.1', '内网IP', '{ }', '\"process/definition/processView\"', '0', null, '2020-03-18 21:46:50');
INSERT INTO `sys_oper_log` VALUES ('414', '流程设置', '4', 'com.ruoyi.process.definition.controller.ProcessDefinitionController.modelList()', 'GET', '1', 'admin', '研发部门', '/process/definition/processView/QJLC:1:82508', '127.0.0.1', '内网IP', '{ }', '\"process/definition/processView\"', '0', null, '2020-03-18 22:03:58');
INSERT INTO `sys_oper_log` VALUES ('415', '角色管理', '2', 'com.ruoyi.web.controller.system.SysRoleController.changeStatus()', 'POST', '1', 'admin', '研发部门', '/system/role/changeStatus', '127.0.0.1', '内网IP', '{\r\n  \"roleId\" : [ \"2\" ],\r\n  \"status\" : [ \"1\" ]\r\n}', '{\r\n  \"msg\" : \"操作成功\",\r\n  \"code\" : 0\r\n}', '0', null, '2020-03-18 22:10:14');
INSERT INTO `sys_oper_log` VALUES ('416', '流程设置', '4', 'com.ruoyi.process.definition.controller.ProcessDefinitionController.modelList()', 'GET', '1', 'admin', '研发部门', '/process/definition/processView/QJLC:1:82508', '127.0.0.1', '内网IP', '{ }', '\"process/definition/processView\"', '0', null, '2020-03-18 22:10:26');
INSERT INTO `sys_oper_log` VALUES ('417', '用户管理', '2', 'com.ruoyi.web.controller.system.SysUserController.changeStatus()', 'POST', '1', 'admin', '研发部门', '/system/user/changeStatus', '127.0.0.1', '内网IP', '{\r\n  \"userId\" : [ \"100\" ],\r\n  \"status\" : [ \"1\" ]\r\n}', '{\r\n  \"msg\" : \"操作成功\",\r\n  \"code\" : 0\r\n}', '0', null, '2020-03-18 22:13:14');
INSERT INTO `sys_oper_log` VALUES ('418', '用户管理', '2', 'com.ruoyi.web.controller.system.SysUserController.changeStatus()', 'POST', '1', 'admin', '研发部门', '/system/user/changeStatus', '127.0.0.1', '内网IP', '{\r\n  \"userId\" : [ \"100\" ],\r\n  \"status\" : [ \"0\" ]\r\n}', '{\r\n  \"msg\" : \"操作成功\",\r\n  \"code\" : 0\r\n}', '0', null, '2020-03-18 22:15:12');
INSERT INTO `sys_oper_log` VALUES ('419', '流程设置', '4', 'com.ruoyi.process.definition.controller.ProcessDefinitionController.modelList()', 'GET', '1', 'admin', '研发部门', '/process/definition/processView/QJLC:1:82508', '127.0.0.1', '内网IP', '{ }', '\"process/definition/processView\"', '0', null, '2020-03-18 22:59:48');
INSERT INTO `sys_oper_log` VALUES ('420', '流程定义', '5', 'com.ruoyi.process.definition.controller.ProcessDefinitionController.export()', 'POST', '1', 'admin', '研发部门', '/process/definition/export', '127.0.0.1', '内网IP', '{\r\n  \"key\" : [ \"\" ],\r\n  \"name\" : [ \"\" ],\r\n  \"category\" : [ \"\" ],\r\n  \"orderByColumn\" : [ \"\" ],\r\n  \"isAsc\" : [ \"asc\" ]\r\n}', '{\r\n  \"msg\" : \"b8a2f0d9-07b6-4bb1-80ca-0ccd42680cce_流程定义数据.xlsx\",\r\n  \"code\" : 0\r\n}', '0', null, '2020-03-18 23:00:16');
INSERT INTO `sys_oper_log` VALUES ('421', '请假业务', '1', 'com.ruoyi.process.leave.controller.BizLeaveController.addSave()', 'POST', '1', 'admin', '研发部门', '/process/leave/add', '127.0.0.1', '内网IP', '{\r\n  \"type\" : [ \"2\" ],\r\n  \"title\" : [ \"有事请假\" ],\r\n  \"reason\" : [ \"有事\" ],\r\n  \"startTime\" : [ \"2020-03-19 20:55\" ],\r\n  \"endTime\" : [ \"2020-03-25 17:25\" ],\r\n  \"totalTime\" : [ \"\" ],\r\n  \"totalTimeText\" : [ \"\" ]\r\n}', '{\r\n  \"msg\" : \"提交申请失败：不允许管理员提交申请！\",\r\n  \"code\" : 500\r\n}', '0', null, '2020-03-19 20:43:33');
INSERT INTO `sys_oper_log` VALUES ('422', '请假业务', '1', 'com.ruoyi.process.leave.controller.BizLeaveController.addSave()', 'POST', '1', 'admin', '研发部门', '/process/leave/add', '127.0.0.1', '内网IP', '{\r\n  \"type\" : [ \"1\" ],\r\n  \"title\" : [ \"有事\" ],\r\n  \"reason\" : [ \"请假\" ],\r\n  \"startTime\" : [ \"2020-03-19 20:55\" ],\r\n  \"endTime\" : [ \"2020-03-20 21:50\" ],\r\n  \"totalTime\" : [ \"\" ],\r\n  \"totalTimeText\" : [ \"\" ]\r\n}', '{\r\n  \"msg\" : \"操作成功\",\r\n  \"code\" : 0\r\n}', '0', null, '2020-03-19 20:54:16');
INSERT INTO `sys_oper_log` VALUES ('423', '流程设置', '4', 'com.ruoyi.process.definition.controller.ProcessDefinitionController.modelList()', 'GET', '1', 'admin', '研发部门', '/process/definition/processView/QJLC:1:82508', '127.0.0.1', '内网IP', '{ }', '\"process/definition/processView\"', '0', null, '2020-03-19 21:36:22');
INSERT INTO `sys_oper_log` VALUES ('424', '流程设置', '4', 'com.ruoyi.process.definition.controller.ProcessDefinitionController.modelList()', 'GET', '1', 'admin', '研发部门', '/process/definition/processView/QJLC:1:82508', '127.0.0.1', '内网IP', '{ }', '\"process/definition/processView\"', '0', null, '2020-03-19 21:42:36');
INSERT INTO `sys_oper_log` VALUES ('425', '代码生成', '6', 'com.ruoyi.generator.controller.GenController.importTableSave()', 'POST', '1', 'admin', '研发部门', '/tool/gen/importTable', '127.0.0.1', '内网IP', '{\r\n  \"tables\" : [ \"leavedemo\" ]\r\n}', '{\r\n  \"msg\" : \"操作成功\",\r\n  \"code\" : 0\r\n}', '0', null, '2020-03-19 22:00:04');
INSERT INTO `sys_oper_log` VALUES ('426', '代码生成', '2', 'com.ruoyi.generator.controller.GenController.editSave()', 'POST', '1', 'admin', '研发部门', '/tool/gen/edit', '127.0.0.1', '内网IP', '{\r\n  \"tableId\" : [ \"1\" ],\r\n  \"tableName\" : [ \"leavedemo\" ],\r\n  \"tableComment\" : [ \"请假测试的业务表\" ],\r\n  \"className\" : [ \"Leavedemo\" ],\r\n  \"functionAuthor\" : [ \"ren\" ],\r\n  \"remark\" : [ \"请假流程的demo\" ],\r\n  \"columns[0].columnId\" : [ \"1\" ],\r\n  \"columns[0].sort\" : [ \"1\" ],\r\n  \"columns[0].columnComment\" : [ \"id\" ],\r\n  \"columns[0].javaType\" : [ \"String\" ],\r\n  \"columns[0].javaField\" : [ \"id\" ],\r\n  \"columns[0].isInsert\" : [ \"1\" ],\r\n  \"columns[0].queryType\" : [ \"EQ\" ],\r\n  \"columns[0].htmlType\" : [ \"input\" ],\r\n  \"columns[0].dictType\" : [ \"\" ],\r\n  \"columns[1].columnId\" : [ \"2\" ],\r\n  \"columns[1].sort\" : [ \"2\" ],\r\n  \"columns[1].columnComment\" : [ \"标题\" ],\r\n  \"columns[1].javaType\" : [ \"String\" ],\r\n  \"columns[1].javaField\" : [ \"title\" ],\r\n  \"columns[1].isInsert\" : [ \"1\" ],\r\n  \"columns[1].isEdit\" : [ \"1\" ],\r\n  \"columns[1].isList\" : [ \"1\" ],\r\n  \"columns[1].isQuery\" : [ \"1\" ],\r\n  \"columns[1].queryType\" : [ \"EQ\" ],\r\n  \"columns[1].htmlType\" : [ \"textarea\" ],\r\n  \"columns[1].dictType\" : [ \"\" ],\r\n  \"columns[2].columnId\" : [ \"3\" ],\r\n  \"columns[2].sort\" : [ \"3\" ],\r\n  \"columns[2].columnComment\" : [ \"说明\" ],\r\n  \"columns[2].javaType\" : [ \"String\" ],\r\n  \"columns[2].javaField\" : [ \"remark\" ],\r\n  \"columns[2].isInsert\" : [ \"1\" ],\r\n  \"columns[2].isEdit\" : [ \"1\" ],\r\n  \"columns[2].isList\" : [ \"1\" ],\r\n  \"columns[2].queryType\" : [ \"EQ\" ],\r\n  \"columns[2].htmlType\" : [ \"textarea\" ],\r\n  \"columns[2].dictType\" : [ \"\" ],\r\n  \"columns[3].columnId\" : [ \"4\" ],\r\n  \"columns[3].sort\" : [ \"4\" ],\r\n  \"columns[3].columnComment\" : [ \"图片\" ],\r\n  \"columns[3].javaType\" : [ \"String\" ],\r\n  \"columns[3].javaField\" : [ \"pic\" ],\r\n  \"columns[3].isInsert\" : [ \"1\" ],\r\n  \"columns[3].isEdit\" : [ \"1\" ],\r\n  \"columns[3].isList\" : [ \"1\" ],\r\n  \"columns[3].isQuery\" : [ \"1\" ],\r\n  \"columns[3].queryType\" : [ \"EQ\" ],\r\n  \"columns[3].htmlType\" : [ \"input\" ],\r\n  \"columns[3].dictType\" : [ \"\" ],\r\n  \"columns[4].columnId\" : [ \"5\" ],\r\n  \"columns[4].sort\" : [ \"5\" ],\r\n  \"columns[4].columnComment\" : [ \"请假开始时间\" ],\r\n  \"columns[4].javaType\" : [ \"Date\" ],\r\n  \"columns[4', '{\r\n  \"msg\" : \"操作成功\",\r\n  \"code\" : 0\r\n}', '0', null, '2020-03-19 22:05:05');
INSERT INTO `sys_oper_log` VALUES ('427', '代码生成', '8', 'com.ruoyi.generator.controller.GenController.genCode()', 'GET', '1', 'admin', '研发部门', '/tool/gen/genCode/leavedemo', '127.0.0.1', '内网IP', '{ }', 'null', '0', null, '2020-03-19 22:06:55');
INSERT INTO `sys_oper_log` VALUES ('428', '菜单管理', '3', 'com.ruoyi.web.controller.system.SysMenuController.remove()', 'GET', '1', 'admin', '研发部门', '/system/menu/remove/2060', '127.0.0.1', '内网IP', '{ }', '{\r\n  \"msg\" : \"操作成功\",\r\n  \"code\" : 0\r\n}', '0', null, '2020-03-19 22:26:41');
INSERT INTO `sys_oper_log` VALUES ('429', '菜单管理', '3', 'com.ruoyi.web.controller.system.SysMenuController.remove()', 'GET', '1', 'admin', '研发部门', '/system/menu/remove/2059', '127.0.0.1', '内网IP', '{ }', '{\r\n  \"msg\" : \"操作成功\",\r\n  \"code\" : 0\r\n}', '0', null, '2020-03-19 22:26:46');
INSERT INTO `sys_oper_log` VALUES ('430', '菜单管理', '3', 'com.ruoyi.web.controller.system.SysMenuController.remove()', 'GET', '1', 'admin', '研发部门', '/system/menu/remove/2058', '127.0.0.1', '内网IP', '{ }', '{\r\n  \"msg\" : \"操作成功\",\r\n  \"code\" : 0\r\n}', '0', null, '2020-03-19 22:26:50');
INSERT INTO `sys_oper_log` VALUES ('431', '菜单管理', '3', 'com.ruoyi.web.controller.system.SysMenuController.remove()', 'GET', '1', 'admin', '研发部门', '/system/menu/remove/2057', '127.0.0.1', '内网IP', '{ }', '{\r\n  \"msg\" : \"操作成功\",\r\n  \"code\" : 0\r\n}', '0', null, '2020-03-19 22:26:54');
INSERT INTO `sys_oper_log` VALUES ('432', '菜单管理', '3', 'com.ruoyi.web.controller.system.SysMenuController.remove()', 'GET', '1', 'admin', '研发部门', '/system/menu/remove/2056', '127.0.0.1', '内网IP', '{ }', '{\r\n  \"msg\" : \"操作成功\",\r\n  \"code\" : 0\r\n}', '0', null, '2020-03-19 22:26:57');
INSERT INTO `sys_oper_log` VALUES ('433', '菜单管理', '3', 'com.ruoyi.web.controller.system.SysMenuController.remove()', 'GET', '1', 'admin', '研发部门', '/system/menu/remove/2055', '127.0.0.1', '内网IP', '{ }', '{\r\n  \"msg\" : \"操作成功\",\r\n  \"code\" : 0\r\n}', '0', null, '2020-03-19 22:27:01');
INSERT INTO `sys_oper_log` VALUES ('434', '请假demo', '1', 'com.ruoyi.process.leavedemo.controller.LeavedemoController.addSave()', 'POST', '1', 'admin', '研发部门', '/leavedemo/leavedemo/add', '127.0.0.1', '内网IP', '{\r\n  \"title\" : [ \"请假测试\" ],\r\n  \"pic\" : [ \"a.png\" ],\r\n  \"starttime\" : [ \"2020-03-19\" ],\r\n  \"endtime\" : [ \"2020-03-26\" ],\r\n  \"remark\" : [ \"测试数据\" ]\r\n}', 'null', '1', '\r\n### Error updating database.  Cause: java.sql.SQLException: Field \'id\' doesn\'t have a default value\r\n### The error may involve com.ruoyi.process.leavedemo.mapper.LeavedemoMapper.insertLeavedemo-Inline\r\n### The error occurred while setting parameters\r\n### SQL: insert into leavedemo          ( title,             remark,             pic,             starttime,             endtime )           values ( ?,             ?,             ?,             ?,             ? )\r\n### Cause: java.sql.SQLException: Field \'id\' doesn\'t have a default value\n; Field \'id\' doesn\'t have a default value; nested exception is java.sql.SQLException: Field \'id\' doesn\'t have a default value', '2020-03-19 22:36:23');
INSERT INTO `sys_oper_log` VALUES ('435', '请假demo', '1', 'com.ruoyi.process.leavedemo.controller.LeavedemoController.addSave()', 'POST', '1', 'admin', '研发部门', '/leavedemo/leavedemo/add', '127.0.0.1', '内网IP', '{\r\n  \"title\" : [ \"测试\" ],\r\n  \"pic\" : [ \"a.png\" ],\r\n  \"starttime\" : [ \"2020-03-19\" ],\r\n  \"endtime\" : [ \"2020-03-26\" ],\r\n  \"remark\" : [ \"我要请假\" ]\r\n}', '{\r\n  \"msg\" : \"操作成功\",\r\n  \"code\" : 0\r\n}', '0', null, '2020-03-19 22:39:00');
INSERT INTO `sys_oper_log` VALUES ('436', '请假demo', '2', 'com.ruoyi.process.leavedemo.controller.LeavedemoController.editSave()', 'POST', '1', 'admin', '研发部门', '/leavedemo/leavedemo/edit', '127.0.0.1', '内网IP', '{\r\n  \"id\" : [ \"1584628740061\" ],\r\n  \"title\" : [ \"测试\" ],\r\n  \"pic\" : [ \"a.png\" ],\r\n  \"starttime\" : [ \"2020-03-19\" ],\r\n  \"endtime\" : [ \"2020-03-26\" ],\r\n  \"remark\" : [ \"我要请假111\" ]\r\n}', '{\r\n  \"msg\" : \"操作成功\",\r\n  \"code\" : 0\r\n}', '0', null, '2020-03-19 22:39:14');
INSERT INTO `sys_oper_log` VALUES ('437', '请假demo', '5', 'com.ruoyi.process.leavedemo.controller.LeavedemoController.export()', 'POST', '1', 'admin', '研发部门', '/leavedemo/leavedemo/export', '127.0.0.1', '内网IP', '{\r\n  \"title\" : [ \"\" ],\r\n  \"params[beginStarttime]\" : [ \"\" ],\r\n  \"params[endStarttime]\" : [ \"\" ],\r\n  \"params[beginEndtime]\" : [ \"\" ],\r\n  \"params[endEndtime]\" : [ \"\" ],\r\n  \"runstatus\" : [ \"\" ],\r\n  \"orderByColumn\" : [ \"\" ],\r\n  \"isAsc\" : [ \"asc\" ]\r\n}', '{\r\n  \"msg\" : \"771d82ba-aebf-45d1-999d-de011bf9f5ed_leavedemo.xlsx\",\r\n  \"code\" : 0\r\n}', '0', null, '2020-03-19 22:39:35');
INSERT INTO `sys_oper_log` VALUES ('438', '请假demo', '1', 'com.ruoyi.process.leavedemo.controller.LeavedemoController.addSave()', 'POST', '1', 'admin', '研发部门', '/leavedemo/leavedemo/add', '127.0.0.1', '内网IP', '{\r\n  \"title\" : [ \"测试\" ],\r\n  \"pic\" : [ \"a.png\" ],\r\n  \"starttime\" : [ \"2020-03-19\" ],\r\n  \"endtime\" : [ \"2020-03-26\" ],\r\n  \"remark\" : [ \"测试\" ]\r\n}', '{\r\n  \"msg\" : \"操作成功\",\r\n  \"code\" : 0\r\n}', '0', null, '2020-03-19 22:43:37');
INSERT INTO `sys_oper_log` VALUES ('439', '流程定义', '3', 'com.ruoyi.process.definition.controller.ProcessDefinitionController.remove()', 'POST', '1', 'admin', '研发部门', '/process/definition/remove', '127.0.0.1', '内网IP', '{\r\n  \"ids\" : [ \"82505\" ]\r\n}', '{\r\n  \"msg\" : \"操作成功\",\r\n  \"code\" : 0\r\n}', '0', null, '2020-03-20 22:18:34');
INSERT INTO `sys_oper_log` VALUES ('440', '流程设置', '4', 'com.ruoyi.process.definition.controller.ProcessDefinitionController.modelList()', 'GET', '1', 'admin', '研发部门', '/process/definition/processView/QJLC:1:85004', '127.0.0.1', '内网IP', '{ }', '\"process/definition/processView\"', '0', null, '2020-03-20 22:30:52');
INSERT INTO `sys_oper_log` VALUES ('441', '流程挂起/激活', '0', 'com.ruoyi.process.definition.controller.ProcessDefinitionController.updateState()', 'GET', '1', 'admin', '研发部门', '/process/definition/processUp/QJLC:1:85004/1', '127.0.0.1', '内网IP', '{ }', '{\r\n  \"msg\" : \"操作成功\",\r\n  \"code\" : 0\r\n}', '0', null, '2020-03-20 22:31:59');
INSERT INTO `sys_oper_log` VALUES ('442', '流程挂起/激活', '0', 'com.ruoyi.process.definition.controller.ProcessDefinitionController.updateState()', 'GET', '1', 'admin', '研发部门', '/process/definition/processUp/QJLC:1:85004/2', '127.0.0.1', '内网IP', '{ }', '{\r\n  \"msg\" : \"操作成功\",\r\n  \"code\" : 0\r\n}', '0', null, '2020-03-20 22:32:02');
INSERT INTO `sys_oper_log` VALUES ('443', '流程定义', '3', 'com.ruoyi.process.definition.controller.ProcessDefinitionController.remove()', 'POST', '1', 'admin', '研发部门', '/process/definition/remove', '127.0.0.1', '内网IP', '{\r\n  \"ids\" : [ \"85001\" ]\r\n}', '{\r\n  \"msg\" : \"操作失败\",\r\n  \"code\" : 500\r\n}', '0', null, '2020-03-21 15:32:35');
INSERT INTO `sys_oper_log` VALUES ('444', '流程挂起/激活', '0', 'com.ruoyi.process.definition.controller.ProcessDefinitionController.updateState()', 'GET', '1', 'admin', '研发部门', '/process/definition/processUp/QJLC:1:85004/1', '127.0.0.1', '内网IP', '{ }', '{\r\n  \"msg\" : \"操作成功\",\r\n  \"code\" : 0\r\n}', '0', null, '2020-03-21 15:33:53');
INSERT INTO `sys_oper_log` VALUES ('445', '流程定义', '3', 'com.ruoyi.process.definition.controller.ProcessDefinitionController.remove()', 'POST', '1', 'admin', '研发部门', '/process/definition/remove', '127.0.0.1', '内网IP', '{\r\n  \"ids\" : [ \"85001\" ]\r\n}', '{\r\n  \"msg\" : \"操作失败\",\r\n  \"code\" : 500\r\n}', '0', null, '2020-03-21 15:33:56');
INSERT INTO `sys_oper_log` VALUES ('446', '流程设置', '4', 'com.ruoyi.process.definition.controller.ProcessDefinitionController.modelList()', 'GET', '1', 'admin', '研发部门', '/process/definition/processView/QJLC:2:87504', '127.0.0.1', '内网IP', '{ }', '\"process/definition/processView\"', '0', null, '2020-03-21 15:34:10');
INSERT INTO `sys_oper_log` VALUES ('447', '请假demo', '1', 'com.ruoyi.process.leavedemo.controller.LeavedemoController.addSave()', 'POST', '1', 'admin', '研发部门', '/leavedemo/leavedemo/add', '127.0.0.1', '内网IP', '{\r\n  \"title\" : [ \"测试2\" ],\r\n  \"pic\" : [ \"b.png\" ],\r\n  \"starttime\" : [ \"2020-03-21\" ],\r\n  \"endtime\" : [ \"2020-03-25\" ],\r\n  \"remark\" : [ \"我要请假\" ]\r\n}', '{\r\n  \"msg\" : \"操作成功\",\r\n  \"code\" : 0\r\n}', '0', null, '2020-03-21 15:35:00');
INSERT INTO `sys_oper_log` VALUES ('448', '流程挂起/激活', '0', 'com.ruoyi.process.definition.controller.ProcessDefinitionController.updateState()', 'GET', '1', 'admin', '研发部门', '/process/definition/processUp/QJLC:1:85004/2', '127.0.0.1', '内网IP', '{ }', '{\r\n  \"msg\" : \"操作成功\",\r\n  \"code\" : 0\r\n}', '0', null, '2020-03-21 15:35:33');
INSERT INTO `sys_oper_log` VALUES ('449', '流程定义', '3', 'com.ruoyi.process.definition.controller.ProcessDefinitionController.remove()', 'POST', '1', 'admin', '研发部门', '/process/definition/remove', '127.0.0.1', '内网IP', '{\r\n  \"ids\" : [ \"85001\" ]\r\n}', '{\r\n  \"msg\" : \"操作失败\",\r\n  \"code\" : 500\r\n}', '0', null, '2020-03-21 15:35:37');
INSERT INTO `sys_oper_log` VALUES ('450', '流程定义', '3', 'com.ruoyi.process.definition.controller.ProcessDefinitionController.remove()', 'POST', '1', 'admin', '研发部门', '/process/definition/remove', '127.0.0.1', '内网IP', '{\r\n  \"ids\" : [ \"87501\" ]\r\n}', '{\r\n  \"msg\" : \"操作成功\",\r\n  \"code\" : 0\r\n}', '0', null, '2020-03-21 15:35:45');
INSERT INTO `sys_oper_log` VALUES ('451', '流程定义', '3', 'com.ruoyi.process.definition.controller.ProcessDefinitionController.remove()', 'POST', '1', 'admin', '研发部门', '/process/definition/remove', '127.0.0.1', '内网IP', '{\r\n  \"ids\" : [ \"85001\" ]\r\n}', '{\r\n  \"msg\" : \"操作失败\",\r\n  \"code\" : 500\r\n}', '0', null, '2020-03-21 15:43:16');
INSERT INTO `sys_oper_log` VALUES ('452', '流程定义', '3', 'com.ruoyi.process.definition.controller.ProcessDefinitionController.remove()', 'POST', '1', 'admin', '研发部门', '/process/definition/remove', '127.0.0.1', '内网IP', '{\r\n  \"ids\" : [ \"85001\" ]\r\n}', '{\r\n  \"msg\" : \"操作失败\",\r\n  \"code\" : 500\r\n}', '0', null, '2020-03-21 15:45:01');
INSERT INTO `sys_oper_log` VALUES ('453', '请假demo', '3', 'com.ruoyi.process.leavedemo.controller.LeavedemoController.remove()', 'POST', '1', 'admin', '研发部门', '/leavedemo/leavedemo/remove', '127.0.0.1', '内网IP', '{\r\n  \"ids\" : [ \"1584776100177\" ]\r\n}', '{\r\n  \"msg\" : \"操作成功\",\r\n  \"code\" : 0\r\n}', '0', null, '2020-03-21 15:46:58');
INSERT INTO `sys_oper_log` VALUES ('454', '流程定义', '3', 'com.ruoyi.process.definition.controller.ProcessDefinitionController.remove()', 'POST', '1', 'admin', '研发部门', '/process/definition/remove', '127.0.0.1', '内网IP', '{\r\n  \"ids\" : [ \"87537\" ]\r\n}', '{\r\n  \"msg\" : \"操作成功\",\r\n  \"code\" : 0\r\n}', '0', null, '2020-03-21 15:48:08');
INSERT INTO `sys_oper_log` VALUES ('455', '流程定义', '1', 'com.ruoyi.process.definition.controller.ProcessDefinitionController.upload()', 'POST', '1', 'admin', '研发部门', '/process/definition/upload', '127.0.0.1', '内网IP', '{ }', '{\r\n  \"msg\" : \"操作成功\",\r\n  \"code\" : 0\r\n}', '0', null, '2020-03-21 15:52:42');
INSERT INTO `sys_oper_log` VALUES ('456', '流程设置', '4', 'com.ruoyi.process.definition.controller.ProcessDefinitionController.modelList()', 'GET', '1', 'admin', '研发部门', '/process/definition/processView/QJLC:1:4', '127.0.0.1', '内网IP', '{ }', '\"process/definition/processView\"', '0', null, '2020-03-21 15:52:58');
INSERT INTO `sys_oper_log` VALUES ('457', '流程设置', '4', 'com.ruoyi.process.definition.controller.ProcessDefinitionController.modelList()', 'GET', '1', 'admin', '研发部门', '/process/definition/processView/QJLC:1:4', '127.0.0.1', '内网IP', '{ }', '\"process/definition/processView\"', '0', null, '2020-03-21 15:53:07');
INSERT INTO `sys_oper_log` VALUES ('458', '流程定义', '3', 'com.ruoyi.process.definition.controller.ProcessDefinitionController.remove()', 'POST', '1', 'admin', '研发部门', '/process/definition/remove', '127.0.0.1', '内网IP', '{\r\n  \"ids\" : [ \"1\" ]\r\n}', '{\r\n  \"msg\" : \"操作成功\",\r\n  \"code\" : 0\r\n}', '0', null, '2020-03-21 15:55:04');
INSERT INTO `sys_oper_log` VALUES ('459', '流程设置', '4', 'com.ruoyi.process.definition.controller.ProcessDefinitionController.modelList()', 'GET', '1', 'admin', '研发部门', '/process/definition/processView/QJLC:1:11', '127.0.0.1', '内网IP', '{ }', '\"process/definition/processView\"', '0', null, '2020-03-21 16:02:40');
INSERT INTO `sys_oper_log` VALUES ('460', '流程设置', '4', 'com.ruoyi.process.definition.controller.ProcessDefinitionController.modelList()', 'GET', '1', 'admin', '研发部门', '/process/definition/processView/QJLC:1:7', '127.0.0.1', '内网IP', '{ }', '\"process/definition/processView\"', '0', null, '2020-03-21 16:29:46');
INSERT INTO `sys_oper_log` VALUES ('461', '代码生成', '6', 'com.ruoyi.generator.controller.GenController.importTableSave()', 'POST', '1', 'admin', '研发部门', '/tool/gen/importTable', '127.0.0.1', '内网IP', '{\r\n  \"tables\" : [ \"v_tasklist\" ]\r\n}', '{\r\n  \"msg\" : \"操作成功\",\r\n  \"code\" : 0\r\n}', '0', null, '2020-03-21 17:25:46');
INSERT INTO `sys_oper_log` VALUES ('462', '菜单管理', '1', 'com.ruoyi.web.controller.system.SysMenuController.addSave()', 'POST', '1', 'admin', '研发部门', '/system/menu/add', '127.0.0.1', '内网IP', '{\r\n  \"parentId\" : [ \"2017\" ],\r\n  \"menuType\" : [ \"C\" ],\r\n  \"menuName\" : [ \"请假待办\" ],\r\n  \"url\" : [ \"/leavedemo/leavedemo/waitview\" ],\r\n  \"target\" : [ \"menuItem\" ],\r\n  \"perms\" : [ \"leavedemo:leavedemo:waitview\" ],\r\n  \"orderNum\" : [ \"5\" ],\r\n  \"icon\" : [ \"fa fa-anchor\" ],\r\n  \"visible\" : [ \"0\" ]\r\n}', '{\r\n  \"msg\" : \"操作成功\",\r\n  \"code\" : 0\r\n}', '0', null, '2020-03-21 22:07:30');
INSERT INTO `sys_oper_log` VALUES ('463', '角色管理', '2', 'com.ruoyi.web.controller.system.SysRoleController.changeStatus()', 'POST', '1', 'admin', '研发部门', '/system/role/changeStatus', '127.0.0.1', '内网IP', '{\r\n  \"roleId\" : [ \"2\" ],\r\n  \"status\" : [ \"0\" ]\r\n}', '{\r\n  \"msg\" : \"操作成功\",\r\n  \"code\" : 0\r\n}', '0', null, '2020-03-21 22:41:06');
INSERT INTO `sys_oper_log` VALUES ('464', '角色管理', '2', 'com.ruoyi.web.controller.system.SysRoleController.editSave()', 'POST', '1', 'admin', '研发部门', '/system/role/edit', '127.0.0.1', '内网IP', '{\r\n  \"roleId\" : [ \"2\" ],\r\n  \"roleName\" : [ \"普通角色\" ],\r\n  \"roleKey\" : [ \"common\" ],\r\n  \"roleSort\" : [ \"2\" ],\r\n  \"status\" : [ \"0\" ],\r\n  \"remark\" : [ \"普通角色\" ],\r\n  \"menuIds\" : [ \"2000,2049,2001,2002,2050,2051,2052,2053,2054,2017,2024,2018,2019,2020,2021,2022,2023,2025,2026,2027,2028,2029,2030,2031,2032,2033,2034,2035,2036,2037,2038,2045,2039,2040,2044,2046,2047,2048,2061,2062,2063,2064,2065,2066,2067\" ]\r\n}', '{\r\n  \"msg\" : \"操作成功\",\r\n  \"code\" : 0\r\n}', '0', null, '2020-03-21 22:41:35');
INSERT INTO `sys_oper_log` VALUES ('465', '用户管理', '2', 'com.ruoyi.web.controller.system.SysUserController.editSave()', 'POST', '1', 'admin', '研发部门', '/system/user/edit', '127.0.0.1', '内网IP', '{\r\n  \"userId\" : [ \"102\" ],\r\n  \"deptId\" : [ \"105\" ],\r\n  \"userName\" : [ \"人事喵\" ],\r\n  \"dept.deptName\" : [ \"测试部门\" ],\r\n  \"phonenumber\" : [ \"13000000002\" ],\r\n  \"email\" : [ \"115@gmail.com\" ],\r\n  \"loginName\" : [ \"rensm\" ],\r\n  \"sex\" : [ \"1\" ],\r\n  \"role\" : [ \"2\" ],\r\n  \"remark\" : [ \"\" ],\r\n  \"status\" : [ \"0\" ],\r\n  \"roleIds\" : [ \"2\" ],\r\n  \"postIds\" : [ \"\" ]\r\n}', '{\r\n  \"msg\" : \"操作成功\",\r\n  \"code\" : 0\r\n}', '0', null, '2020-03-21 22:41:47');
INSERT INTO `sys_oper_log` VALUES ('466', '个人信息', '2', 'com.ruoyi.web.controller.system.SysProfileController.updateAvatar()', 'POST', '1', 'rensm', '测试部门', '/system/user/profile/updateAvatar', '127.0.0.1', '内网IP', '{ }', '{\r\n  \"msg\" : \"操作成功\",\r\n  \"code\" : 0\r\n}', '0', null, '2020-03-21 22:48:56');
INSERT INTO `sys_oper_log` VALUES ('467', '个人信息', '2', 'com.ruoyi.web.controller.system.SysProfileController.update()', 'POST', '1', 'rensm', '测试部门', '/system/user/profile/update', '127.0.0.1', '内网IP', '{\r\n  \"id\" : [ \"\" ],\r\n  \"userName\" : [ \"人事喵\" ],\r\n  \"phonenumber\" : [ \"13000000002\" ],\r\n  \"email\" : [ \"115@gmail.com\" ],\r\n  \"sex\" : [ \"1\" ]\r\n}', '{\r\n  \"msg\" : \"操作成功\",\r\n  \"code\" : 0\r\n}', '0', null, '2020-03-21 22:49:00');
INSERT INTO `sys_oper_log` VALUES ('468', '流程设置', '4', 'com.ruoyi.process.definition.controller.ProcessDefinitionController.modelList()', 'GET', '1', 'rensm', '测试部门', '/process/definition/processView/QJLC:1:7', '127.0.0.1', '内网IP', '{ }', '\"process/definition/processView\"', '0', null, '2020-03-21 22:50:01');
INSERT INTO `sys_oper_log` VALUES ('469', '用户管理', '2', 'com.ruoyi.web.controller.system.SysUserController.editSave()', 'POST', '1', 'admin', '研发部门', '/system/user/edit', '127.0.0.1', '内网IP', '{\r\n  \"userId\" : [ \"102\" ],\r\n  \"deptId\" : [ \"105\" ],\r\n  \"userName\" : [ \"人事喵\" ],\r\n  \"dept.deptName\" : [ \"测试部门\" ],\r\n  \"phonenumber\" : [ \"13000000002\" ],\r\n  \"email\" : [ \"115@gmail.com\" ],\r\n  \"loginName\" : [ \"rensm\" ],\r\n  \"sex\" : [ \"1\" ],\r\n  \"role\" : [ \"2\" ],\r\n  \"remark\" : [ \"\" ],\r\n  \"status\" : [ \"0\" ],\r\n  \"roleIds\" : [ \"2\" ],\r\n  \"postIds\" : [ \"4\" ]\r\n}', '{\r\n  \"msg\" : \"操作成功\",\r\n  \"code\" : 0\r\n}', '0', null, '2020-03-21 22:58:30');
INSERT INTO `sys_oper_log` VALUES ('470', '角色管理', '2', 'com.ruoyi.web.controller.system.SysRoleController.authDataScopeSave()', 'POST', '1', 'admin', '研发部门', '/system/role/authDataScope', '127.0.0.1', '内网IP', '{\r\n  \"roleId\" : [ \"2\" ],\r\n  \"roleName\" : [ \"普通角色\" ],\r\n  \"roleKey\" : [ \"common\" ],\r\n  \"dataScope\" : [ \"3\" ],\r\n  \"deptIds\" : [ \"\" ]\r\n}', '{\r\n  \"msg\" : \"操作成功\",\r\n  \"code\" : 0\r\n}', '0', null, '2020-03-21 22:59:26');
INSERT INTO `sys_oper_log` VALUES ('471', '个人信息', '2', 'com.ruoyi.web.controller.system.SysProfileController.updateAvatar()', 'POST', '1', 'admin', '研发部门', '/system/user/profile/updateAvatar', '127.0.0.1', '内网IP', '{ }', '{\r\n  \"msg\" : \"操作成功\",\r\n  \"code\" : 0\r\n}', '0', null, '2020-03-21 23:00:16');
INSERT INTO `sys_oper_log` VALUES ('472', '流程定义', '3', 'com.ruoyi.process.definition.controller.ProcessDefinitionController.remove()', 'POST', '1', 'admin', '研发部门', '/process/definition/remove', '127.0.0.1', '内网IP', '{\r\n  \"ids\" : [ \"4\" ]\r\n}', '{\r\n  \"msg\" : \"操作成功\",\r\n  \"code\" : 0\r\n}', '0', null, '2020-03-22 11:10:29');
INSERT INTO `sys_oper_log` VALUES ('473', '请假demo', '1', 'com.ruoyi.process.leavedemo.controller.LeavedemoController.addSave()', 'POST', '1', 'admin', '研发部门', '/leavedemo/leavedemo/add', '127.0.0.1', '内网IP', '{\r\n  \"title\" : [ \"这是第二个测试请假\" ],\r\n  \"pic\" : [ \"b.pic\" ],\r\n  \"starttime\" : [ \"2020-03-22\" ],\r\n  \"endtime\" : [ \"2020-03-24\" ],\r\n  \"remark\" : [ \"我有事\" ]\r\n}', '{\r\n  \"msg\" : \"操作成功\",\r\n  \"code\" : 0\r\n}', '0', null, '2020-03-22 11:42:09');
INSERT INTO `sys_oper_log` VALUES ('474', '流程定义', '3', 'com.ruoyi.process.definition.controller.ProcessDefinitionController.remove()', 'POST', '1', 'admin', '研发部门', '/process/definition/remove', '127.0.0.1', '内网IP', '{\r\n  \"ids\" : [ \"17501\" ]\r\n}', '{\r\n  \"msg\" : \"操作失败\",\r\n  \"code\" : 500\r\n}', '0', null, '2020-03-22 11:55:11');
INSERT INTO `sys_oper_log` VALUES ('475', '流程设置', '4', 'com.ruoyi.process.definition.controller.ProcessDefinitionController.modelList()', 'GET', '1', 'admin', '研发部门', '/process/definition/processView/QJLC:1:17504', '127.0.0.1', '内网IP', '{ }', '\"process/definition/processView\"', '0', null, '2020-03-22 11:55:14');
INSERT INTO `sys_oper_log` VALUES ('476', '请假demo', '1', 'com.ruoyi.process.leavedemo.controller.LeavedemoController.addSave()', 'POST', '1', 'admin', '研发部门', '/leavedemo/leavedemo/add', '127.0.0.1', '内网IP', '{\r\n  \"title\" : [ \"测试2\" ],\r\n  \"pic\" : [ \"b.png\" ],\r\n  \"starttime\" : [ \"2020-03-22\" ],\r\n  \"endtime\" : [ \"2020-03-28\" ],\r\n  \"remark\" : [ \"我不好\" ]\r\n}', '{\r\n  \"msg\" : \"操作成功\",\r\n  \"code\" : 0\r\n}', '0', null, '2020-03-22 12:20:50');
INSERT INTO `sys_oper_log` VALUES ('477', '请假demo', '1', 'com.ruoyi.process.leavedemo.controller.LeavedemoController.addSave()', 'POST', '1', 'admin', '研发部门', '/leavedemo/leavedemo/add', '127.0.0.1', '内网IP', '{\r\n  \"title\" : [ \"通过\" ],\r\n  \"pic\" : [ \"n.png\" ],\r\n  \"starttime\" : [ \"2020-03-22\" ],\r\n  \"endtime\" : [ \"2020-03-26\" ],\r\n  \"remark\" : [ \"通过\" ]\r\n}', '{\r\n  \"msg\" : \"操作成功\",\r\n  \"code\" : 0\r\n}', '0', null, '2020-03-22 12:32:32');
INSERT INTO `sys_oper_log` VALUES ('478', '请假demo', '1', 'com.ruoyi.process.leavedemo.controller.LeavedemoController.addSave()', 'POST', '1', 'admin', '研发部门', '/leavedemo/leavedemo/add', '127.0.0.1', '内网IP', '{\r\n  \"title\" : [ \"测试3\" ],\r\n  \"pic\" : [ \"c.png\" ],\r\n  \"starttime\" : [ \"2020-03-22\" ],\r\n  \"endtime\" : [ \"2020-03-26\" ],\r\n  \"remark\" : [ \"通过\" ]\r\n}', '{\r\n  \"msg\" : \"操作成功\",\r\n  \"code\" : 0\r\n}', '0', null, '2020-03-22 12:49:28');
INSERT INTO `sys_oper_log` VALUES ('479', '请假demo', '1', 'com.ruoyi.process.leavedemo.controller.LeavedemoController.addSave()', 'POST', '1', 'admin', '研发部门', '/leavedemo/leavedemo/add', '127.0.0.1', '内网IP', '{\r\n  \"title\" : [ \"测试4\" ],\r\n  \"pic\" : [ \"mn.png\" ],\r\n  \"starttime\" : [ \"2020-03-22\" ],\r\n  \"endtime\" : [ \"2020-03-30\" ],\r\n  \"remark\" : [ \"测试\" ]\r\n}', '{\r\n  \"msg\" : \"操作成功\",\r\n  \"code\" : 0\r\n}', '0', null, '2020-03-22 15:18:59');
INSERT INTO `sys_oper_log` VALUES ('480', '请假demo', '1', 'com.ruoyi.process.leavedemo.controller.LeavedemoController.addSave()', 'POST', '1', 'admin', '研发部门', '/leavedemo/leavedemo/add', '127.0.0.1', '内网IP', '{\r\n  \"title\" : [ \"测试5\" ],\r\n  \"pic\" : [ \"mns.png\" ],\r\n  \"starttime\" : [ \"2020-03-22\" ],\r\n  \"endtime\" : [ \"2020-03-25\" ],\r\n  \"remark\" : [ \"通过\" ]\r\n}', '{\r\n  \"msg\" : \"操作成功\",\r\n  \"code\" : 0\r\n}', '0', null, '2020-03-22 15:32:54');
INSERT INTO `sys_oper_log` VALUES ('481', '流程挂起/激活', '0', 'com.ruoyi.process.definition.controller.ProcessDefinitionController.updateState()', 'GET', '1', 'admin', '研发部门', '/process/definition/processUp/QJLC:1:17504/1', '127.0.0.1', '内网IP', '{ }', '{\r\n  \"msg\" : \"操作成功\",\r\n  \"code\" : 0\r\n}', '0', null, '2020-03-22 15:34:52');
INSERT INTO `sys_oper_log` VALUES ('482', '请假demo', '1', 'com.ruoyi.process.leavedemo.controller.LeavedemoController.addSave()', 'POST', '1', 'admin', '研发部门', '/leavedemo/leavedemo/add', '127.0.0.1', '内网IP', '{\r\n  \"title\" : [ \"请假\" ],\r\n  \"pic\" : [ \"请假\" ],\r\n  \"starttime\" : [ \"2020-03-04\" ],\r\n  \"endtime\" : [ \"2020-03-25\" ],\r\n  \"remark\" : [ \"通过实施\" ]\r\n}', '{\r\n  \"msg\" : \"操作成功\",\r\n  \"code\" : 0\r\n}', '0', null, '2020-03-22 15:35:14');
INSERT INTO `sys_oper_log` VALUES ('483', '通知公告', '2', 'com.ruoyi.web.controller.system.SysNoticeController.editSave()', 'POST', '1', 'admin', '研发部门', '/system/notice/edit', '127.0.0.1', '内网IP', '{\r\n  \"noticeId\" : [ \"2\" ],\r\n  \"noticeTitle\" : [ \"维护通知：2018-07-01 若依系统凌晨维护\" ],\r\n  \"noticeType\" : [ \"1\" ],\r\n  \"noticeContent\" : [ \"<p>维护内容<img src=\\\"http://localhost/profile/upload/2020/03/22/1048275c605eafc6905dcb27d8aef9e5.jpg\\\" data-filename=\\\"/profile/upload/2020/03/22/1048275c605eafc6905dcb27d8aef9e5.jpg\\\" style=\\\"width: 507px;\\\"></p>\" ],\r\n  \"status\" : [ \"0\" ]\r\n}', '{\r\n  \"msg\" : \"操作成功\",\r\n  \"code\" : 0\r\n}', '0', null, '2020-03-22 15:38:45');
INSERT INTO `sys_oper_log` VALUES ('484', '菜单管理', '3', 'com.ruoyi.web.controller.system.SysMenuController.remove()', 'GET', '1', 'admin', '研发部门', '/system/menu/remove/2027', '127.0.0.1', '内网IP', '{ }', '{\r\n  \"msg\" : \"存在子菜单,不允许删除\",\r\n  \"code\" : 301\r\n}', '0', null, '2020-03-22 16:06:12');
INSERT INTO `sys_oper_log` VALUES ('485', '菜单管理', '3', 'com.ruoyi.web.controller.system.SysMenuController.remove()', 'GET', '1', 'admin', '研发部门', '/system/menu/remove/2028', '127.0.0.1', '内网IP', '{ }', '{\r\n  \"msg\" : \"菜单已分配,不允许删除\",\r\n  \"code\" : 301\r\n}', '0', null, '2020-03-22 16:06:19');
INSERT INTO `sys_oper_log` VALUES ('486', '角色管理', '2', 'com.ruoyi.web.controller.system.SysRoleController.editSave()', 'POST', '1', 'admin', '研发部门', '/system/role/edit', '127.0.0.1', '内网IP', '{\r\n  \"roleId\" : [ \"2\" ],\r\n  \"roleName\" : [ \"普通角色\" ],\r\n  \"roleKey\" : [ \"common\" ],\r\n  \"roleSort\" : [ \"2\" ],\r\n  \"status\" : [ \"0\" ],\r\n  \"remark\" : [ \"普通角色\" ],\r\n  \"menuIds\" : [ \"\" ]\r\n}', '{\r\n  \"msg\" : \"操作成功\",\r\n  \"code\" : 0\r\n}', '0', null, '2020-03-22 16:06:33');
INSERT INTO `sys_oper_log` VALUES ('487', '角色管理', '2', 'com.ruoyi.web.controller.system.SysRoleController.editSave()', 'POST', '1', 'admin', '研发部门', '/system/role/edit', '127.0.0.1', '内网IP', '{\r\n  \"roleId\" : [ \"1\" ],\r\n  \"roleName\" : [ \"管理员\" ],\r\n  \"roleKey\" : [ \"admin\" ],\r\n  \"roleSort\" : [ \"1\" ],\r\n  \"status\" : [ \"0\" ],\r\n  \"remark\" : [ \"管理员\" ],\r\n  \"menuIds\" : [ \"\" ]\r\n}', 'null', '1', '不允许操作超级管理员角色', '2020-03-22 16:06:39');
INSERT INTO `sys_oper_log` VALUES ('488', '角色管理', '2', 'com.ruoyi.web.controller.system.SysRoleController.editSave()', 'POST', '1', 'admin', '研发部门', '/system/role/edit', '127.0.0.1', '内网IP', '{\r\n  \"roleId\" : [ \"1\" ],\r\n  \"roleName\" : [ \"管理员\" ],\r\n  \"roleKey\" : [ \"admin\" ],\r\n  \"roleSort\" : [ \"1\" ],\r\n  \"status\" : [ \"0\" ],\r\n  \"remark\" : [ \"管理员\" ],\r\n  \"menuIds\" : [ \"1,100,1000,1001,1002,1003,1004,1005,1006,101,1007,1008,1009,1010,1011,102,1012,1013,1014,1015,103,1016,1017,1018,1019,104,1020,1021,1022,1023,1024,105,1025,1026,1027,1028,1029,106,1030,1031,1032,1033,1034,107,1035,1036,1037,1038,108,500,1039,1040,1041,1042,501,1043,1044,1045,2000,2049,2001,2002,2050,2051,2052,2053,2054,2,109,1046,1047,1048,110,1049,1050,1051,1052,1053,1054,1055,111,112,3,113,114,1056,1057,1058,1059,1060,115,2017,2061,2062,2063,2064,2065,2066,2067\" ]\r\n}', 'null', '1', '不允许操作超级管理员角色', '2020-03-22 16:06:58');
INSERT INTO `sys_oper_log` VALUES ('489', '菜单管理', '3', 'com.ruoyi.web.controller.system.SysMenuController.remove()', 'GET', '1', 'admin', '研发部门', '/system/menu/remove/2028', '127.0.0.1', '内网IP', '{ }', '{\r\n  \"msg\" : \"菜单已分配,不允许删除\",\r\n  \"code\" : 301\r\n}', '0', null, '2020-03-22 16:07:11');
INSERT INTO `sys_oper_log` VALUES ('490', '角色管理', '2', 'com.ruoyi.web.controller.system.SysRoleController.editSave()', 'POST', '1', 'admin', '研发部门', '/system/role/edit', '127.0.0.1', '内网IP', '{\r\n  \"roleId\" : [ \"1\" ],\r\n  \"roleName\" : [ \"管理员\" ],\r\n  \"roleKey\" : [ \"admin\" ],\r\n  \"roleSort\" : [ \"1\" ],\r\n  \"status\" : [ \"0\" ],\r\n  \"remark\" : [ \"管理员\" ],\r\n  \"menuIds\" : [ \"1,100,1000,1001,1002,1003,1004,1005,1006,101,1007,1008,1009,1010,1011,102,1012,1013,1014,1015,103,1016,1017,1018,1019,104,1020,1021,1022,1023,1024,105,1025,1026,1027,1028,1029,106,1030,1031,1032,1033,1034,107,1035,1036,1037,1038,108,500,1039,1040,1041,1042,501,1043,1044,1045,2000,2049,2001,2002,2,109,1046,1047,1048,110,1049,1050,1051,1052,1053,1054,1055,111,112,3,113,114,1056,1057,1058,1059,1060,115,2017,2024,2018,2019,2020,2021,2022,2023,2025,2026,2027,2028,2029,2030,2031,2032,2033,2034,2035,2036,2037,2038,2045,2039,2040,2044,2046,2047,2048\" ]\r\n}', 'null', '1', '不允许操作超级管理员角色', '2020-03-22 16:16:33');
INSERT INTO `sys_oper_log` VALUES ('491', '角色管理', '2', 'com.ruoyi.web.controller.system.SysRoleController.editSave()', 'POST', '1', 'admin', '研发部门', '/system/role/edit', '127.0.0.1', '内网IP', '{\r\n  \"roleId\" : [ \"1\" ],\r\n  \"roleName\" : [ \"管理员\" ],\r\n  \"roleKey\" : [ \"admin\" ],\r\n  \"roleSort\" : [ \"1\" ],\r\n  \"status\" : [ \"0\" ],\r\n  \"remark\" : [ \"管理员\" ],\r\n  \"menuIds\" : [ \"1,100,1000,1001,1002,1003,1004,1005,1006,101,1007,1008,1009,1010,1011,102,1012,1013,1014,1015,103,1016,1017,1018,1019,104,1020,1021,1022,1023,1024,105,1025,1026,1027,1028,1029,106,1030,1031,1032,1033,1034,107,1035,1036,1037,1038,108,500,1039,1040,1041,1042,501,1043,1044,1045,2000,2049,2001,2002,2,109,1046,1047,1048,110,1049,1050,1051,1052,1053,1054,1055,111,112,3,113,114,1056,1057,1058,1059,1060,115,2017,2029,2030,2031,2032,2033,2034,2035,2036,2037,2038,2045,2039,2040,2044,2046,2047,2048,2061,2062,2063,2064,2065,2066,2067\" ]\r\n}', '{\r\n  \"msg\" : \"操作成功\",\r\n  \"code\" : 0\r\n}', '0', null, '2020-03-22 16:19:38');
INSERT INTO `sys_oper_log` VALUES ('492', '角色管理', '2', 'com.ruoyi.web.controller.system.SysRoleController.editSave()', 'POST', '1', 'admin', '研发部门', '/system/role/edit', '127.0.0.1', '内网IP', '{\r\n  \"roleId\" : [ \"1\" ],\r\n  \"roleName\" : [ \"管理员\" ],\r\n  \"roleKey\" : [ \"admin\" ],\r\n  \"roleSort\" : [ \"1\" ],\r\n  \"status\" : [ \"0\" ],\r\n  \"remark\" : [ \"管理员\" ],\r\n  \"menuIds\" : [ \"1,100,1000,1001,1002,1003,1004,1005,1006,101,1007,1008,1009,1010,1011,102,1012,1013,1014,1015,103,1016,1017,1018,1019,104,1020,1021,1022,1023,1024,105,1025,1026,1027,1028,1029,106,1030,1031,1032,1033,1034,107,1035,1036,1037,1038,108,500,1039,1040,1041,1042,501,1043,1044,1045,2000,2049,2001,2002,2,109,1046,1047,1048,110,1049,1050,1051,1052,1053,1054,1055,111,112,3,113,114,1056,1057,1058,1059,1060,115,2017,2061,2062,2063,2064,2065,2066,2067\" ]\r\n}', '{\r\n  \"msg\" : \"操作成功\",\r\n  \"code\" : 0\r\n}', '0', null, '2020-03-22 16:19:58');
INSERT INTO `sys_oper_log` VALUES ('493', '菜单管理', '3', 'com.ruoyi.web.controller.system.SysMenuController.remove()', 'GET', '1', 'admin', '研发部门', '/system/menu/remove/2028', '127.0.0.1', '内网IP', '{ }', '{\r\n  \"msg\" : \"菜单已分配,不允许删除\",\r\n  \"code\" : 301\r\n}', '0', null, '2020-03-22 16:20:17');
INSERT INTO `sys_oper_log` VALUES ('494', '角色管理', '2', 'com.ruoyi.web.controller.system.SysRoleController.editSave()', 'POST', '1', 'admin', '研发部门', '/system/role/edit', '127.0.0.1', '内网IP', '{\r\n  \"roleId\" : [ \"2\" ],\r\n  \"roleName\" : [ \"普通角色\" ],\r\n  \"roleKey\" : [ \"common\" ],\r\n  \"roleSort\" : [ \"2\" ],\r\n  \"status\" : [ \"0\" ],\r\n  \"remark\" : [ \"普通角色\" ],\r\n  \"menuIds\" : [ \"\" ]\r\n}', '{\r\n  \"msg\" : \"操作成功\",\r\n  \"code\" : 0\r\n}', '0', null, '2020-03-22 16:20:32');
INSERT INTO `sys_oper_log` VALUES ('495', '菜单管理', '3', 'com.ruoyi.web.controller.system.SysMenuController.remove()', 'GET', '1', 'admin', '研发部门', '/system/menu/remove/2023', '127.0.0.1', '内网IP', '{ }', '{\r\n  \"msg\" : \"菜单已分配,不允许删除\",\r\n  \"code\" : 301\r\n}', '0', null, '2020-03-22 16:21:17');
INSERT INTO `sys_oper_log` VALUES ('496', '菜单管理', '3', 'com.ruoyi.web.controller.system.SysMenuController.remove()', 'GET', '1', 'admin', '研发部门', '/system/menu/remove/2023', '127.0.0.1', '内网IP', '{ }', '{\r\n  \"msg\" : \"菜单已分配,不允许删除\",\r\n  \"code\" : 301\r\n}', '0', null, '2020-03-22 16:22:41');
INSERT INTO `sys_oper_log` VALUES ('497', '菜单管理', '3', 'com.ruoyi.web.controller.system.SysMenuController.remove()', 'GET', '1', 'admin', '研发部门', '/system/menu/remove/2023', '127.0.0.1', '内网IP', '{ }', '{\r\n  \"msg\" : \"菜单已分配,不允许删除\",\r\n  \"code\" : 301\r\n}', '0', null, '2020-03-22 16:22:46');
INSERT INTO `sys_oper_log` VALUES ('498', '菜单管理', '3', 'com.ruoyi.web.controller.system.SysMenuController.remove()', 'GET', '1', 'admin', '研发部门', '/system/menu/remove/2046', '127.0.0.1', '内网IP', '{ }', '{\r\n  \"msg\" : \"存在子菜单,不允许删除\",\r\n  \"code\" : 301\r\n}', '0', null, '2020-03-22 16:25:02');
INSERT INTO `sys_oper_log` VALUES ('499', '菜单管理', '3', 'com.ruoyi.web.controller.system.SysMenuController.remove()', 'GET', '1', 'admin', '研发部门', '/system/menu/remove/2023', '127.0.0.1', '内网IP', '{ }', '{\r\n  \"msg\" : \"菜单已分配,不允许删除\",\r\n  \"code\" : 301\r\n}', '0', null, '2020-03-22 16:25:22');
INSERT INTO `sys_oper_log` VALUES ('500', '菜单管理', '3', 'com.ruoyi.web.controller.system.SysMenuController.remove()', 'GET', '1', 'admin', '研发部门', '/system/menu/remove/2023', '127.0.0.1', '内网IP', '{ }', '{\r\n  \"msg\" : \"菜单已分配,不允许删除\",\r\n  \"code\" : 301\r\n}', '0', null, '2020-03-22 16:25:49');
INSERT INTO `sys_oper_log` VALUES ('501', '用户管理', '2', 'com.ruoyi.web.controller.system.SysUserController.changeStatus()', 'POST', '1', 'admin', '研发部门', '/system/user/changeStatus', '127.0.0.1', '内网IP', '{\r\n  \"userId\" : [ \"102\" ],\r\n  \"status\" : [ \"1\" ]\r\n}', '{\r\n  \"msg\" : \"操作成功\",\r\n  \"code\" : 0\r\n}', '0', null, '2020-03-22 16:26:31');
INSERT INTO `sys_oper_log` VALUES ('502', '用户管理', '2', 'com.ruoyi.web.controller.system.SysUserController.changeStatus()', 'POST', '1', 'admin', '研发部门', '/system/user/changeStatus', '127.0.0.1', '内网IP', '{\r\n  \"userId\" : [ \"101\" ],\r\n  \"status\" : [ \"1\" ]\r\n}', '{\r\n  \"msg\" : \"操作成功\",\r\n  \"code\" : 0\r\n}', '0', null, '2020-03-22 16:26:34');
INSERT INTO `sys_oper_log` VALUES ('503', '用户管理', '2', 'com.ruoyi.web.controller.system.SysUserController.changeStatus()', 'POST', '1', 'admin', '研发部门', '/system/user/changeStatus', '127.0.0.1', '内网IP', '{\r\n  \"userId\" : [ \"101\" ],\r\n  \"status\" : [ \"0\" ]\r\n}', '{\r\n  \"msg\" : \"操作成功\",\r\n  \"code\" : 0\r\n}', '0', null, '2020-03-22 16:26:35');
INSERT INTO `sys_oper_log` VALUES ('504', '用户管理', '2', 'com.ruoyi.web.controller.system.SysUserController.changeStatus()', 'POST', '1', 'admin', '研发部门', '/system/user/changeStatus', '127.0.0.1', '内网IP', '{\r\n  \"userId\" : [ \"102\" ],\r\n  \"status\" : [ \"0\" ]\r\n}', '{\r\n  \"msg\" : \"操作成功\",\r\n  \"code\" : 0\r\n}', '0', null, '2020-03-22 16:26:37');
INSERT INTO `sys_oper_log` VALUES ('505', '用户管理', '2', 'com.ruoyi.web.controller.system.SysUserController.editSave()', 'POST', '1', 'admin', '研发部门', '/system/user/edit', '127.0.0.1', '内网IP', '{\r\n  \"userId\" : [ \"102\" ],\r\n  \"deptId\" : [ \"105\" ],\r\n  \"userName\" : [ \"人事喵\" ],\r\n  \"dept.deptName\" : [ \"测试部门\" ],\r\n  \"phonenumber\" : [ \"13000000002\" ],\r\n  \"email\" : [ \"115@gmail.com\" ],\r\n  \"loginName\" : [ \"rensm\" ],\r\n  \"sex\" : [ \"1\" ],\r\n  \"remark\" : [ \"\" ],\r\n  \"status\" : [ \"0\" ],\r\n  \"roleIds\" : [ \"\" ],\r\n  \"postIds\" : [ \"\" ]\r\n}', '{\r\n  \"msg\" : \"操作成功\",\r\n  \"code\" : 0\r\n}', '0', null, '2020-03-22 16:31:02');
INSERT INTO `sys_oper_log` VALUES ('506', '用户管理', '2', 'com.ruoyi.web.controller.system.SysUserController.editSave()', 'POST', '1', 'admin', '研发部门', '/system/user/edit', '127.0.0.1', '内网IP', '{\r\n  \"userId\" : [ \"2\" ],\r\n  \"deptId\" : [ \"105\" ],\r\n  \"userName\" : [ \"若依\" ],\r\n  \"dept.deptName\" : [ \"测试部门\" ],\r\n  \"phonenumber\" : [ \"15666666666\" ],\r\n  \"email\" : [ \"ry@qq.com\" ],\r\n  \"loginName\" : [ \"ry\" ],\r\n  \"sex\" : [ \"1\" ],\r\n  \"remark\" : [ \"测试员\" ],\r\n  \"status\" : [ \"0\" ],\r\n  \"roleIds\" : [ \"\" ],\r\n  \"postIds\" : [ \"\" ]\r\n}', '{\r\n  \"msg\" : \"操作成功\",\r\n  \"code\" : 0\r\n}', '0', null, '2020-03-22 16:31:24');
INSERT INTO `sys_oper_log` VALUES ('507', '菜单管理', '3', 'com.ruoyi.web.controller.system.SysMenuController.remove()', 'GET', '1', 'admin', '研发部门', '/system/menu/remove/2024', '127.0.0.1', '内网IP', '{ }', '{\r\n  \"msg\" : \"存在子菜单,不允许删除\",\r\n  \"code\" : 301\r\n}', '0', null, '2020-03-22 16:31:52');
INSERT INTO `sys_oper_log` VALUES ('508', '菜单管理', '3', 'com.ruoyi.web.controller.system.SysMenuController.remove()', 'GET', '1', 'admin', '研发部门', '/system/menu/remove/2023', '127.0.0.1', '内网IP', '{ }', '{\r\n  \"msg\" : \"菜单已分配,不允许删除\",\r\n  \"code\" : 301\r\n}', '0', null, '2020-03-22 16:32:00');
INSERT INTO `sys_oper_log` VALUES ('509', '菜单管理', '3', 'com.ruoyi.web.controller.system.SysMenuController.remove()', 'GET', '1', 'admin', '研发部门', '/system/menu/remove/2028', '127.0.0.1', '内网IP', '{ }', '{\r\n  \"msg\" : \"操作成功\",\r\n  \"code\" : 0\r\n}', '0', null, '2020-03-22 16:39:30');
INSERT INTO `sys_oper_log` VALUES ('510', '菜单管理', '3', 'com.ruoyi.web.controller.system.SysMenuController.remove()', 'GET', '1', 'admin', '研发部门', '/system/menu/remove/2048', '127.0.0.1', '内网IP', '{ }', '{\r\n  \"msg\" : \"操作成功\",\r\n  \"code\" : 0\r\n}', '0', null, '2020-03-22 16:39:46');
INSERT INTO `sys_oper_log` VALUES ('511', '菜单管理', '3', 'com.ruoyi.web.controller.system.SysMenuController.remove()', 'GET', '1', 'admin', '研发部门', '/system/menu/remove/2047', '127.0.0.1', '内网IP', '{ }', '{\r\n  \"msg\" : \"操作成功\",\r\n  \"code\" : 0\r\n}', '0', null, '2020-03-22 16:40:09');
INSERT INTO `sys_oper_log` VALUES ('512', '菜单管理', '3', 'com.ruoyi.web.controller.system.SysMenuController.remove()', 'GET', '1', 'admin', '研发部门', '/system/menu/remove/2046', '127.0.0.1', '内网IP', '{ }', '{\r\n  \"msg\" : \"操作成功\",\r\n  \"code\" : 0\r\n}', '0', null, '2020-03-22 16:40:19');
INSERT INTO `sys_oper_log` VALUES ('513', '菜单管理', '3', 'com.ruoyi.web.controller.system.SysMenuController.remove()', 'GET', '1', 'admin', '研发部门', '/system/menu/remove/2027', '127.0.0.1', '内网IP', '{ }', '{\r\n  \"msg\" : \"操作成功\",\r\n  \"code\" : 0\r\n}', '0', null, '2020-03-22 16:40:35');
INSERT INTO `sys_oper_log` VALUES ('514', '菜单管理', '3', 'com.ruoyi.web.controller.system.SysMenuController.remove()', 'GET', '1', 'admin', '研发部门', '/system/menu/remove/2019', '127.0.0.1', '内网IP', '{ }', '{\r\n  \"msg\" : \"操作成功\",\r\n  \"code\" : 0\r\n}', '0', null, '2020-03-22 16:40:45');
INSERT INTO `sys_oper_log` VALUES ('515', '菜单管理', '3', 'com.ruoyi.web.controller.system.SysMenuController.remove()', 'GET', '1', 'admin', '研发部门', '/system/menu/remove/2020', '127.0.0.1', '内网IP', '{ }', '{\r\n  \"msg\" : \"操作成功\",\r\n  \"code\" : 0\r\n}', '0', null, '2020-03-22 16:40:52');
INSERT INTO `sys_oper_log` VALUES ('516', '菜单管理', '3', 'com.ruoyi.web.controller.system.SysMenuController.remove()', 'GET', '1', 'admin', '研发部门', '/system/menu/remove/2021', '127.0.0.1', '内网IP', '{ }', '{\r\n  \"msg\" : \"操作成功\",\r\n  \"code\" : 0\r\n}', '0', null, '2020-03-22 16:42:44');
INSERT INTO `sys_oper_log` VALUES ('517', '菜单管理', '3', 'com.ruoyi.web.controller.system.SysMenuController.remove()', 'GET', '1', 'admin', '研发部门', '/system/menu/remove/2023', '127.0.0.1', '内网IP', '{ }', '{\r\n  \"msg\" : \"操作成功\",\r\n  \"code\" : 0\r\n}', '0', null, '2020-03-22 16:42:52');
INSERT INTO `sys_oper_log` VALUES ('518', '菜单管理', '3', 'com.ruoyi.web.controller.system.SysMenuController.remove()', 'GET', '1', 'admin', '研发部门', '/system/menu/remove/2026', '127.0.0.1', '内网IP', '{ }', '{\r\n  \"msg\" : \"操作成功\",\r\n  \"code\" : 0\r\n}', '0', null, '2020-03-22 16:43:01');
INSERT INTO `sys_oper_log` VALUES ('519', '菜单管理', '3', 'com.ruoyi.web.controller.system.SysMenuController.remove()', 'GET', '1', 'admin', '研发部门', '/system/menu/remove/2025', '127.0.0.1', '内网IP', '{ }', '{\r\n  \"msg\" : \"操作成功\",\r\n  \"code\" : 0\r\n}', '0', null, '2020-03-22 16:43:14');
INSERT INTO `sys_oper_log` VALUES ('520', '菜单管理', '3', 'com.ruoyi.web.controller.system.SysMenuController.remove()', 'GET', '1', 'admin', '研发部门', '/system/menu/remove/2022', '127.0.0.1', '内网IP', '{ }', '{\r\n  \"msg\" : \"操作成功\",\r\n  \"code\" : 0\r\n}', '0', null, '2020-03-22 16:43:21');
INSERT INTO `sys_oper_log` VALUES ('521', '菜单管理', '3', 'com.ruoyi.web.controller.system.SysMenuController.remove()', 'GET', '1', 'admin', '研发部门', '/system/menu/remove/2018', '127.0.0.1', '内网IP', '{ }', '{\r\n  \"msg\" : \"操作成功\",\r\n  \"code\" : 0\r\n}', '0', null, '2020-03-22 16:43:33');
INSERT INTO `sys_oper_log` VALUES ('522', '菜单管理', '3', 'com.ruoyi.web.controller.system.SysMenuController.remove()', 'GET', '1', 'admin', '研发部门', '/system/menu/remove/2024', '127.0.0.1', '内网IP', '{ }', '{\r\n  \"msg\" : \"操作成功\",\r\n  \"code\" : 0\r\n}', '0', null, '2020-03-22 16:43:41');
INSERT INTO `sys_oper_log` VALUES ('523', '菜单管理', '3', 'com.ruoyi.web.controller.system.SysMenuController.remove()', 'GET', '1', 'admin', '研发部门', '/system/menu/remove/2031', '127.0.0.1', '内网IP', '{ }', '{\r\n  \"msg\" : \"操作成功\",\r\n  \"code\" : 0\r\n}', '0', null, '2020-03-22 16:44:03');
INSERT INTO `sys_oper_log` VALUES ('524', '菜单管理', '3', 'com.ruoyi.web.controller.system.SysMenuController.remove()', 'GET', '1', 'admin', '研发部门', '/system/menu/remove/2032', '127.0.0.1', '内网IP', '{ }', '{\r\n  \"msg\" : \"操作成功\",\r\n  \"code\" : 0\r\n}', '0', null, '2020-03-22 16:44:11');
INSERT INTO `sys_oper_log` VALUES ('525', '菜单管理', '3', 'com.ruoyi.web.controller.system.SysMenuController.remove()', 'GET', '1', 'admin', '研发部门', '/system/menu/remove/2033', '127.0.0.1', '内网IP', '{ }', '{\r\n  \"msg\" : \"操作成功\",\r\n  \"code\" : 0\r\n}', '0', null, '2020-03-22 16:44:18');
INSERT INTO `sys_oper_log` VALUES ('526', '菜单管理', '3', 'com.ruoyi.web.controller.system.SysMenuController.remove()', 'GET', '1', 'admin', '研发部门', '/system/menu/remove/2034', '127.0.0.1', '内网IP', '{ }', '{\r\n  \"msg\" : \"操作成功\",\r\n  \"code\" : 0\r\n}', '0', null, '2020-03-22 16:44:26');
INSERT INTO `sys_oper_log` VALUES ('527', '菜单管理', '3', 'com.ruoyi.web.controller.system.SysMenuController.remove()', 'GET', '1', 'admin', '研发部门', '/system/menu/remove/2030', '127.0.0.1', '内网IP', '{ }', '{\r\n  \"msg\" : \"操作成功\",\r\n  \"code\" : 0\r\n}', '0', null, '2020-03-22 16:44:37');
INSERT INTO `sys_oper_log` VALUES ('528', '菜单管理', '3', 'com.ruoyi.web.controller.system.SysMenuController.remove()', 'GET', '1', 'admin', '研发部门', '/system/menu/remove/2036', '127.0.0.1', '内网IP', '{ }', '{\r\n  \"msg\" : \"操作成功\",\r\n  \"code\" : 0\r\n}', '0', null, '2020-03-22 16:44:45');
INSERT INTO `sys_oper_log` VALUES ('529', '菜单管理', '3', 'com.ruoyi.web.controller.system.SysMenuController.remove()', 'GET', '1', 'admin', '研发部门', '/system/menu/remove/2035', '127.0.0.1', '内网IP', '{ }', '{\r\n  \"msg\" : \"操作成功\",\r\n  \"code\" : 0\r\n}', '0', null, '2020-03-22 16:44:51');
INSERT INTO `sys_oper_log` VALUES ('530', '菜单管理', '3', 'com.ruoyi.web.controller.system.SysMenuController.remove()', 'GET', '1', 'admin', '研发部门', '/system/menu/remove/2038', '127.0.0.1', '内网IP', '{ }', '{\r\n  \"msg\" : \"操作成功\",\r\n  \"code\" : 0\r\n}', '0', null, '2020-03-22 16:44:58');
INSERT INTO `sys_oper_log` VALUES ('531', '菜单管理', '3', 'com.ruoyi.web.controller.system.SysMenuController.remove()', 'GET', '1', 'admin', '研发部门', '/system/menu/remove/2037', '127.0.0.1', '内网IP', '{ }', '{\r\n  \"msg\" : \"操作成功\",\r\n  \"code\" : 0\r\n}', '0', null, '2020-03-22 16:45:04');
INSERT INTO `sys_oper_log` VALUES ('532', '菜单管理', '3', 'com.ruoyi.web.controller.system.SysMenuController.remove()', 'GET', '1', 'admin', '研发部门', '/system/menu/remove/2029', '127.0.0.1', '内网IP', '{ }', '{\r\n  \"msg\" : \"操作成功\",\r\n  \"code\" : 0\r\n}', '0', null, '2020-03-22 16:45:11');
INSERT INTO `sys_oper_log` VALUES ('533', '菜单管理', '3', 'com.ruoyi.web.controller.system.SysMenuController.remove()', 'GET', '1', 'admin', '研发部门', '/system/menu/remove/2044', '127.0.0.1', '内网IP', '{ }', '{\r\n  \"msg\" : \"操作成功\",\r\n  \"code\" : 0\r\n}', '0', null, '2020-03-22 16:45:23');
INSERT INTO `sys_oper_log` VALUES ('534', '菜单管理', '3', 'com.ruoyi.web.controller.system.SysMenuController.remove()', 'GET', '1', 'admin', '研发部门', '/system/menu/remove/2040', '127.0.0.1', '内网IP', '{ }', '{\r\n  \"msg\" : \"操作成功\",\r\n  \"code\" : 0\r\n}', '0', null, '2020-03-22 16:45:30');
INSERT INTO `sys_oper_log` VALUES ('535', '菜单管理', '3', 'com.ruoyi.web.controller.system.SysMenuController.remove()', 'GET', '1', 'admin', '研发部门', '/system/menu/remove/2039', '127.0.0.1', '内网IP', '{ }', '{\r\n  \"msg\" : \"操作成功\",\r\n  \"code\" : 0\r\n}', '0', null, '2020-03-22 16:45:39');
INSERT INTO `sys_oper_log` VALUES ('536', '菜单管理', '3', 'com.ruoyi.web.controller.system.SysMenuController.remove()', 'GET', '1', 'admin', '研发部门', '/system/menu/remove/2045', '127.0.0.1', '内网IP', '{ }', '{\r\n  \"msg\" : \"操作成功\",\r\n  \"code\" : 0\r\n}', '0', null, '2020-03-22 16:45:46');
INSERT INTO `sys_oper_log` VALUES ('537', '菜单管理', '2', 'com.ruoyi.web.controller.system.SysMenuController.editSave()', 'POST', '1', 'admin', '研发部门', '/system/menu/edit', '127.0.0.1', '内网IP', '{\r\n  \"menuId\" : [ \"2061\" ],\r\n  \"parentId\" : [ \"2017\" ],\r\n  \"menuType\" : [ \"C\" ],\r\n  \"menuName\" : [ \"请假demo\" ],\r\n  \"url\" : [ \"/leavedemo/leavedemo\" ],\r\n  \"target\" : [ \"menuItem\" ],\r\n  \"perms\" : [ \"leavedemo:leavedemo:view\" ],\r\n  \"orderNum\" : [ \"1\" ],\r\n  \"icon\" : [ \"#\" ],\r\n  \"visible\" : [ \"0\" ]\r\n}', '{\r\n  \"msg\" : \"操作成功\",\r\n  \"code\" : 0\r\n}', '0', null, '2020-03-22 16:45:55');
INSERT INTO `sys_oper_log` VALUES ('538', '菜单管理', '2', 'com.ruoyi.web.controller.system.SysMenuController.editSave()', 'POST', '1', 'admin', '研发部门', '/system/menu/edit', '127.0.0.1', '内网IP', '{\r\n  \"menuId\" : [ \"2067\" ],\r\n  \"parentId\" : [ \"2017\" ],\r\n  \"menuType\" : [ \"C\" ],\r\n  \"menuName\" : [ \"请假待办\" ],\r\n  \"url\" : [ \"/leavedemo/leavedemo/waitview\" ],\r\n  \"target\" : [ \"menuItem\" ],\r\n  \"perms\" : [ \"leavedemo:leavedemo:waitview\" ],\r\n  \"orderNum\" : [ \"2\" ],\r\n  \"icon\" : [ \"fa fa-anchor\" ],\r\n  \"visible\" : [ \"0\" ]\r\n}', '{\r\n  \"msg\" : \"操作成功\",\r\n  \"code\" : 0\r\n}', '0', null, '2020-03-22 16:46:04');
INSERT INTO `sys_oper_log` VALUES ('539', '流程挂起/激活', '0', 'com.ruoyi.process.definition.controller.ProcessDefinitionController.updateState()', 'GET', '1', 'admin', '研发部门', '/process/definition/processUp/QJLC:1:17504/2', '127.0.0.1', '内网IP', '{ }', '{\r\n  \"msg\" : \"操作成功\",\r\n  \"code\" : 0\r\n}', '0', null, '2020-03-22 16:47:25');
INSERT INTO `sys_oper_log` VALUES ('540', '流程设置', '4', 'com.ruoyi.process.definition.controller.ProcessDefinitionController.modelList()', 'GET', '1', 'admin', '研发部门', '/process/definition/processView/QJLC:1:17504', '127.0.0.1', '内网IP', '{ }', '\"process/definition/processView\"', '0', null, '2020-03-22 16:47:27');
INSERT INTO `sys_oper_log` VALUES ('541', '个人信息', '2', 'com.ruoyi.web.controller.system.SysProfileController.update()', 'POST', '1', 'admin', '研发部门', '/system/user/profile/update', '127.0.0.1', '内网IP', '{\r\n  \"id\" : [ \"\" ],\r\n  \"userName\" : [ \"超级管理员\" ],\r\n  \"phonenumber\" : [ \"15888888888\" ],\r\n  \"email\" : [ \"ry@163.com\" ],\r\n  \"sex\" : [ \"0\" ]\r\n}', '{\r\n  \"msg\" : \"操作成功\",\r\n  \"code\" : 0\r\n}', '0', null, '2020-03-22 16:50:56');

-- ----------------------------
-- Table structure for sys_post
-- ----------------------------
DROP TABLE IF EXISTS `sys_post`;
CREATE TABLE `sys_post` (
  `post_id` bigint(20) NOT NULL AUTO_INCREMENT COMMENT '岗位ID',
  `post_code` varchar(64) NOT NULL COMMENT '岗位编码',
  `post_name` varchar(50) NOT NULL COMMENT '岗位名称',
  `post_sort` int(4) NOT NULL COMMENT '显示顺序',
  `status` char(1) NOT NULL COMMENT '状态（0正常 1停用）',
  `create_by` varchar(64) DEFAULT '' COMMENT '创建者',
  `create_time` datetime DEFAULT NULL COMMENT '创建时间',
  `update_by` varchar(64) DEFAULT '' COMMENT '更新者',
  `update_time` datetime DEFAULT NULL COMMENT '更新时间',
  `remark` varchar(500) DEFAULT NULL COMMENT '备注',
  PRIMARY KEY (`post_id`)
) ENGINE=InnoDB AUTO_INCREMENT=5 DEFAULT CHARSET=utf8 COMMENT='岗位信息表';

-- ----------------------------
-- Records of sys_post
-- ----------------------------
INSERT INTO `sys_post` VALUES ('1', 'ceo', '董事长', '1', '0', 'admin', '2018-03-16 11:33:00', 'ry', '2018-03-16 11:33:00', '');
INSERT INTO `sys_post` VALUES ('2', 'se', '项目经理', '2', '0', 'admin', '2018-03-16 11:33:00', 'ry', '2018-03-16 11:33:00', '');
INSERT INTO `sys_post` VALUES ('3', 'hr', '人力资源', '3', '0', 'admin', '2018-03-16 11:33:00', 'ry', '2018-03-16 11:33:00', '');
INSERT INTO `sys_post` VALUES ('4', 'user', '普通员工', '4', '0', 'admin', '2018-03-16 11:33:00', 'ry', '2018-03-16 11:33:00', '');

-- ----------------------------
-- Table structure for sys_role
-- ----------------------------
DROP TABLE IF EXISTS `sys_role`;
CREATE TABLE `sys_role` (
  `role_id` bigint(20) NOT NULL AUTO_INCREMENT COMMENT '角色ID',
  `role_name` varchar(30) NOT NULL COMMENT '角色名称',
  `role_key` varchar(100) NOT NULL COMMENT '角色权限字符串',
  `role_sort` int(4) NOT NULL COMMENT '显示顺序',
  `data_scope` char(1) DEFAULT '1' COMMENT '数据范围（1：全部数据权限 2：自定数据权限 3：本部门数据权限 4：本部门及以下数据权限）',
  `status` char(1) NOT NULL COMMENT '角色状态（0正常 1停用）',
  `del_flag` char(1) DEFAULT '0' COMMENT '删除标志（0代表存在 2代表删除）',
  `create_by` varchar(64) DEFAULT '' COMMENT '创建者',
  `create_time` datetime DEFAULT NULL COMMENT '创建时间',
  `update_by` varchar(64) DEFAULT '' COMMENT '更新者',
  `update_time` datetime DEFAULT NULL COMMENT '更新时间',
  `remark` varchar(500) DEFAULT NULL COMMENT '备注',
  PRIMARY KEY (`role_id`)
) ENGINE=InnoDB AUTO_INCREMENT=103 DEFAULT CHARSET=utf8 COMMENT='角色信息表';

-- ----------------------------
-- Records of sys_role
-- ----------------------------
INSERT INTO `sys_role` VALUES ('1', '管理员', 'admin', '1', '1', '0', '0', 'admin', '2018-03-16 11:33:00', 'admin', '2020-03-22 16:19:58', '管理员');
INSERT INTO `sys_role` VALUES ('2', '普通角色', 'common', '2', '3', '0', '0', 'admin', '2018-03-16 11:33:00', 'admin', '2020-03-22 16:20:32', '普通角色');
INSERT INTO `sys_role` VALUES ('100', '部门领导', 'deptLeader', '3', '2', '0', '2', 'admin', '2020-02-27 19:37:37', 'admin', '2020-03-17 20:56:39', '请假流程测试角色 -> 流程用户组');
INSERT INTO `sys_role` VALUES ('101', '人事', 'hr', '4', '1', '0', '2', 'admin', '2020-02-27 19:38:41', '', null, '请假流程测试角色 -> 流程用户组');
INSERT INTO `sys_role` VALUES ('102', '流程角色', 'processRole', '5', '2', '0', '2', 'admin', '2020-02-28 21:31:15', 'admin', '2020-03-17 20:56:32', '');

-- ----------------------------
-- Table structure for sys_role_dept
-- ----------------------------
DROP TABLE IF EXISTS `sys_role_dept`;
CREATE TABLE `sys_role_dept` (
  `role_id` bigint(20) NOT NULL COMMENT '角色ID',
  `dept_id` bigint(20) NOT NULL COMMENT '部门ID',
  PRIMARY KEY (`role_id`,`dept_id`)
) ENGINE=InnoDB DEFAULT CHARSET=utf8 COMMENT='角色和部门关联表';

-- ----------------------------
-- Records of sys_role_dept
-- ----------------------------

-- ----------------------------
-- Table structure for sys_role_menu
-- ----------------------------
DROP TABLE IF EXISTS `sys_role_menu`;
CREATE TABLE `sys_role_menu` (
  `role_id` bigint(20) NOT NULL COMMENT '角色ID',
  `menu_id` bigint(20) NOT NULL COMMENT '菜单ID',
  PRIMARY KEY (`role_id`,`menu_id`)
) ENGINE=InnoDB DEFAULT CHARSET=utf8 COMMENT='角色和菜单关联表';

-- ----------------------------
-- Records of sys_role_menu
-- ----------------------------
INSERT INTO `sys_role_menu` VALUES ('1', '1');
INSERT INTO `sys_role_menu` VALUES ('1', '2');
INSERT INTO `sys_role_menu` VALUES ('1', '3');
INSERT INTO `sys_role_menu` VALUES ('1', '100');
INSERT INTO `sys_role_menu` VALUES ('1', '101');
INSERT INTO `sys_role_menu` VALUES ('1', '102');
INSERT INTO `sys_role_menu` VALUES ('1', '103');
INSERT INTO `sys_role_menu` VALUES ('1', '104');
INSERT INTO `sys_role_menu` VALUES ('1', '105');
INSERT INTO `sys_role_menu` VALUES ('1', '106');
INSERT INTO `sys_role_menu` VALUES ('1', '107');
INSERT INTO `sys_role_menu` VALUES ('1', '108');
INSERT INTO `sys_role_menu` VALUES ('1', '109');
INSERT INTO `sys_role_menu` VALUES ('1', '110');
INSERT INTO `sys_role_menu` VALUES ('1', '111');
INSERT INTO `sys_role_menu` VALUES ('1', '112');
INSERT INTO `sys_role_menu` VALUES ('1', '113');
INSERT INTO `sys_role_menu` VALUES ('1', '114');
INSERT INTO `sys_role_menu` VALUES ('1', '115');
INSERT INTO `sys_role_menu` VALUES ('1', '500');
INSERT INTO `sys_role_menu` VALUES ('1', '501');
INSERT INTO `sys_role_menu` VALUES ('1', '1000');
INSERT INTO `sys_role_menu` VALUES ('1', '1001');
INSERT INTO `sys_role_menu` VALUES ('1', '1002');
INSERT INTO `sys_role_menu` VALUES ('1', '1003');
INSERT INTO `sys_role_menu` VALUES ('1', '1004');
INSERT INTO `sys_role_menu` VALUES ('1', '1005');
INSERT INTO `sys_role_menu` VALUES ('1', '1006');
INSERT INTO `sys_role_menu` VALUES ('1', '1007');
INSERT INTO `sys_role_menu` VALUES ('1', '1008');
INSERT INTO `sys_role_menu` VALUES ('1', '1009');
INSERT INTO `sys_role_menu` VALUES ('1', '1010');
INSERT INTO `sys_role_menu` VALUES ('1', '1011');
INSERT INTO `sys_role_menu` VALUES ('1', '1012');
INSERT INTO `sys_role_menu` VALUES ('1', '1013');
INSERT INTO `sys_role_menu` VALUES ('1', '1014');
INSERT INTO `sys_role_menu` VALUES ('1', '1015');
INSERT INTO `sys_role_menu` VALUES ('1', '1016');
INSERT INTO `sys_role_menu` VALUES ('1', '1017');
INSERT INTO `sys_role_menu` VALUES ('1', '1018');
INSERT INTO `sys_role_menu` VALUES ('1', '1019');
INSERT INTO `sys_role_menu` VALUES ('1', '1020');
INSERT INTO `sys_role_menu` VALUES ('1', '1021');
INSERT INTO `sys_role_menu` VALUES ('1', '1022');
INSERT INTO `sys_role_menu` VALUES ('1', '1023');
INSERT INTO `sys_role_menu` VALUES ('1', '1024');
INSERT INTO `sys_role_menu` VALUES ('1', '1025');
INSERT INTO `sys_role_menu` VALUES ('1', '1026');
INSERT INTO `sys_role_menu` VALUES ('1', '1027');
INSERT INTO `sys_role_menu` VALUES ('1', '1028');
INSERT INTO `sys_role_menu` VALUES ('1', '1029');
INSERT INTO `sys_role_menu` VALUES ('1', '1030');
INSERT INTO `sys_role_menu` VALUES ('1', '1031');
INSERT INTO `sys_role_menu` VALUES ('1', '1032');
INSERT INTO `sys_role_menu` VALUES ('1', '1033');
INSERT INTO `sys_role_menu` VALUES ('1', '1034');
INSERT INTO `sys_role_menu` VALUES ('1', '1035');
INSERT INTO `sys_role_menu` VALUES ('1', '1036');
INSERT INTO `sys_role_menu` VALUES ('1', '1037');
INSERT INTO `sys_role_menu` VALUES ('1', '1038');
INSERT INTO `sys_role_menu` VALUES ('1', '1039');
INSERT INTO `sys_role_menu` VALUES ('1', '1040');
INSERT INTO `sys_role_menu` VALUES ('1', '1041');
INSERT INTO `sys_role_menu` VALUES ('1', '1042');
INSERT INTO `sys_role_menu` VALUES ('1', '1043');
INSERT INTO `sys_role_menu` VALUES ('1', '1044');
INSERT INTO `sys_role_menu` VALUES ('1', '1045');
INSERT INTO `sys_role_menu` VALUES ('1', '1046');
INSERT INTO `sys_role_menu` VALUES ('1', '1047');
INSERT INTO `sys_role_menu` VALUES ('1', '1048');
INSERT INTO `sys_role_menu` VALUES ('1', '1049');
INSERT INTO `sys_role_menu` VALUES ('1', '1050');
INSERT INTO `sys_role_menu` VALUES ('1', '1051');
INSERT INTO `sys_role_menu` VALUES ('1', '1052');
INSERT INTO `sys_role_menu` VALUES ('1', '1053');
INSERT INTO `sys_role_menu` VALUES ('1', '1054');
INSERT INTO `sys_role_menu` VALUES ('1', '1055');
INSERT INTO `sys_role_menu` VALUES ('1', '1056');
INSERT INTO `sys_role_menu` VALUES ('1', '1057');
INSERT INTO `sys_role_menu` VALUES ('1', '1058');
INSERT INTO `sys_role_menu` VALUES ('1', '1059');
INSERT INTO `sys_role_menu` VALUES ('1', '1060');
INSERT INTO `sys_role_menu` VALUES ('1', '2000');
INSERT INTO `sys_role_menu` VALUES ('1', '2001');
INSERT INTO `sys_role_menu` VALUES ('1', '2002');
INSERT INTO `sys_role_menu` VALUES ('1', '2017');
INSERT INTO `sys_role_menu` VALUES ('1', '2049');
INSERT INTO `sys_role_menu` VALUES ('1', '2061');
INSERT INTO `sys_role_menu` VALUES ('1', '2062');
INSERT INTO `sys_role_menu` VALUES ('1', '2063');
INSERT INTO `sys_role_menu` VALUES ('1', '2064');
INSERT INTO `sys_role_menu` VALUES ('1', '2065');
INSERT INTO `sys_role_menu` VALUES ('1', '2066');
INSERT INTO `sys_role_menu` VALUES ('1', '2067');

-- ----------------------------
-- Table structure for sys_user
-- ----------------------------
DROP TABLE IF EXISTS `sys_user`;
CREATE TABLE `sys_user` (
  `user_id` bigint(20) NOT NULL AUTO_INCREMENT COMMENT '用户ID',
  `dept_id` bigint(20) DEFAULT NULL COMMENT '部门ID',
  `login_name` varchar(30) NOT NULL COMMENT '登录账号',
  `user_name` varchar(30) NOT NULL COMMENT '用户昵称',
  `user_type` varchar(2) DEFAULT '00' COMMENT '用户类型（00系统用户）',
  `email` varchar(50) DEFAULT '' COMMENT '用户邮箱',
  `phonenumber` varchar(11) DEFAULT '' COMMENT '手机号码',
  `sex` char(1) DEFAULT '0' COMMENT '用户性别（0男 1女 2未知）',
  `avatar` varchar(100) DEFAULT '' COMMENT '头像路径',
  `password` varchar(50) DEFAULT '' COMMENT '密码',
  `salt` varchar(20) DEFAULT '' COMMENT '盐加密',
  `status` char(1) DEFAULT '0' COMMENT '帐号状态（0正常 1停用）',
  `del_flag` char(1) DEFAULT '0' COMMENT '删除标志（0代表存在 2代表删除）',
  `login_ip` varchar(50) DEFAULT '' COMMENT '最后登陆IP',
  `login_date` datetime DEFAULT NULL COMMENT '最后登陆时间',
  `create_by` varchar(64) DEFAULT '' COMMENT '创建者',
  `create_time` datetime DEFAULT NULL COMMENT '创建时间',
  `update_by` varchar(64) DEFAULT '' COMMENT '更新者',
  `update_time` datetime DEFAULT NULL COMMENT '更新时间',
  `remark` varchar(500) DEFAULT NULL COMMENT '备注',
  PRIMARY KEY (`user_id`)
) ENGINE=InnoDB AUTO_INCREMENT=103 DEFAULT CHARSET=utf8 COMMENT='用户信息表';

-- ----------------------------
-- Records of sys_user
-- ----------------------------
INSERT INTO `sys_user` VALUES ('1', '103', 'admin', '超级管理员', '00', 'ry@163.com', '15888888888', '0', '/profile/avatar/2020/03/21/cbafb70d0c6f324f065b2df4b3c135b8.png', '29c67a30398638269fe600f73a054934', '111111', '0', '0', '127.0.0.1', '2020-03-22 11:24:37', 'admin', '2018-03-16 11:33:00', 'ry', '2020-03-22 16:50:56', '管理员');
INSERT INTO `sys_user` VALUES ('2', '105', 'ry', '若依', '00', 'ry@qq.com', '15666666666', '1', '', '8e6d98b90472783cc73c17047ddccf36', '222222', '0', '0', '127.0.0.1', '2020-03-14 20:55:40', 'admin', '2018-03-16 11:33:00', 'admin', '2020-03-22 16:31:24', '测试员');
INSERT INTO `sys_user` VALUES ('100', '105', 'chengxy', '程序猿', '00', '110@gmail.com', '13000000000', '0', '', '83eaa9a017db80e771b9b78ee8319aab', '0093f2', '0', '0', '127.0.0.1', '2020-03-08 20:03:50', 'admin', '2020-02-27 19:43:45', '', '2020-03-18 22:15:12', '注意该用户暂时没有分配角色（即没有分配到流程用户组）');
INSERT INTO `sys_user` VALUES ('101', '105', 'axianlu', '一只闲鹿', '00', '114@gmail.com', '13000000001', '0', '', '0420ce8032acfdc7ba5d59f1bc3f01e5', '309e5c', '0', '0', '127.0.0.1', '2020-03-08 20:05:22', 'admin', '2020-02-27 19:45:15', '', '2020-03-22 16:26:35', null);
INSERT INTO `sys_user` VALUES ('102', '105', 'rensm', '人事喵', '00', '115@gmail.com', '13000000002', '1', '/profile/avatar/2020/03/21/6fb92b63a01b446aaef0ee91edf633a5.png', '63e586cd5426e2fd30c48905cdf7bcfe', 'e12d1b', '0', '0', '127.0.0.1', '2020-03-21 22:59:43', 'admin', '2020-02-27 19:46:20', 'admin', '2020-03-22 16:31:02', '');

-- ----------------------------
-- Table structure for sys_user_online
-- ----------------------------
DROP TABLE IF EXISTS `sys_user_online`;
CREATE TABLE `sys_user_online` (
  `sessionId` varchar(50) NOT NULL DEFAULT '' COMMENT '用户会话id',
  `login_name` varchar(50) DEFAULT '' COMMENT '登录账号',
  `dept_name` varchar(50) DEFAULT '' COMMENT '部门名称',
  `ipaddr` varchar(50) DEFAULT '' COMMENT '登录IP地址',
  `login_location` varchar(255) DEFAULT '' COMMENT '登录地点',
  `browser` varchar(50) DEFAULT '' COMMENT '浏览器类型',
  `os` varchar(50) DEFAULT '' COMMENT '操作系统',
  `status` varchar(10) DEFAULT '' COMMENT '在线状态on_line在线off_line离线',
  `start_timestamp` datetime DEFAULT NULL COMMENT 'session创建时间',
  `last_access_time` datetime DEFAULT NULL COMMENT 'session最后访问时间',
  `expire_time` int(5) DEFAULT '0' COMMENT '超时时间，单位为分钟',
  PRIMARY KEY (`sessionId`)
) ENGINE=InnoDB DEFAULT CHARSET=utf8 COMMENT='在线用户记录';

-- ----------------------------
-- Records of sys_user_online
-- ----------------------------
INSERT INTO `sys_user_online` VALUES ('6976512c-c379-4d20-a15d-6c8c3598080e', 'admin', '研发部门', '127.0.0.1', '内网IP', 'Chrome 8', 'Windows 10', 'on_line', '2020-03-22 14:54:59', '2020-03-22 16:52:45', '1800000');

-- ----------------------------
-- Table structure for sys_user_post
-- ----------------------------
DROP TABLE IF EXISTS `sys_user_post`;
CREATE TABLE `sys_user_post` (
  `user_id` bigint(20) NOT NULL COMMENT '用户ID',
  `post_id` bigint(20) NOT NULL COMMENT '岗位ID',
  PRIMARY KEY (`user_id`,`post_id`)
) ENGINE=InnoDB DEFAULT CHARSET=utf8 COMMENT='用户与岗位关联表';

-- ----------------------------
-- Records of sys_user_post
-- ----------------------------
INSERT INTO `sys_user_post` VALUES ('1', '1');

-- ----------------------------
-- Table structure for sys_user_role
-- ----------------------------
DROP TABLE IF EXISTS `sys_user_role`;
CREATE TABLE `sys_user_role` (
  `user_id` bigint(20) NOT NULL COMMENT '用户ID',
  `role_id` bigint(20) NOT NULL COMMENT '角色ID',
  PRIMARY KEY (`user_id`,`role_id`)
) ENGINE=InnoDB DEFAULT CHARSET=utf8 COMMENT='用户和角色关联表';

-- ----------------------------
-- Records of sys_user_role
-- ----------------------------
INSERT INTO `sys_user_role` VALUES ('1', '1');

-- ----------------------------
-- Table structure for task_assign
-- ----------------------------
DROP TABLE IF EXISTS `task_assign`;
CREATE TABLE `task_assign` (
  `user_task` varchar(255) NOT NULL COMMENT '任务流程节点id',
  `assign_id` varchar(30) NOT NULL COMMENT '被设置者ID（角色或用户）',
  `data_type` varchar(10) NOT NULL COMMENT '角色/用户（01：角色  ，02 ：用户）',
  `processkey` varchar(30) NOT NULL COMMENT '流程key'
) ENGINE=InnoDB DEFAULT CHARSET=utf8;

-- ----------------------------
-- Records of task_assign
-- ----------------------------
INSERT INTO `task_assign` VALUES ('RSSH', '1', '01', 'QJLC');
INSERT INTO `task_assign` VALUES ('endTask', '1', '01', 'QJLC');

-- ----------------------------
-- View structure for v_tasklist
-- ----------------------------
DROP VIEW IF EXISTS `v_tasklist`;
CREATE ALGORITHM=UNDEFINED DEFINER=`db_user`@`localhost` SQL SECURITY DEFINER VIEW `v_tasklist` AS select `a`.`ID_` AS `TASK_ID`,`a`.`PROC_INST_ID_` AS `PROC_INST_ID`,`a`.`TASK_DEF_KEY_` AS `ACT_ID`,`a`.`NAME_` AS `ACT_NAME`,`a`.`ASSIGNEE_` AS `ASSIGNEE`,`a`.`DELEGATION_` AS `DELEGATION_ID`,`a`.`DESCRIPTION_` AS `DESCRIPTION`,`a`.`CREATE_TIME_` AS `CREATE_TIME`,`a`.`DUE_DATE_` AS `DUE_DATE`,`i`.`USER_ID` AS `CANDIDATE` from (`act_ru_task` `a` left join `v_usertask` `i` on((`a`.`ID_` = `i`.`TASK_ID_`))) ;

-- ----------------------------
-- View structure for v_usertask
-- ----------------------------
DROP VIEW IF EXISTS `v_usertask`;
CREATE ALGORITHM=UNDEFINED DEFINER=`db_user`@`localhost` SQL SECURITY DEFINER VIEW `v_usertask` AS select `i`.`TASK_ID_` AS `TASK_ID_`,`i`.`USER_ID_` AS `USER_ID` from (`act_ru_identitylink` `i` join `act_ru_task` `t`) where ((`i`.`TASK_ID_` is not null) and (`i`.`USER_ID_` is not null) and (`i`.`TASK_ID_` = `t`.`ID_`) and isnull(`t`.`ASSIGNEE_`) and (`i`.`TYPE_` = 'candidate')) union select `i`.`TASK_ID_` AS `TASK_ID_`,`r`.`user_id` AS `USER_ID` from ((`act_ru_identitylink` `i` join `sys_user_role` `r`) join `act_ru_task` `t`) where ((`i`.`TASK_ID_` is not null) and (`i`.`GROUP_ID_` is not null) and (`i`.`TASK_ID_` = `t`.`ID_`) and isnull(`t`.`ASSIGNEE_`) and (`i`.`TYPE_` = 'candidate') and (`i`.`GROUP_ID_` = `r`.`role_id`)) ;
